sample_id,audio_file,hive_id,varroa_measurement,varroa_label,segment_index,segment_start_sec,segment_end_sec,mfcc_1_mean,mfcc_1_std,mfcc_2_mean,mfcc_2_std,mfcc_3_mean,mfcc_3_std,mfcc_4_mean,mfcc_4_std,mfcc_5_mean,mfcc_5_std,mfcc_6_mean,mfcc_6_std,mfcc_7_mean,mfcc_7_std,mfcc_8_mean,mfcc_8_std,mfcc_9_mean,mfcc_9_std,mfcc_10_mean,mfcc_10_std,mfcc_11_mean,mfcc_11_std,mfcc_12_mean,mfcc_12_std,mfcc_13_mean,mfcc_13_std
3628_20220826_1030,26-08-2022_10h30_HIVE-3628.wav,3628,16.0,HIGH,0,0.0,2.0,-598.2262145527017,144.1290886734329,77.12232441591878,15.998197198229132,13.9523001597294,6.7409118094438245,59.021492196978755,11.793001895318962,13.927952225948607,6.424423095483446,9.716680947514018,6.24863106119663,3.992805538425571,5.256015190840673,21.877597493291155,5.508218142485934,0.9001049263168358,5.749132998361959,-3.857386237579709,4.297918981399051,-3.679412334634451,5.045883413180167,18.883841355244698,5.524022219927762,-15.064043543416428,5.838110041240525
3628_20220826_1030,26-08-2022_10h30_HIVE-3628.wav,3628,16.0,HIGH,1,2.0,4.0,-595.9953902576615,143.92467751072033,77.08541440209358,15.51187336362528,14.589554192557774,7.036516197439536,58.2254690902432,11.84048396184798,11.932162799722647,7.039117732425083,10.808149403544482,6.795220027993759,3.3911471660969372,5.401100612681373,19.53162771845467,6.009407560848535,1.230653985645704,5.118180990004663,-5.80007085480703,5.1649261861085645,-5.274085766197099,4.573506504950391,16.484703941225934,5.599379783080132,-16.958981375326026,5.9359436948645685
3628_20220826_1030,26-08-2022_10h30_HIVE-3628.wav,3628,16.0,HIGH,2,4.0,6.0,-592.8390626546828,149.14362270786455,76.14228100175156,15.153531580360694,12.411767572265166,9.464670540169648,60.2828303785411,12.055798884252189,11.565065906669354,6.525289057744094,8.835005398295722,5.1892333991174,3.5845645941001223,5.287580922072178,20.538293887794314,5.980944796586442,0.02157466500264046,4.815740383476419,-5.531324285826529,5.162414128844094,-5.842000959417616,4.524606456472043,17.35743270196397,6.3371630594583905,-17.047969510603277,5.66234771132341
3628_20220826_1030,26-08-2022_10h30_HIVE-3628.wav,3628,16.0,HIGH,3,6.0,8.0,-590.469868278784,149.65630762703572,75.47948744282093,15.070208893448017,12.497878550582048,7.5631524590805475,60.3126699090338,12.374456315125386,9.404998014314314,6.863420556386421,8.03815051856974,5.762426979130234,1.4095548020770712,5.052219215824953,19.294413267321467,5.899619123448054,1.1950938834324323,5.2167912935724345,-6.403880748738043,5.125624110062444,-5.407855073517974,4.586681680734077,18.64164581360988,6.512139798156576,-16.61051768106967,6.068315385850985
3628_20220826_1030,26-08-2022_10h30_HIVE-3628.wav,3628,16.0,HIGH,4,8.0,10.0,-588.7717965228527,149.08015279325838,72.8312924817542,15.538209800507694,12.320404518433378,7.1140448116882276,60.11170179670775,12.176606177325553,10.234310979265066,7.14152028789282,8.980616543674678,5.499924622469791,2.714718807184352,4.43064741330478,18.732240162588905,5.955886496672679,0.8719576253680615,5.57656212820388,-5.195690355940164,3.7559499007544326,-5.615689857723036,4.986826326580661,20.31632769614604,6.050034619524042,-16.482592792705997,4.975514231853118
3628_20220826_1030,26-08-2022_10h30_HIVE-3628.wav,3628,16.0,HIGH,5,10.0,12.0,-594.5504577590078,147.9561760514105,76.61027034608036,15.661430892332275,13.411461322600687,7.0439750736842655,58.565020066508765,12.801117355796878,9.815383536762345,6.28252134633851,9.346671544708784,5.7349133444808365,1.4967330952252764,4.7335295775358155,19.153937650561456,6.53341767150171,0.6342235783340759,5.062226624689936,-5.298137747755535,5.060321059023197,-5.100810378158191,4.757521709268832,18.958174653196423,5.490308767781799,-16.350951137751686,5.756378332062578
3628_20220826_1030,26-08-2022_10h30_HIVE-3628.wav,3628,16.0,HIGH,6,12.0,14.0,-589.4036519795698,145.68260147859525,74.4870545756817,15.151122598499283,11.72827548076489,6.921151248383996,60.19839130514455,11.854871669992228,9.887527159757537,6.869803295322231,9.174715444134275,6.220034790075279,2.3143716205188096,4.845108011419131,19.035904335886777,5.896011702872051,0.3639633474060023,4.875980130011569,-4.910680461093935,5.292339308372507,-4.306228011308884,5.131750420319192,20.35958468045768,6.074967035687356,-15.971544246346232,5.3587113017167205
3628_20220826_1030,26-08-2022_10h30_HIVE-3628.wav,3628,16.0,HIGH,7,14.0,16.0,-589.8431213114939,144.40080332609523,75.28590229901167,18.189085158547524,13.687937235357113,7.626944664091746,56.64832449808833,12.546168454267516,11.419574811017322,5.488194108032168,7.88994658376356,6.329925780086387,3.0085234784709156,4.062927285076435,20.07865236296523,6.578224275419514,0.5233088393917903,5.831085459078785,-5.920061995200118,5.214091873445197,-3.769636979982107,4.774364218125122,18.128632633044653,6.18227081884945,-14.671447063325688,6.4199791042503405
3628_20220826_1030,26-08-2022_10h30_HIVE-3628.wav,3628,16.0,HIGH,8,16.0,18.0,-598.846620437951,145.4044975072223,79.69582263978101,16.30455711435445,14.353916339589794,6.702022456929684,57.26130853178182,11.524914636044729,11.706237126148363,5.336802408357506,7.855568198481953,5.594343827586347,2.3954453695077618,4.6784748122800615,21.761011800028697,6.513217085080964,0.337602366696408,5.620253846709374,-5.096367225157015,5.36603837178943,-4.236027494460428,5.409695098135999,18.010840624407106,5.879272997816299,-15.98671875098157,5.153560813954817
3628_20220826_1030,26-08-2022_10h30_HIVE-3628.wav,3628,16.0,HIGH,9,18.0,20.0,-599.4713808375949,141.5285380055882,80.8701791493512,17.314379378577257,16.673585687246945,6.461218607772153,56.279841238008714,11.556621155077675,13.07208100076154,6.520585598770076,9.551045943952273,4.575481746959716,2.7676297559868814,4.228599190926628,19.043433754274524,5.518561295901125,0.27673422918213614,4.866308149917107,-3.556981282583988,4.350800620156838,-4.4373133771595255,4.8393100966312685,17.701044310796057,6.453427333708528,-14.605431164133247,4.982203382426535
3628_20220826_1030,26-08-2022_10h30_HIVE-3628.wav,3628,16.0,HIGH,10,20.0,22.0,-596.910472470139,146.39336923832508,80.8463088419325,17.647094241488748,14.762016959563237,6.647888662380631,57.33818059419707,13.83091792988404,10.279288931029292,6.687783845356412,8.38780008497562,5.719460953696716,3.32411422965293,4.667424699281682,18.801427358349358,5.86010487757457,-1.6714713000288295,4.697811846481835,-3.908770570239428,5.338449003571955,-5.79143057342344,4.4835530939848445,17.657490877573245,6.322493706579499,-15.234003155475,5.831995295790295
3628_20220826_1030,26-08-2022_10h30_HIVE-3628.wav,3628,16.0,HIGH,11,22.0,24.0,-595.613083952886,148.93974717100687,79.73226362432858,16.404944160302932,12.321745655662426,7.2885484627066734,58.0427267811278,12.398933250045305,12.15997143939088,6.006730965434873,6.3588272003317,5.148575466421415,3.0533423719936845,3.8958572088101864,22.25136992750523,6.843806600345411,0.6404952336845736,5.017430035893318,-4.498410151060025,4.536261772476245,-4.661404165543532,5.645872721180853,18.74401787374184,6.910396539851379,-15.797788082197002,5.876024387174248
3628_20220826_1030,26-08-2022_10h30_HIVE-3628.wav,3628,16.0,HIGH,12,24.0,26.0,-582.7906913138747,149.39276505664006,72.9497784036563,16.619902421977,8.74546669749102,10.754087209294433,59.365927168536444,12.757174425156355,10.549463587399426,7.890227144842759,2.8461536438424364,9.251742494087518,2.822423737334588,5.9993376103669664,23.545045360872447,7.841578247711685,2.306637926724796,5.9691725339943735,-6.656159782826613,4.95095730011859,-4.534617647700662,5.72928777598166,21.88242695452055,5.907230667160616,-17.060405344173446,6.500419848443261
3628_20220826_1030,26-08-2022_10h30_HIVE-3628.wav,3628,16.0,HIGH,13,26.0,28.0,-583.8070103231556,141.19963912803212,68.43704952718366,15.333833832924864,17.37222064979667,7.229145223578196,54.305360296751005,11.696042406414229,12.09471483846869,5.275181420322963,9.62909070182602,6.736583810279813,0.3020936756904555,6.41678432994232,21.68053549417717,7.545743392065888,0.1760697337900147,5.7377726703018554,-3.1164283294228974,5.1293667314183065,-3.786576074126583,4.7204280384742745,17.424706934317253,5.435146623264281,-16.313730264439176,5.690434758184987
3628_20220826_1030,26-08-2022_10h30_HIVE-3628.wav,3628,16.0,HIGH,14,28.0,30.0,-582.0040238390702,148.5329410619411,71.66018600824674,15.340012855547656,15.251514928897516,8.032116607946426,54.50032570203704,12.06141332398737,10.447185738023878,7.0283148221019145,12.689377585755048,5.753909280468975,-0.44355576191473656,5.54649011245769,20.053790208398446,6.782154508079846,-0.10789444817885949,4.900082846828605,-1.3666875094195365,5.9667622342992575,-3.570139827895145,4.696948382522833,17.872720598769977,5.861143840932786,-14.084853190302272,5.855408224671309
3628_20220826_1030,26-08-2022_10h30_HIVE-3628.wav,3628,16.0,HIGH,15,30.0,32.0,-583.900790231745,146.67505098850933,70.21802359026434,14.15914824281804,19.46634848692717,7.37981321145351,54.06524427785628,11.162196479150923,10.592171868926606,6.476391337865609,10.859385468927831,5.59098396793572,1.3005054217859207,4.421609485913608,21.658693249528834,6.749413533719956,0.5107343731325036,5.246981302860697,-3.992969288584626,5.092233303920404,-5.487945263392793,5.362426345450639,18.56149168643066,6.864883300518825,-15.408758289646993,5.495231439617417
3628_20220826_1030,26-08-2022_10h30_HIVE-3628.wav,3628,16.0,HIGH,16,32.0,34.0,-588.116052639134,142.74383367696637,72.52340635049782,15.599624268501575,19.529314471491688,8.244128045450958,54.940362188747855,11.996049644299319,12.19055246639477,7.606048988145599,9.287841430365908,5.798503348280544,1.9388199800370747,4.563453799972985,19.678617013673158,6.623661339884812,-0.13682350216040012,5.071206876413641,-4.619716369522989,4.127792667673553,-4.20838142190858,4.5215242574255745,18.28638763991241,6.646641585397415,-16.714838721822787,4.981181522750365
3628_20220826_1030,26-08-2022_10h30_HIVE-3628.wav,3628,16.0,HIGH,17,34.0,36.0,-591.238581648585,153.02729834659198,73.4138529275233,17.400592376729232,19.60195046692064,8.735566422224172,56.91329069734773,11.798642441532134,11.582794850143236,8.186218526973722,8.472187119140454,5.132005223250276,2.54205212066448,4.589414224189356,19.33312937439745,5.697110508957026,-0.13719979172534227,5.397187880336211,-4.953455666240365,5.151247119645954,-4.641448637135107,4.201117079885577,19.199824222891223,6.117993397785953,-18.174957932483846,5.701169959306362
3628_20220826_1030,26-08-2022_10h30_HIVE-3628.wav,3628,16.0,HIGH,18,36.0,38.0,-594.4667126122699,147.2928388587946,79.91431341330507,16.4150261449313,17.09234850876814,8.205846198180058,56.476119521435386,11.860436838625755,12.99403418783239,5.562458531052993,6.317572933681926,5.357767221391912,2.0741952051426176,4.8117910622331355,21.025810221503587,5.668235572867737,-0.3015248406319034,5.1249892372812145,-5.488439261029644,4.56235629562919,-4.843699165941116,4.531152390212483,17.087729237183858,5.547599564379441,-17.594658791837375,6.283674391969861
3628_20220826_1030,26-08-2022_10h30_HIVE-3628.wav,3628,16.0,HIGH,19,38.0,40.0,-587.5720570884121,148.8953435872249,77.49895980661216,16.51308285656582,15.709460553514512,6.663647191145279,60.20210337154583,12.949060293337638,8.381396926416052,8.27222969659,8.186261453895757,5.863394209245611,3.6267955552699456,6.562048732438427,18.521750418849308,6.352308242089788,1.495274384993874,3.9202130886499873,-6.518279114166609,4.6426786952212655,-5.867145806959559,5.523440477919112,19.695578346954658,6.343311593209133,-17.513642406605715,6.71208997367616
3628_20220826_1030,26-08-2022_10h30_HIVE-3628.wav,3628,16.0,HIGH,20,40.0,42.0,-586.77391995839,145.34204471711988,74.24693589950392,16.172911364787534,16.369087966354787,8.338080817036287,58.974664756233345,13.252993798146072,9.85713258372592,8.08521382499278,5.243323659130827,7.56356344356216,0.9481719729675048,4.029024254219322,21.413779051541034,7.6733535219329765,0.40175520355020855,6.0021964181457355,-3.782369968459998,5.338503712424484,-5.747651671488129,5.381354285264892,19.42228602380052,6.212889358668427,-15.905450623995993,5.71955220328779
3628_20220826_1030,26-08-2022_10h30_HIVE-3628.wav,3628,16.0,HIGH,21,42.0,44.0,-584.0807428304336,144.43642263766841,74.58108077804515,17.514192742575066,13.364715976743808,7.201589776977185,62.27689566562154,12.82624011815754,8.560473705431445,7.529396439469319,7.059985325873313,6.548731969960149,2.6266109836378426,5.142635533856355,19.38267654065333,7.510760286588088,2.3016987198308323,5.9548187996563,-5.7240318194244395,6.433702959993973,-5.41990820115062,5.156047652874112,20.21167449992339,6.614933333731914,-16.89756283838696,5.078814317229212
3628_20220826_1030,26-08-2022_10h30_HIVE-3628.wav,3628,16.0,HIGH,22,44.0,46.0,-581.6052963131069,147.4553284498432,78.76096428669979,16.88784404127091,16.00511798369243,8.218769853121678,57.81315361808375,12.238575479237428,10.441072082012946,6.892018303130043,9.254693951724125,6.017748445916029,3.097787358267848,4.801403111813596,19.130935392808578,5.318704564103264,1.7878785391701901,4.853352682868319,-4.397508398581652,5.330138597065166,-4.608696726741918,4.750095866039827,18.727355200768127,6.049138190052329,-16.504664058499934,5.8102518855007155
3628_20220826_1030,26-08-2022_10h30_HIVE-3628.wav,3628,16.0,HIGH,23,46.0,48.0,-582.952984181152,149.81559560796651,74.36710510860784,17.819544899564203,15.442899788109878,8.298739297632824,60.9600206540902,12.779189149744983,10.039909263489154,8.008085919778024,8.2425092025948,6.081790105673832,5.000461501085306,4.313910248002645,20.10989013854616,7.24248334989511,2.011865028416972,5.382176891492733,-6.641435626291555,5.152371063598926,-5.485022317148518,4.7987537261141,19.665718389048042,6.340934277752818,-15.728496762412732,5.782927191614709
3628_20220826_1030,26-08-2022_10h30_HIVE-3628.wav,3628,16.0,HIGH,24,48.0,50.0,-584.6837108108183,152.7786040273551,74.3320052306111,18.209925546973977,14.87948951770827,8.857241971579167,59.137936394481976,13.046749719543177,9.624201873343475,8.954800594015598,7.7190567953836,6.370064205066447,3.6967305606154275,5.101045695618279,18.630687976910163,6.494877305694363,0.48965251077980154,6.130097397957981,-5.7816255941707135,5.837489531747771,-5.637384069463955,5.259555149875744,17.940568151943125,5.764837894561451,-16.13811408740479,6.472571288731247
3628_20220826_1030,26-08-2022_10h30_HIVE-3628.wav,3628,16.0,HIGH,25,50.0,52.0,-592.0801805631623,135.978732182608,78.20081605733253,18.112318725631173,17.606715520811846,7.041452663470891,56.17591984588278,13.225664846038304,10.867754188280783,7.142493696569198,8.936003624349745,5.5985448125244215,3.4242142609840975,5.5440272528007,17.240748157125758,5.772643998170247,2.7898507282402347,3.9759432792837845,-3.976121856833601,4.718555737002068,-4.119243680620709,5.201966747753716,16.878211423038348,6.271829493929964,-14.205692138280556,7.210746436282028
3628_20220826_1030,26-08-2022_10h30_HIVE-3628.wav,3628,16.0,HIGH,26,52.0,54.0,-590.9572001090513,142.56703826225882,79.92698009366649,18.226838587939785,16.295142735832115,6.994854026360433,56.64846342269869,12.094221140967903,11.418462924385691,6.810744664538001,8.243509807053849,5.562987352013349,2.2016005540164745,4.609042228939382,20.209742234131426,6.244538041775139,0.46063072553199363,4.585745549141335,-4.461321170022931,5.807131835314251,-4.003637023853593,5.129050906559362,17.440416273327408,6.133993072345929,-16.166348724626147,4.8983741583973615
3628_20220826_1030,26-08-2022_10h30_HIVE-3628.wav,3628,16.0,HIGH,27,54.0,56.0,-591.8636014794408,142.34681155139472,79.18810673832326,17.955600206272578,16.969145743645655,6.3049222038316,56.29285944518504,12.84551231995965,10.809681032959162,6.928762240119984,8.589527750697375,6.511351783484169,1.9445423525416912,4.758767509716073,19.944569638310377,6.399542673674791,1.2603761171487962,5.466971796810528,-5.407199730052494,4.681126407296748,-4.197314806255239,4.509852919053131,18.001197064534836,6.588115878697254,-15.812844435221777,6.132929805561056
3628_20220826_1030,26-08-2022_10h30_HIVE-3628.wav,3628,16.0,HIGH,28,56.0,58.0,-593.4951240112351,145.8135264723701,81.43883189905506,17.84712676080891,15.197916035579166,6.961946038819179,56.57185694610748,12.856771256591621,9.810201794942145,6.954056803422064,7.640804458778924,5.703820821029412,3.461553099237087,4.898632754817907,20.51102406673061,6.348018536496438,1.814559367010047,5.166737243594876,-3.050216438018869,4.678654130350885,-4.318177652514504,5.37975993246643,17.079016116016245,6.218356042537538,-16.48073362517569,6.171442592939782
3628_20220826_1030,26-08-2022_10h30_HIVE-3628.wav,3628,16.0,HIGH,29,58.0,60.0,-594.2810157000438,142.47396046346046,79.47816041552858,16.971912494694305,15.250437093232856,6.178454863752261,56.229809417387926,11.904757614711452,9.273336734167001,6.133393052900321,7.518169453115307,6.114139987819199,2.2616142008483155,5.219342708526928,19.379577227630655,6.280036391480541,1.9465661432697186,4.47311551821581,-5.036401771338039,4.725965251843761,-4.8471046728552505,5.079025677376401,19.09652307873599,7.129131584733043,-15.159304632145464,5.709779118829991
3628_20220826_1030,26-08-2022_10h30_HIVE-3628.wav,3628,16.0,HIGH,30,60.0,62.0,-592.7386665309265,138.41402499585573,82.90829380389614,18.656166027640005,17.665342819523833,6.855284323746597,54.786042741619745,11.938090199259387,13.098525013225716,5.897533638418454,7.996849505819104,5.427683038008039,3.5197830239803403,4.906373938958203,21.042670573019212,6.717686744381915,1.4283308701118944,4.6552429891686575,-4.7678297022009914,4.595507786110084,-3.281119259266782,4.73097099414208,16.943139660066482,6.259650003186023,-14.864341711462101,5.958952493793705
3628_20220826_1030,26-08-2022_10h30_HIVE-3628.wav,3628,16.0,HIGH,31,62.0,64.0,-588.7659186385323,135.9537174825498,79.27786546948333,19.292752731876494,16.132748101936887,6.8083820116279306,56.33179403213611,13.76645342177509,11.167140826837088,7.306755389928486,9.125776961301233,6.159804901842827,4.640631016255724,4.6962557517485495,20.062710691998767,7.128024107150513,3.708389695244913,4.609414729183174,-5.615754189586682,5.764043326283394,-3.573375309406179,5.355215212205266,17.875611149514476,6.68081149641526,-14.127179204927232,5.866069399268525
3628_20220826_1030,26-08-2022_10h30_HIVE-3628.wav,3628,16.0,HIGH,32,64.0,66.0,-582.806515596404,137.24471050171235,77.87474158308419,18.364566302579508,15.617207332918195,7.217026942925709,56.33267949319764,14.38458379567054,11.014175577196676,6.939926856382753,9.434148446383116,5.315467166470567,5.7543632031436545,4.303370326159925,19.494121751578383,6.098377461040249,3.4456864151937827,5.080224448280614,-4.80306150501942,5.2379851019463395,-4.367036521860447,4.537037748756908,17.186386845200584,6.440758524428795,-14.089080591523933,5.93697880823347
3628_20220826_1030,26-08-2022_10h30_HIVE-3628.wav,3628,16.0,HIGH,33,66.0,68.0,-587.8807214850117,147.40380546253635,80.81440131591476,16.857024186593836,15.600601443193217,6.605286662712381,59.809493064516566,13.83614310637345,9.145818911234658,9.284401192611101,9.461013492579179,4.8333055402837655,3.380033464672557,4.927750538001303,18.467359245309492,6.473967766827878,2.209074757969014,4.614450082920014,-4.497983788892544,4.41774076685197,-6.202654875796897,4.922477910715756,17.932911087660163,5.724809926014825,-16.748548787293142,5.623025528432121
3628_20220826_1030,26-08-2022_10h30_HIVE-3628.wav,3628,16.0,HIGH,34,68.0,70.0,-582.2651038781712,141.92834295872868,79.27668899344164,17.102969322981778,16.385875162381847,6.81568497975005,58.396138938650274,12.96525827657279,11.96623964063195,6.236788780938132,7.661384650515418,5.498755524928793,2.5183138605373747,5.117680167022176,19.414267737036035,6.459906405683073,-0.09078732615933309,5.599091431506415,-4.641065040515143,4.72667316727313,-5.198635158192704,5.277099732336444,18.655194487902733,6.2336492148382305,-15.50994165059381,6.551816813394402
3628_20220826_1030,26-08-2022_10h30_HIVE-3628.wav,3628,16.0,HIGH,35,70.0,72.0,-588.5988306854441,141.24201825532134,78.12531353642152,18.07429433866627,15.743960477795547,6.877307376161801,56.314785778549876,12.453864451739888,9.510607777210796,5.519606684412336,8.722720687760619,4.94980542412238,1.7403754929457116,4.968520688111339,18.773580288288656,6.370124297292946,1.6202899505786408,5.488028351509909,-6.120318439507329,3.8031614698971623,-5.486123023331815,4.189214798253118,18.27236526996051,7.131030225600108,-16.13861433654286,5.898096313423795
3628_20220826_1030,26-08-2022_10h30_HIVE-3628.wav,3628,16.0,HIGH,36,72.0,74.0,-593.0446356248968,142.5004769763054,80.868546101678,16.75320889758093,15.692606528063951,6.877545295554138,57.49664882658877,11.753552132550217,10.239265535990672,6.110491860560979,8.725463007442213,5.562620966779913,2.4790643150111067,5.4513106966398,18.9026497037818,5.606631457070053,1.0223339325832392,4.166410866115836,-4.5317043276364215,4.904461127131098,-4.463426475310613,4.857607289565946,18.849021294100275,6.025141145332233,-15.369722809468428,5.594228573006455
3628_20220826_1030,26-08-2022_10h30_HIVE-3628.wav,3628,16.0,HIGH,37,74.0,76.0,-590.6977996778961,142.713168560092,80.65362979426746,16.785517100021153,14.099176652224847,7.152378906730533,57.973570614028944,11.8144206595035,10.526810354415993,5.8075328766585175,6.211810061975875,5.88683385632026,2.7129152689735085,4.5413833753338,20.616706434231222,5.863290169221872,0.6570270384911805,5.442036855950276,-4.5573017285115265,5.166447008847807,-4.638672703918863,4.8567489301532785,18.31779812571312,6.073793356641348,-16.02678114136808,5.1546379406737355
3628_20220826_1030,26-08-2022_10h30_HIVE-3628.wav,3628,16.0,HIGH,38,76.0,78.0,-586.4842255987609,148.0400727870124,80.23159529630084,17.272581401441094,14.20573930875306,6.576966605920379,56.86212918313574,11.426187239836361,9.013994674490831,8.92286384944514,9.660561824455462,5.940495488778212,1.6588804806478537,5.405579043752782,17.809250072698266,5.337863620040074,2.0491018794799616,4.811222967111079,-6.0968795384237255,3.905654166015921,-5.188258932887308,3.9724375299405215,19.731113532257393,6.697816666215517,-16.24966126652341,5.475466095575262
3628_20220826_1030,26-08-2022_10h30_HIVE-3628.wav,3628,16.0,HIGH,39,78.0,80.0,-588.3660039133034,143.70276501563194,81.91026148590899,17.351862377455635,15.637980904747987,6.9463480006383085,58.429817494754104,13.443712847294595,5.857226233481142,8.786920416852888,9.52107700161743,5.171868623571155,2.9347359935272714,5.6562853883203665,15.829625282064855,5.6470444954921275,3.8265838550815654,4.838006528506288,-5.063943977498325,5.104807474156537,-6.344770453257367,4.7413694632871515,18.969394467904987,6.648909891029964,-15.777372939974727,5.69803733347668
3628_20220826_1030,26-08-2022_10h30_HIVE-3628.wav,3628,16.0,HIGH,40,80.0,82.0,-591.4898383583252,149.74367851478334,81.36779286534995,16.416139955003914,17.344453977616393,7.568041008595633,58.06652905631326,12.668241118734075,9.061893036825408,7.77927496642623,10.122897306935329,5.707378733397056,0.3926356223096145,6.436817516308515,17.020218769414043,5.364808133851895,1.3692775571565001,4.934595290137925,-6.2920162589817075,5.0169486250096025,-5.552425999009594,5.195406875951866,18.6625918342828,6.161562101640542,-16.921596407441392,6.076174237727417
3628_20220826_1030,26-08-2022_10h30_HIVE-3628.wav,3628,16.0,HIGH,41,82.0,84.0,-584.0668397746707,135.8915576614863,80.17908060833888,18.622893249122576,17.20530836252341,7.157892705834747,55.88039221725233,12.830553676049599,9.614727301527333,7.960757837520637,10.629278966250531,5.046177230043829,4.361099888447657,4.770337461369393,16.755791666006314,6.00761180841231,2.741925565523037,5.391244228937884,-6.084564213934989,5.361680182126491,-5.166224072932948,5.080254108755898,18.165093963072252,6.420908249171962,-15.682635305503316,6.017668318508247
3628_20220826_1030,26-08-2022_10h30_HIVE-3628.wav,3628,16.0,HIGH,42,84.0,86.0,-587.4593782097066,142.04689700420928,82.15195394992823,17.369441076868696,15.71414031729917,7.397327814743579,57.03631803958907,12.129046841397031,9.793660211583072,7.028260393724729,9.38894587143271,4.542932953744162,-0.04310801832938576,7.110284833589751,17.418646155642236,5.9062008982476,1.7542965358041647,5.412128209885377,-6.954566453897461,5.201173765238,-4.353876162391535,4.480756605240718,18.589951763909294,5.999720571681279,-16.079818432137564,5.802407312308909
3628_20220826_1030,26-08-2022_10h30_HIVE-3628.wav,3628,16.0,HIGH,43,86.0,88.0,-587.1084410251291,145.7016602661874,82.42100833863458,17.069792921114665,16.284704043560836,6.4918427791859195,58.66414181724861,12.368807616998385,9.823373614937248,6.116501371446063,9.379164836840955,5.903112509592785,1.582409442439114,4.797375629755208,18.64677616409043,5.467424489063388,1.9324475967788504,5.1406855442093216,-6.33667996265053,5.143399394102693,-5.202760777914823,4.773689904907186,19.335704394388422,6.140061786626993,-16.313404959823902,5.446200039336371
3628_20220826_1030,26-08-2022_10h30_HIVE-3628.wav,3628,16.0,HIGH,44,88.0,90.0,-588.2110633598184,145.92932539458107,83.12495728990255,17.77298217821092,15.915583860861593,5.688345456555548,55.433301811347185,10.977398620427437,9.85915271162436,6.0102350659987,7.817014367347374,5.220877071238511,1.3486904770705395,4.66491339754849,18.375802973496935,5.136291725669937,0.8571270934286477,5.4532540112457655,-6.18490938027945,5.746223076719432,-5.914112431453044,4.6916782040916925,19.648154751581245,6.033521977250432,-15.812654575926052,5.488591343096082
3628_20220826_1030,26-08-2022_10h30_HIVE-3628.wav,3628,16.0,HIGH,45,90.0,92.0,-581.4242695120369,137.61992900379735,76.89063760413154,19.181459290873082,16.72154463810128,7.029227297424085,57.69343264476264,13.728991549936266,9.560924397487872,7.561432885003796,9.48099202326339,5.381234787491531,3.249127342576547,4.615571081679175,17.925999207548887,6.769732631912678,2.573106006105052,4.022955788361806,-6.747399402957853,5.0702695642256135,-4.794070582255341,4.412699856153779,17.52833083272084,6.025303005765111,-16.74298592626741,6.173090933386575
3628_20220826_1030,26-08-2022_10h30_HIVE-3628.wav,3628,16.0,HIGH,46,92.0,94.0,-587.7030546988448,146.31405468184138,78.3721602647029,16.953177348687845,17.68482965774079,6.147441460795213,58.451676121498764,12.974470943797167,7.853977291407731,7.236630669054794,9.385976787747602,5.705044526488546,1.7479346424260866,5.287479693935306,16.294263723999528,6.254840587901478,2.4783220956820133,5.0030444090943345,-5.689558642274055,4.174774608110565,-5.931095871992039,4.975189382054323,19.253958402265113,6.309315535372471,-16.228805357561438,5.591966278125934
3628_20220826_1030,26-08-2022_10h30_HIVE-3628.wav,3628,16.0,HIGH,47,94.0,96.0,-583.4192109355884,146.25417183515628,74.90517360317011,17.049975447606098,18.24430144725056,7.5541298396646726,60.47281525490646,13.538185609764593,8.783188488722482,6.62094370424084,9.410984521035392,5.15355428270496,2.4874173301403726,4.207401610620425,15.900246099686461,6.526298132698182,3.318825370566761,5.0829055678192505,-5.799816657687203,5.075800711163278,-6.545546250811767,4.943049877896878,20.4921142589985,7.13112316423008,-17.161662909895224,6.312077241594218
3628_20220826_1030,26-08-2022_10h30_HIVE-3628.wav,3628,16.0,HIGH,48,96.0,98.0,-589.848874987799,144.5466510910359,81.93864987299838,17.39354173288923,15.487091631838448,5.8381655578928555,57.603124567972635,11.534810692089247,8.601219079583949,5.584433650161022,8.827785856139709,4.621335430036695,3.0155384631620903,4.48736723248704,17.4187603015328,6.556001663770225,1.5318474197519771,5.337216935101424,-5.917653769194131,4.823802219755181,-5.397726519054565,4.961327388119869,19.79993968328428,5.775777872893116,-16.37876299607632,5.4481874802435
3628_20220826_1030,26-08-2022_10h30_HIVE-3628.wav,3628,16.0,HIGH,49,98.0,100.0,-584.5346571032894,142.91926409472478,76.70941729658931,19.07036951440442,16.117286671222622,8.138398098628016,59.12721912806676,13.548698339770791,8.19004559821832,8.6943523304278,8.109390249617968,6.448495055999302,2.644721139570891,4.768861600264615,19.354489103671796,6.864649555590047,2.3213651552203136,5.188892544661187,-6.445785715868314,5.7824365989877355,-6.014464756759799,5.67872713917619,18.990320078103156,6.520918313163141,-15.663155905025926,5.580772228430614
3628_20220826_1030,26-08-2022_10h30_HIVE-3628.wav,3628,16.0,HIGH,50,100.0,102.0,-584.9883768533098,141.676577073215,80.23338023151406,17.44690495094292,16.91151996093693,6.5190963084229185,59.98076376924586,12.819749511114113,9.988248810009503,6.590875741155913,10.229177276920012,6.245745553582704,3.6151781786455803,5.285209504709875,19.622024890572693,5.843892612981947,3.2918149646891597,5.229697126057902,-5.3522906351760415,4.637328542432094,-5.216111522941143,5.2323479722859,18.29185730876563,6.248988643243667,-16.830415117333544,6.273517317381704
3628_20220826_1030,26-08-2022_10h30_HIVE-3628.wav,3628,16.0,HIGH,51,102.0,104.0,-586.4584886929773,138.96790560103122,83.71868599494798,19.243771655699646,17.546912198847462,6.41973558082309,56.36517198703077,12.59375991502151,10.799975401504167,5.660289526329696,7.8153814901663,5.155037325083112,2.725544519806081,5.361735560847475,19.57958264735699,5.6829650653791335,2.370491569170629,4.435995478299812,-6.575989185846391,4.342995683514214,-4.668050735007788,4.860120388162939,17.56081244707994,6.183396450055172,-15.594539836672922,5.678122863164093
3628_20220826_1030,26-08-2022_10h30_HIVE-3628.wav,3628,16.0,HIGH,52,104.0,106.0,-583.3131695344808,140.79334768799663,81.40227915720136,18.478852202781678,17.104922994930753,6.665104264607866,54.96694571176459,13.118348781779837,10.090376423383283,7.277533167478502,7.305976932674901,6.937525305343555,2.2490080001486343,4.400887159424464,19.254135458619697,7.6490907045937,2.426206507733634,4.395032958910924,-7.413113392437859,4.592319410146602,-6.061578267498093,4.964412573429651,16.335594110308932,6.780504619406814,-16.784878698259316,6.283383337175417
3628_20220826_1030,26-08-2022_10h30_HIVE-3628.wav,3628,16.0,HIGH,53,106.0,108.0,-585.9279450952312,143.1380268866997,82.32243470804667,18.36434968974831,16.41232804365263,8.984989562228737,56.58090403675206,12.927968608708088,11.39048525253279,5.746696947699937,8.762322536310986,6.144256392723918,2.538355774494821,5.405704574827379,20.057308829855135,6.410317170657699,2.98908120512164,4.233366205228511,-5.699184885633147,4.848902547052355,-5.128757670185632,4.94213906644148,18.568057171914067,6.237199291610553,-16.533731895268126,6.172450720687254
3628_20220826_1030,26-08-2022_10h30_HIVE-3628.wav,3628,16.0,HIGH,54,108.0,110.0,-574.4584911173907,145.57316030069265,76.08399295980237,17.759564080558857,12.822426361029548,9.228970481484534,57.56151877077679,13.117081082169685,7.141991158103582,8.38583566087106,7.476763076194758,5.248003552559893,1.9006746997293347,5.3862274730945625,17.505333178237326,6.851476128996923,2.444799071400037,4.615544063481287,-4.314225528737777,5.7097793771590215,-6.354692986127945,5.784678561057601,17.369452050337106,6.545075196562984,-13.777661138663255,5.435269158891686
3628_20220826_1030,26-08-2022_10h30_HIVE-3628.wav,3628,16.0,HIGH,55,110.0,112.0,-568.7996925203175,152.2142593326231,78.12614937483859,17.308071197481844,11.706446670517204,14.4011003977341,59.71422465489699,13.749655906787018,4.723449282305715,8.94951034817369,7.630598127907344,5.245840742987225,2.9957386927135774,6.302586121819846,15.856265357570578,6.178516214890779,3.002232381601247,4.508458997708322,-2.1434320899592056,5.175377098234743,-6.7068012184877555,5.342966706669194,17.438229375461557,6.1365183621482515,-13.516555049417317,5.803293458300113
3628_20220826_1030,26-08-2022_10h30_HIVE-3628.wav,3628,16.0,HIGH,56,112.0,114.0,-566.8971571841898,147.74708801936438,75.82599058741741,18.146674889756667,9.86696889697008,13.61334389523134,59.59153723175744,12.874124351494393,0.7995258070946937,10.271264953852967,8.51214916685088,4.887638385059918,3.309754088588644,5.7737995026082,16.706078317732846,5.475747593402146,3.8473726587303676,4.519317060361569,-3.2510334870055,6.15111348883099,-7.749527827553289,5.19177148369718,18.298754150764395,5.622960793931361,-12.904662974162674,6.174420285123418
3628_20220826_1030,26-08-2022_10h30_HIVE-3628.wav,3628,16.0,HIGH,57,114.0,116.0,-571.2826496365416,142.77074329049282,75.45625281382344,19.291431381603584,13.488849825141148,10.536322107611552,57.84601424508436,12.644029416776984,5.2650271422494965,10.865281538853774,8.160633557031778,5.080058676826347,3.961495827536401,4.5826167760158585,18.067523603854404,6.9102121970912975,2.3631163778968087,4.013122464542766,-4.4445439162320195,4.734961271788137,-8.051128800374316,6.177800699281038,17.971957066681977,6.19908836338365,-14.240449318544892,5.607064560642484
3628_20220826_1030,26-08-2022_10h30_HIVE-3628.wav,3628,16.0,HIGH,58,116.0,118.0,-569.2398182821464,148.7267970655262,74.02996203372847,19.647687141327676,15.049915199535912,8.93953024208605,61.91167805235742,15.287882842554438,2.442705942117001,11.118024593151157,8.522810351766562,7.455413474929222,6.0522767998473155,4.89770595387852,16.403343619448226,7.228877036653636,4.677408519940973,5.05998250259831,-5.951888018939405,6.022210853473197,-8.442069546583456,6.333605997163141,18.45109016045038,6.493994204352355,-16.094174001939763,5.986691108509588
3628_20220826_1030,26-08-2022_10h30_HIVE-3628.wav,3628,16.0,HIGH,59,118.0,120.0,-556.7858165542358,148.83195821579872,70.92934584529105,20.54382621596292,10.319405548844044,14.310244816771482,62.22374106748197,15.461042221713583,-2.150726189997268,14.280403192030954,10.573130061201326,8.48563685831558,3.2264511116765737,6.370068822203989,15.924317860711527,6.817984594181523,5.112972452174122,4.912214482697881,-3.572359912578799,4.886233231660237,-7.340491358808603,5.556663683058099,19.525503563741328,6.317709935398942,-15.981391961252209,6.810757159066076
3628_20220826_1030,26-08-2022_10h30_HIVE-3628.wav,3628,16.0,HIGH,60,120.0,122.0,-577.2882666606105,143.84217171890222,72.85510139091679,18.100836418783196,17.635143441655238,8.040507264553694,61.10773305860838,12.77637014549892,5.884863033966889,7.7609603838413355,8.711627171179064,4.43661355437939,4.140298761576884,4.529377208866315,16.73690042740434,5.917809455725913,2.7526684285910212,5.552951148759125,-3.7187297408640614,5.293214302326965,-6.471107369370869,5.589558371739608,19.561442591937006,5.901764367332049,-16.261712355410065,6.283276734973876
3628_20220826_1030,26-08-2022_10h30_HIVE-3628.wav,3628,16.0,HIGH,61,122.0,124.0,-576.5665568018247,147.36356143467336,74.28478392258597,17.662365927756845,13.884278891199077,8.479690927602219,56.19202741645791,11.852886263806646,5.726518899046677,8.3326078745247,6.189096036783817,5.621696337907947,2.157087489515702,5.404468044399828,19.804765622813285,7.102601002359657,1.9096698338877676,4.720657736018599,-3.237563105824536,6.609489736852404,-8.116583831006785,5.455105760470834,19.10505397671294,6.076346948508904,-15.074014830250546,6.102646027624254
3628_20220826_1030,26-08-2022_10h30_HIVE-3628.wav,3628,16.0,HIGH,62,124.0,126.0,-577.9497886317778,155.33749068981487,71.98499450985923,15.880689582503182,15.061895457097794,7.905678319200919,57.159224395977304,12.47223757491649,6.89064809977796,7.575155327545236,8.572840428420268,7.1140982072395875,0.8877448135065767,5.570114723282518,20.511276623767426,6.169248050441707,3.5194048998855756,4.715545546808541,-2.991125766045794,5.7268334563720975,-6.685268070982116,6.227631424954812,19.724503550911532,6.423033741626147,-15.403891291775405,6.386146216831575
3628_20220826_1030,26-08-2022_10h30_HIVE-3628.wav,3628,16.0,HIGH,63,126.0,128.0,-570.2033346582818,141.79833965123856,70.12844263712846,20.362206016654916,18.17681380456214,7.119648503444798,57.94730255646717,13.801668268814238,7.192171253701099,7.330730449795811,7.306085965281438,8.189984139219561,-0.5504626754737669,5.210644179322586,19.58775188806105,6.696682516807981,3.2109997314103556,4.820303207822168,-4.358437766088622,4.608875831198237,-6.215284558418056,5.630660101069771,19.85987732465092,6.551884042099418,-15.523469368867842,6.571175403288215
3628_20220826_1030,26-08-2022_10h30_HIVE-3628.wav,3628,16.0,HIGH,64,128.0,130.0,-578.3778645487707,139.05517810597652,76.11768123226655,19.96944407779582,14.70284743263523,7.591643550714623,55.47973390796949,11.974150875155786,9.64701392628243,7.98938598739638,7.751410617064213,6.672439277543536,0.5871139061467715,5.7519914873216695,19.57438893935562,6.198792045346126,2.3874685243115223,4.996614282847632,-5.539334181495544,5.032463771288385,-6.494636218574889,5.348171031690525,18.1992023715656,6.844224180517588,-16.193499467299745,5.4434794886003735
3628_20220826_1030,26-08-2022_10h30_HIVE-3628.wav,3628,16.0,HIGH,65,130.0,132.0,-580.7513785650312,144.43503220058287,78.0675576359511,20.035548913348695,15.455771276132474,6.269741386508227,56.21737812071315,11.716651042678855,7.9936236968701495,6.724216388535255,10.147458294716552,5.8452719200404015,1.1545796163756152,5.910001503612504,20.651218864429662,6.187663160128785,5.043592561441882,5.094155711431591,-4.541562765913556,5.801097314425267,-5.475027029837842,4.958447472902825,19.493331703347675,6.1743457340743255,-17.411582893652586,6.3709392039076915
3628_20220826_1030,26-08-2022_10h30_HIVE-3628.wav,3628,16.0,HIGH,66,132.0,134.0,-582.4413932438769,149.81995229760494,74.95497665155446,17.528581674102426,16.952658584293587,7.05704686787085,60.54776214625311,12.912524133040268,5.416355816535937,9.619923256064274,11.890606159815622,7.36142158302447,1.7788135284334998,5.118956889793592,16.641403017181297,5.329629323130441,4.266208492313213,5.326105034139452,-5.355631238821554,5.168132827594483,-6.963758308643138,5.370855188910097,20.033468393238188,7.0763591385663265,-18.70296120129507,6.171177471832952
3628_20220826_1030,26-08-2022_10h30_HIVE-3628.wav,3628,16.0,HIGH,67,134.0,136.0,-589.5693750779789,139.66675061440782,79.86785832072957,18.03496512602538,19.258554926833312,6.626364439538142,56.475468503156726,12.345294813104505,11.209202483525775,6.433624190925383,9.890709160934662,5.585944331761146,2.969174566333717,4.1952885129249395,20.36341951362783,6.695714406664557,2.9944979194131296,4.517372559954615,-5.2821394043679675,4.343340553489219,-5.289497842223008,4.964353806439557,18.33729620767999,6.635772499571187,-16.894484620849266,5.974955448315902
3628_20220826_1030,26-08-2022_10h30_HIVE-3628.wav,3628,16.0,HIGH,68,136.0,138.0,-582.0092446477069,146.03173898398128,76.04118642854526,16.53162599645535,17.71605185364692,7.754165030147065,58.203967122011164,12.309528967166571,9.730595892087894,6.977461846995932,9.936371461375646,6.084851796673132,1.60803509792663,4.781989837796953,20.688535849263506,6.186594468157727,2.0930125189879405,4.523545002174626,-5.904563914568051,5.651624998892002,-7.863552962071364,5.280462157209481,18.467417443375012,6.988128635101776,-16.917367666972893,5.937192882143183
3628_20220826_1030,26-08-2022_10h30_HIVE-3628.wav,3628,16.0,HIGH,69,138.0,140.0,-577.6440499121504,151.92845838282676,73.09401382669442,16.616628020797805,15.795107690581354,7.903326499333789,61.06580679879434,13.522780480225455,2.9755080405248715,10.703057037279978,11.171960835438856,7.051258018924015,1.4841396648969167,5.208658681415302,16.185862423473193,5.274601536960743,3.5309679851311926,4.858071102913382,-5.913061107704917,5.071282631854238,-6.154605859250546,4.708212339829197,19.21534924219765,6.927748636074414,-16.695651121475183,6.261381644640679
3628_20220826_1030,26-08-2022_10h30_HIVE-3628.wav,3628,16.0,HIGH,70,140.0,142.0,-579.5965455648204,146.3620967225189,76.40299970931589,20.141416581771832,15.971729817879298,8.741475578756265,57.362097170892255,13.415069742612179,5.600312352648052,9.041835155524796,11.359266896973509,5.803783326280655,2.055614485969887,6.096234175722443,18.456835702499756,6.789088937770628,3.22436089605545,5.550429778618661,-6.047370598018591,4.752006360227635,-6.301809282314606,5.422271565105534,19.24821469321641,6.592754609744708,-16.439792908463655,5.559378251996687
3628_20220826_1030,26-08-2022_10h30_HIVE-3628.wav,3628,16.0,HIGH,71,142.0,144.0,-589.5064635332651,143.26407924675453,78.42208682135377,17.690683247056572,18.07530506984803,6.726624396404741,58.536503957526996,12.814920316527168,10.1479440858521,7.705779108873673,9.35420516087709,4.631187099845457,1.7044897188642785,4.718468158931518,20.52921932484577,6.648421049841284,2.3485829799024502,5.566478202171497,-7.015611145119391,4.841328269022977,-5.677760139203783,5.337215955117869,18.571151489949884,6.129151560913276,-16.24200119352845,5.920347136560049
3628_20220826_1030,26-08-2022_10h30_HIVE-3628.wav,3628,16.0,HIGH,72,144.0,146.0,-592.1135502605755,140.71791634209757,79.68932487063243,17.165077657915454,18.39819824282694,5.97425292176003,54.48120586649374,11.447035011206525,13.63262907143124,6.40046039348752,10.494819235082364,4.392939331260035,3.0861624427464966,4.7850927713606835,22.306127177938887,5.831171699536909,2.2993237203274792,4.368110901734474,-5.696475624616766,5.489976959158197,-5.434348298149589,4.698399192183954,16.85657443905916,5.70899411314947,-14.250516876376063,5.2690061343753
3628_20220826_1030,26-08-2022_10h30_HIVE-3628.wav,3628,16.0,HIGH,73,146.0,148.0,-590.1507855551006,143.8139791089686,75.02805780343272,17.356513388358408,16.390859189017608,6.378703664216282,59.558505079700616,13.747478752350563,9.114169395320035,7.5550555842856095,9.827489813814955,5.760857560471648,4.211629529152521,4.435462893302416,21.004545966498693,6.166295115556592,3.606027664473569,4.858573783763771,-5.7306932954758025,4.989342174320568,-6.062041059612694,5.102020634884258,18.02266367090166,5.7485994297322165,-16.06095552711898,6.422770599461972
3628_20220826_1030,26-08-2022_10h30_HIVE-3628.wav,3628,16.0,HIGH,74,148.0,150.0,-591.1207593972505,137.77928018572882,77.76085790810858,17.14199129517457,18.556633632589175,6.333088585970223,57.08945434310326,12.811506793756987,9.631238579083472,7.490005090283906,10.210418171155256,4.718593904726984,3.5163375627614224,4.7267646545130475,19.13671071818823,5.576857641236478,3.7938352253040133,5.354066460898405,-4.78090096573533,4.59635260356355,-4.618226060620053,4.646192916620054,18.283342466611654,6.531754812800176,-17.33941053136608,5.55780863958571
3628_20220826_1030,26-08-2022_10h30_HIVE-3628.wav,3628,16.0,HIGH,75,150.0,152.0,-588.5925333178643,143.91371479451436,75.58517294486893,17.081649446766747,17.099305807757705,6.453005616245427,54.992797389791,10.656457245253733,9.158963466212409,6.149377027046182,9.606491096102198,5.691947366547983,2.6307749945274104,5.130109951287196,20.223051319593143,6.4777824188452415,2.0961007019067326,4.495950077572889,-5.515241486368195,3.887110224617335,-6.867221974149951,4.528154719323419,17.93187414009374,5.651959052171596,-17.21390874032317,6.349289048625603
3628_20220826_1030,26-08-2022_10h30_HIVE-3628.wav,3628,16.0,HIGH,76,152.0,154.0,-582.3314112788548,137.685571344744,77.29059996807555,18.56722867684344,17.65529506341337,7.457426114022398,57.10519402352735,13.007905347607384,9.048744802846617,9.959748781132964,8.544191244376792,6.337477350525524,4.022144444028966,4.001340299620795,17.642445570118205,6.746044391364258,3.326151944578814,5.780957560110711,-7.786472824101786,5.054400217666511,-5.363723050702282,4.281691604390241,18.17163993892169,6.147992855531125,-16.99191009909625,5.400991543846836
3628_20220826_1030,26-08-2022_10h30_HIVE-3628.wav,3628,16.0,HIGH,77,154.0,156.0,-585.9104734571862,139.73774349318847,78.88385917665404,17.651983035409756,17.07484527336756,7.3278146641782405,55.946393203941035,12.473906350328829,9.74642453989182,6.436519456145395,9.766002158406527,5.1688803828628,3.3338962281320224,5.178076158296728,20.35359025220928,6.87896023183191,3.984055955871874,4.980300108113225,-7.37729576896735,4.59249520952115,-6.149735549129052,5.273221051162046,16.223016764307474,5.747628389092629,-17.54963457918259,6.344365452391659
3628_20220826_1030,26-08-2022_10h30_HIVE-3628.wav,3628,16.0,HIGH,78,156.0,158.0,-582.2456359214394,145.6279461402114,76.37601894843618,15.906269512777843,16.887827205088342,8.427629364245012,60.374047306190846,12.993011651495694,7.78947508270186,9.94618446836731,9.539363523633433,5.2110062175182295,2.4342483694366948,5.81848492681874,16.91152270376483,6.96883622157406,3.3416693752202713,4.87762903982391,-6.521989959258755,5.168176327478864,-6.68901191554174,5.189841282861618,18.49920368046752,6.524346866288355,-17.948227126262093,5.5447666676218885
3628_20220826_1030,26-08-2022_10h30_HIVE-3628.wav,3628,16.0,HIGH,79,158.0,160.0,-587.8313353354235,144.65252462623147,78.52444576845303,16.897118764390285,18.630420828156794,5.90341759022005,57.14406353798505,11.473293980656527,8.883350631294096,7.3281794223002805,9.142857548290236,4.641134000302107,3.073293224912574,4.452843178260526,17.74132269592782,5.553915648314295,1.4460858389626041,4.325720582642421,-6.700225051757306,5.770908307853253,-7.7021353196339195,5.061372881947855,17.58243699435471,6.017538399750947,-17.818765706839606,6.863386801784446
3628_20220826_1030,26-08-2022_10h30_HIVE-3628.wav,3628,16.0,HIGH,80,160.0,162.0,-583.6147714353947,142.46402924162905,79.04683470862258,16.93368882005551,18.799881583124197,6.678681595318699,56.57334526365758,12.31301511999194,11.789667422805174,6.8327919575574505,9.013844639147385,5.854405787858455,5.015012693508512,4.985172361943123,20.152642671410153,6.287501685598471,1.9435671727457866,5.084170671715531,-5.837294707149962,4.805455630962616,-6.574088425034106,4.934627453613682,17.610003999458694,6.590160439369923,-17.040994469210865,6.836318317792369
3628_20220826_1030,26-08-2022_10h30_HIVE-3628.wav,3628,16.0,HIGH,81,162.0,164.0,-585.8393937950815,139.38040205907234,78.34944125853445,17.331666352457514,17.961810413406617,6.8958511396434545,56.22738196448326,12.63493836857946,11.62967302779455,6.300516050029557,6.864557853951461,6.758348442297989,3.533165128006071,4.478019140169683,18.713646224200648,6.7095396508565575,2.1436750787316137,3.903685444465559,-5.830960485626361,5.4734899958257905,-6.218728848346724,4.590243064832876,16.99735750186136,6.493717765852269,-17.247739686721623,6.151227192206337
3628_20220826_1030,26-08-2022_10h30_HIVE-3628.wav,3628,16.0,HIGH,82,164.0,166.0,-579.9355439247131,138.54209306655875,78.62020216467018,17.959811572029313,16.19296810931074,5.848664922315544,57.17305023219402,12.960646385584717,11.816197078509251,5.216544312882876,8.237324257042852,6.606544427943004,3.5819199970687188,4.4610598912885155,21.512132194059923,5.876030433986077,2.915859419422265,5.019729073452385,-7.974218569850413,5.13694147411765,-7.222955769943675,5.015050529279164,17.353920915931017,6.446876062025075,-16.625210506855865,6.024680923989716
3628_20220826_1030,26-08-2022_10h30_HIVE-3628.wav,3628,16.0,HIGH,83,166.0,168.0,-588.8217455012448,138.96993634778826,83.17051853793856,18.29536057947117,18.606827361889998,6.621682886830087,56.11315536577912,11.852279841913743,12.473768840698465,7.3214023267386175,8.213822390607358,5.335268357731928,2.8487726445188346,5.1055579025691245,20.36525526239953,6.100905793849335,1.890070826688058,4.962515830144634,-5.153683533333878,4.165854272368018,-4.739709896633364,5.333174090658724,18.02610876354239,6.652257734481923,-16.939267390276342,5.919498946043086
3628_20220826_1030,26-08-2022_10h30_HIVE-3628.wav,3628,16.0,HIGH,84,168.0,170.0,-580.8867860967327,136.65555444264956,79.95099443656031,18.457897807226345,17.261263249479423,8.457442700117396,58.49299955102375,12.947531660519456,10.815327799333977,6.823695317749898,8.310107568633969,5.979503975671918,3.4779475318344106,3.8444607971632103,18.91293559236564,6.7135784837402595,2.823735310891177,5.479390280709396,-8.611279182790193,4.431721837667086,-6.291310117688781,3.85172837073373,18.11422808053953,6.565944913028105,-16.62177086773438,6.322704235577054
3628_20220826_1030,26-08-2022_10h30_HIVE-3628.wav,3628,16.0,HIGH,85,170.0,172.0,-579.1699409214164,142.1368531284039,79.26095321279196,18.142871052725024,17.537426653876164,7.22595327768656,58.72827565424625,12.978793411007242,8.587147495226644,7.646068220996444,9.173051362551867,5.050083642131006,2.7516219661981607,5.502031206971798,19.634879420677237,7.276514626735838,4.056932506620091,5.6301892149101525,-7.574884743051533,5.479372927802708,-6.507539707189893,4.560572081977724,17.799191360077344,6.419193031235498,-18.907910984083042,5.878242042972773
3628_20220826_1030,26-08-2022_10h30_HIVE-3628.wav,3628,16.0,HIGH,86,172.0,174.0,-578.1909507783229,144.78563442435268,80.86707513842916,17.738159674862573,14.903610077420169,7.280440767632585,56.73552262710038,12.382709820638066,8.463599614644334,6.547407902401302,8.270422864576467,7.139245314373278,1.5563117389841647,5.790894878605962,20.039965508335868,6.647713009973451,5.517463013396773,4.638480538912272,-7.563501380138385,5.359512083886477,-7.471134490801344,5.187838002829222,18.003046287157098,6.05697565498146,-18.119547101656025,6.055675128184513
3628_20220826_1030,26-08-2022_10h30_HIVE-3628.wav,3628,16.0,HIGH,87,174.0,176.0,-573.16175024924,141.82035292068616,75.03374012004207,17.863305076455443,17.453154220682695,8.292017472363092,59.21983314107561,12.905809596415583,5.510243177978838,8.049165800215635,11.61572036757774,7.437288369764069,2.1377804776373943,4.3269559617195625,16.363362561467593,6.843096498138424,4.876605910544961,6.036509336608459,-6.493009621368538,4.801262654014192,-7.491987102353225,4.893649137411825,17.86210485586861,6.456401079989604,-17.935621551228717,5.622859119793918
3628_20220826_1030,26-08-2022_10h30_HIVE-3628.wav,3628,16.0,HIGH,88,176.0,178.0,-582.3066609639335,137.39352037898942,80.71960077629544,17.98755709524112,18.629170914960852,7.408151836832146,57.87760159430619,12.780155639058176,11.011750962804005,5.734818876022524,8.427865179907199,5.685008288050543,3.0452317713225896,4.788385495265416,16.922480226068597,5.979290424385715,3.2840009933944247,4.593486481444407,-7.368152815025937,5.821184226548202,-6.132226073205548,5.360008281770841,16.2755708774553,5.412204378764169,-18.109861479288945,5.965882835653409
3628_20220826_1030,26-08-2022_10h30_HIVE-3628.wav,3628,16.0,HIGH,89,178.0,180.0,-573.9590188017714,138.20664172034415,79.09374773320694,18.660169470976808,16.479309841395924,8.285509332324626,56.956230929717535,12.916447126414205,12.844663453005774,6.121398298668852,9.933051889029642,5.322395382855421,2.9219816226128565,5.925168244512714,19.8380066832478,5.721735379667444,2.7737888894898473,5.031650584644753,-7.447135585424494,4.990619935837072,-5.988279198484473,4.465737279627295,16.59051153526241,6.969022297181568,-16.973812214233504,6.30505551332533
3628_20220826_1030,26-08-2022_10h30_HIVE-3628.wav,3628,16.0,HIGH,90,180.0,182.0,-582.2874903449157,141.6353203417803,83.3371179499721,17.415541222834513,16.99572807112261,8.192411662520314,58.12692048480857,12.533602142809691,11.24118206696638,6.293690968809018,10.289134961889859,4.8884979937503505,2.6708298598731934,4.724630715597012,18.514335279196995,6.470630811404746,3.064441043380043,4.58494271707741,-6.266560098235873,4.368371680068139,-6.505537864111106,4.872682018621916,16.820021009528254,6.574942435441722,-16.864980119121906,5.852716864804899
3628_20220826_1030,26-08-2022_10h30_HIVE-3628.wav,3628,16.0,HIGH,91,182.0,184.0,-581.0527454592013,138.64498073115507,85.40818068973778,18.952679702850705,20.573780989388894,7.244252052047312,59.93152950309871,13.169938060007919,11.678752715505581,6.600133215496914,10.860260304327948,5.074311703610393,3.5673789912424927,5.466855717662804,18.968123388690724,5.033858597233916,1.7969065192314462,5.223528890215048,-8.300458432404572,4.745513274725166,-5.650960625516441,4.656906461556102,15.892348409597458,6.221876219933333,-18.04371451634333,6.8113462542396945
3628_20220826_1030,26-08-2022_10h30_HIVE-3628.wav,3628,16.0,HIGH,92,184.0,186.0,-576.1222386917644,135.39974504028694,83.06265054132163,19.64379363070747,17.770936390256047,8.294904659994495,56.62409016702605,13.867679203890905,12.735772305404993,6.483786823841604,9.823255891099864,5.655026007312854,2.6744336918852585,4.365185797918229,19.13077192804195,5.927564384138411,1.6594872596334445,5.332786432851335,-8.799109128012507,4.659328205984831,-6.479036147787093,5.522171068920136,14.74346677794473,6.524960616894352,-18.069516565308984,6.165160250728989
3628_20220826_1030,26-08-2022_10h30_HIVE-3628.wav,3628,16.0,HIGH,93,186.0,188.0,-573.193813292139,137.18850713871583,83.27756526369247,19.857776024643943,18.99795649107547,6.867245874133269,56.18357987262595,13.257302907645569,12.503220312221316,6.215019716466219,7.074655049512118,4.557411521205096,2.916654191119097,4.722612540167351,20.25554817637228,6.354665323540387,1.4196764240722455,4.681388239667287,-7.699439695491387,5.338459462674432,-6.522682945567039,4.154520908626963,15.811575398690925,6.497522987666882,-18.757542984503843,6.29211395088639
3628_20220826_1030,26-08-2022_10h30_HIVE-3628.wav,3628,16.0,HIGH,94,188.0,190.0,-576.5955353731,138.99363346720725,85.43134775432728,18.379992442101454,18.05096691772967,6.841428892715175,56.922828699003226,12.340652018146004,11.987385422850226,7.011907597620812,10.266390939472963,5.625103779604623,2.476102430176733,4.921681773115661,18.84600550528558,5.908425107123315,1.5131273083914245,5.258068352527418,-9.081816181899057,4.493318891473141,-7.795513901420718,5.251889911147005,15.911802629322706,6.249572800198869,-18.283986382642315,6.201341152805521
3628_20220826_1030,26-08-2022_10h30_HIVE-3628.wav,3628,16.0,HIGH,95,190.0,192.0,-576.659852825675,143.16071481523704,83.52402596072884,17.447568254953588,19.230519400454288,6.378985125824169,57.1995193797622,11.39201109119824,9.339921966737386,5.082044262139927,8.514297315996357,4.954077812595449,2.640427613618623,4.7791529881840615,18.42844266152038,5.550696272766451,1.710118532679501,5.041200181543507,-8.55916403932822,4.618114011937334,-8.48051559204026,4.9219532360328495,16.814952680010535,6.251069085195906,-17.888673886839513,5.677172901419065
3628_20220826_1030,26-08-2022_10h30_HIVE-3628.wav,3628,16.0,HIGH,96,192.0,194.0,-571.3053788308566,139.86492036922573,77.61161626534812,17.52666711729693,18.464120875704214,7.55734855426943,58.297234180517364,13.529908515989918,8.03419618787822,6.814269001629756,9.685415119872866,5.609312943402727,1.896883885712185,5.257921566774827,16.427232470563144,6.2123280537190535,2.9703799617113873,4.88510559302865,-9.08315722850137,5.183517800542109,-7.119533078375293,4.524446588848024,17.109169908000688,6.690564619081838,-17.864875338938063,6.083266070970146
3628_20220826_1030,26-08-2022_10h30_HIVE-3628.wav,3628,16.0,HIGH,97,194.0,196.0,-573.6674426915981,139.2506549260734,82.09510771691332,18.015816274638667,16.1778575137942,8.427376371645575,59.56660552223248,12.868762606847108,9.051378905574545,7.292759909424649,9.021426426995504,6.024660149231904,2.4039639697718846,4.327586671398125,18.8398875443748,6.622269716519306,2.3069506114144986,5.091509321888446,-8.17513848773786,4.916658685690844,-6.323314880261155,4.210667880685164,15.899544182339326,6.426161465703839,-19.423352889892513,6.715242881581712
3628_20220826_1030,26-08-2022_10h30_HIVE-3628.wav,3628,16.0,HIGH,98,196.0,198.0,-576.3140555168344,139.46374020142397,82.65617123870301,18.328865161761005,18.35907466929948,6.225117415414195,59.174374393286456,12.63887368898149,10.264314902304395,7.404362380528336,7.327800089956703,6.548118447471645,1.7729992111475599,4.837937773855807,18.47606027949011,6.5580437266753835,-0.12628469181483523,4.697519121911416,-7.9420862606866685,4.877956069822295,-6.76722307973481,4.116227160556623,16.585210551016928,6.363398196029496,-19.223995292928592,5.331366008552721
3628_20220826_1030,26-08-2022_10h30_HIVE-3628.wav,3628,16.0,HIGH,99,198.0,200.0,-578.1972353945578,135.87187651678718,81.88416616763188,18.83998678712116,18.642381277442894,6.546855702620194,56.67962238122531,11.791340573488172,11.477198099617208,5.725966738073282,9.087599657801976,5.386806801213433,3.388633903124978,5.019493285667989,17.142693131736053,5.503818181665086,0.29118196134956875,4.271966953945426,-7.9076437442964655,5.086434029190584,-6.570722531527316,5.016463867954241,17.03009139202332,5.863592255892649,-18.024062192239786,5.715071129048552
3628_20220826_1030,26-08-2022_10h30_HIVE-3628.wav,3628,16.0,HIGH,100,200.0,202.0,-577.6369141961185,139.0492826876793,81.77525139566454,18.26367942957188,18.284209664134785,7.041242204061184,57.57229219914784,12.171893246173376,10.734597116391985,5.5587806153171835,7.540386403669832,4.6709657181909945,3.12569271248686,4.0051819737050165,17.999312935822733,6.7784863545357865,-0.16596457328981107,5.075363963068683,-6.855099664787753,4.387641062267489,-6.693439279963904,4.071705065163391,17.554095759018818,6.443717191836723,-16.55058134779796,5.714386920627013
3628_20220826_1030,26-08-2022_10h30_HIVE-3628.wav,3628,16.0,HIGH,101,202.0,204.0,-568.2165188904114,140.10540846326012,75.29841382011197,17.732157493612256,17.859346610784552,7.435915758558701,60.24922737943618,13.38552181825895,6.48686365815226,7.582656560252774,8.598837158872648,7.1450817914599805,2.162759383492369,5.032039687061761,16.12975669411005,6.736208449980312,2.5473178604295366,4.497518055946793,-7.136660205876281,5.765544155651221,-7.5946527612413846,4.913412523118887,18.284679600033495,7.181900953667038,-17.907009686211335,5.464298916039655
3628_20220826_1030,26-08-2022_10h30_HIVE-3628.wav,3628,16.0,HIGH,102,204.0,206.0,-575.1731927916017,134.57577183684592,81.7552283238445,19.863984214864303,18.324220106012522,6.795017600887598,58.749127365790955,13.332368825574218,6.738209872414071,8.584481532167501,8.85033697751276,5.930368570259998,2.2529414298171693,4.75602357010468,15.441314475756174,6.21468698234959,2.1708141923005417,5.316611095391481,-8.356396573331086,5.560803816144703,-6.680007662481135,4.7913248534415,17.4013582145301,6.430653789983891,-17.568539771402303,5.464642924248372
3628_20220826_1030,26-08-2022_10h30_HIVE-3628.wav,3628,16.0,HIGH,103,206.0,208.0,-575.52422040543,151.78183221897353,78.88334458914962,22.47729718116779,19.298724322589962,6.48598006067786,60.72109941449237,13.118860409857584,7.240412749037678,10.614717423147553,9.672775433984631,6.262626987586446,3.5959769250095994,4.412410821607011,17.263479621439625,6.121249844171809,-0.6988393727090513,4.517587325068006,-7.696336321755074,4.8637666627644665,-7.995195317160647,5.363339127179293,17.528001449723,6.6007341928118395,-17.54788176933978,5.891449660752154
3628_20220826_1030,26-08-2022_10h30_HIVE-3628.wav,3628,16.0,HIGH,104,208.0,210.0,-579.0090645385312,139.40999916712124,81.1794411930456,18.050919994967792,17.800982588242974,6.9482484655579775,57.50806625232532,12.511155547500435,9.851110384089818,6.472808686296346,8.675901713197545,6.882553370767709,4.651129461225941,4.593106031386215,19.606278687266713,7.0146724798334725,0.7573629261646609,4.883522010732165,-6.4377766170224,5.114012785146064,-5.296347964657828,4.79639953993034,16.580573395760734,6.599488257349318,-17.642168894156846,5.44260049904663
3628_20220826_1030,26-08-2022_10h30_HIVE-3628.wav,3628,16.0,HIGH,105,210.0,212.0,-585.8481117610917,148.00452916459477,83.4907828036557,17.211306991497434,17.241789285135052,7.96351216362938,55.778867795656005,11.655063995265133,11.147200030997983,6.725321898498096,8.192186029402972,6.028137560857181,2.354990476876863,4.558656581067667,22.441808469011395,6.622161591535201,1.4482876825316742,5.09978667156691,-7.480037053029875,5.095250643389807,-7.02016598026659,5.2094159677181375,17.289558604040888,6.297094172020793,-17.740057477291234,5.548454045697066
3628_20220826_1030,26-08-2022_10h30_HIVE-3628.wav,3628,16.0,HIGH,106,212.0,214.0,-584.2684011491604,146.9207969744921,78.95641926373229,16.757543017284757,19.95344303028124,7.182419688319615,56.78991580267087,12.259826654371263,11.860130980958033,7.196333462151368,9.148372201334501,4.634083502690804,2.695571507350258,4.781697964272801,18.983668945719835,5.881688770843283,0.4875667042263729,4.254685512185996,-6.5846488357859965,4.554207417864588,-7.474548630450074,5.141499649919081,17.090626408474225,6.043626091702389,-17.15059219194929,6.355180158733411
3628_20220826_1030,26-08-2022_10h30_HIVE-3628.wav,3628,16.0,HIGH,107,214.0,216.0,-580.4791807141326,140.01821649420316,78.83049670160322,18.33453231498174,20.59451484554584,6.365783286182214,56.964947204586295,13.071249077175539,10.98292735908353,6.845627083524809,8.988984597990816,6.34401507097612,1.794859733913781,5.4620995554934595,18.953054380365085,7.041464237527705,1.6416827124479794,5.519079924831577,-7.8371658506281845,5.061183402795688,-5.484977180125731,5.155153878606931,16.874917726165666,6.3911448604351575,-17.222579924277326,6.093702407804528
3628_20220826_1030,26-08-2022_10h30_HIVE-3628.wav,3628,16.0,HIGH,108,216.0,218.0,-588.8707329005813,144.10462247914856,85.10692194124402,16.799710712917427,18.261529739140745,6.658948423689867,55.55676271755482,11.39873779739216,11.341469631711274,5.436596861607067,8.051397301720042,5.351108861464322,2.0600244439649806,4.817404798795518,19.74966318507922,5.635304739619475,-0.2206244001845656,4.263047148091963,-7.014666924999544,4.826604438126922,-6.3081681626632085,5.079806419865985,16.889416951663655,6.492945380214745,-16.951801236398484,5.099262377288944
3628_20220826_1030,26-08-2022_10h30_HIVE-3628.wav,3628,16.0,HIGH,109,218.0,220.0,-581.7702028899747,137.65249213374997,81.0231517430433,19.426216557623846,16.71604109996068,7.413700551147796,57.6376069497074,12.987210306715097,13.665289592590524,7.606032144108481,8.765811767024982,5.6285443821628265,1.5542405098799896,5.104984290534295,20.380810775382127,6.213246561747598,0.04446564631964058,5.510027149367428,-7.297924608745272,3.969970869128863,-5.548215210520546,5.796994169595234,15.989155285200674,5.482235240440202,-16.27224911433841,5.31463861072025
3628_20220826_1030,26-08-2022_10h30_HIVE-3628.wav,3628,16.0,HIGH,110,220.0,222.0,-585.1225280782762,136.41556258190525,84.08388361001205,18.864574025019675,18.104423717989423,6.752968351039938,55.68995659431992,12.119972928752178,14.001811367356295,6.632982236289479,8.581216583775694,5.4012253026399275,2.003361621789595,4.852725050731721,19.321716915126384,6.119417631507441,-0.03639881528940203,5.074941049323844,-6.688269930654044,5.257547172587728,-4.911004554905414,4.860749003522697,16.476292627806068,6.3019400260267835,-16.27672162964414,5.946661298406522
3628_20220826_1030,26-08-2022_10h30_HIVE-3628.wav,3628,16.0,HIGH,111,222.0,224.0,-589.6071376486088,141.85543611141756,83.40074573675136,18.21081888258943,17.571951523178832,7.168524655794562,56.5901285780426,11.822591241575278,14.154606849218284,6.397360894786312,8.483466754622379,5.34683629092997,1.9749863339628517,4.295765348600012,19.708600252608424,5.929543289696712,-0.21996771577398835,4.295642776248558,-6.426337964748893,4.898058153845298,-5.656069103043349,4.742527719684086,17.34868396119343,6.117917390265893,-15.608104048656504,5.812189625086503
3628_20220826_1030,26-08-2022_10h30_HIVE-3628.wav,3628,16.0,HIGH,112,224.0,226.0,-587.612443211844,138.50081465744745,82.10575825864451,19.293936689886454,18.271068067841362,7.549205788363839,56.20710007176599,12.288982820183998,14.276694187966532,6.479147526813519,7.12074553580631,6.672421977511998,1.9041230355330043,4.415071992666351,20.73117618086808,6.098777614411543,-0.18874690218247359,4.830633303478298,-6.716019747894835,5.858638319418644,-4.864006746599263,5.112410215562489,17.202211888228064,5.417399330885772,-16.22371157487117,5.9543256663366
3628_20220826_1030,26-08-2022_10h30_HIVE-3628.wav,3628,16.0,HIGH,113,226.0,228.0,-585.7867026072248,139.69994956809168,83.8110701905359,19.058681228576738,19.655164506574508,7.854815239518727,56.029183692134815,12.601293914643776,13.612088823519409,6.082494229238472,6.59745415541599,5.089481790220464,1.6123167103366352,4.961869905831581,21.288573217634966,6.086944750831009,1.6860904417749605,5.268423101111839,-6.685311826116048,5.204344214015258,-5.097991506635742,4.0497910251887905,16.53973889702431,6.300226471006453,-17.671397485620087,5.362465786914481
3628_20220826_1030,26-08-2022_10h30_HIVE-3628.wav,3628,16.0,HIGH,114,228.0,230.0,-586.7996371070982,138.15904880838073,81.22056214326896,18.682825235614462,18.231688446922757,8.119724815477644,53.67532767064515,12.401408961363181,15.963644123575715,6.227306896072985,9.90827989434864,5.429791378565466,1.2697769139572666,5.52932755270118,19.959212170083102,5.964394942982873,1.2277652952283662,3.532580489137894,-7.241667265023577,5.250212349358671,-4.933837769695554,4.255368629329831,15.84870104909827,6.988923037205208,-16.48682910782605,5.634389026113641
3628_20220826_1030,26-08-2022_10h30_HIVE-3628.wav,3628,16.0,HIGH,115,230.0,232.0,-591.4843348489399,138.4324107980823,83.19847084830177,18.401040043354023,18.36972542186102,7.751595393736579,54.2625099717968,11.523101567265677,14.438839769496914,5.847203269387788,10.016865370859486,4.555504280627729,1.3068870718966727,4.335286327454467,19.85319576562326,4.811668181158346,2.2886558534311683,5.047805480835444,-5.617408100905619,4.793124287017153,-5.402513562647835,5.027694758343623,16.643620708356373,5.862997520607724,-17.170973838319032,6.611360159074191
3628_20220826_1030,26-08-2022_10h30_HIVE-3628.wav,3628,16.0,HIGH,116,232.0,234.0,-587.6839060702515,147.2248721008598,83.25074734969351,17.89079931808193,16.75385104255682,7.222882263584738,56.017539081026904,12.128965218068812,13.701511437450154,6.388772530605145,8.80364876970316,5.21585820500834,2.216794217436615,7.9395025287207375,20.257548597327446,6.372711868148248,1.0838932398347316,5.073436408277586,-6.713609935769431,5.508808172584424,-5.858749448565564,6.035550917136912,16.078498168643957,6.621848243726342,-15.675234545478467,5.4206373705432505
3628_20220826_1030,26-08-2022_10h30_HIVE-3628.wav,3628,16.0,HIGH,117,234.0,236.0,-587.2652211464267,141.76891848808242,81.74417472953546,18.937555669083267,14.692019593003577,11.338239066890317,55.67962433364161,12.675399619200135,15.13037028678864,5.791479339098538,8.625115897283159,7.807303784108073,2.6264978345648125,5.930735457212584,20.631022318397857,7.458823278804049,1.7138488914344183,4.943716355714115,-5.379202698823427,5.003305158184429,-4.54338120970767,4.57174147458183,18.367655099452456,7.170337873188851,-15.435530113536853,6.038549817681551
3628_20220826_1030,26-08-2022_10h30_HIVE-3628.wav,3628,16.0,HIGH,118,236.0,238.0,-586.8716664854378,137.27242823307782,81.9868086813963,18.470235167352886,17.335730326057543,8.610440696839442,56.88427741869372,13.233801719920715,11.932433460839567,6.479307532754606,9.625182182463151,7.880767153263972,3.587392543473795,5.078219485385176,20.115832818413296,6.657803818765364,2.663121945990753,4.929782603476922,-6.913982791408142,4.556494866585782,-5.729538870594583,5.0888834574742114,17.409404107843617,7.083199703296942,-16.468718141706237,6.029644377819628
3628_20220826_1030,26-08-2022_10h30_HIVE-3628.wav,3628,16.0,HIGH,119,238.0,240.0,-586.781892469732,138.2152826547787,80.47975700312789,19.216815681260957,13.968344401770413,7.530823630951505,56.7984241659851,12.488587312051902,12.366508811996857,6.028591746963169,6.290490259620553,5.215760420178813,2.3259339036602955,4.202364156898827,21.39781169095229,7.344178590080046,1.3606793901282241,5.271652752620017,-6.261757302529417,4.976137764833182,-4.984806231632842,4.394685229638888,18.31959407635496,6.709721086431278,-15.860567896276333,4.743249077094094
3628_20220826_1030,26-08-2022_10h30_HIVE-3628.wav,3628,16.0,HIGH,120,240.0,242.0,-586.9815428139707,143.0326237589183,83.15980482842046,17.144022359911652,15.293879518281658,8.39675401936542,56.83519461958016,11.738413419175783,13.968120743890767,6.101620653317448,7.430987656144892,5.636110189837327,2.667050286634262,5.475912001609152,21.98668130720833,6.298112751422776,1.1263908199187525,4.526488771383756,-5.489429999025057,4.421704082377512,-6.008887121550042,4.636657342932318,17.56519205161224,6.985560908045276,-16.497180533330926,5.233803173660506
3628_20220826_1030,26-08-2022_10h30_HIVE-3628.wav,3628,16.0,HIGH,121,242.0,244.0,-585.7800612517134,142.1927684762913,81.7964492158965,18.167831766292295,16.15294329718817,7.86645416236193,58.283769288668644,12.536980499535217,14.454552923165314,6.14409370645944,5.768750205937125,6.042333779855817,2.919257368273582,4.701746756780069,22.10454867377913,6.497403028667969,1.1619157115704757,4.528042610682271,-6.870725184934631,5.008236826807048,-7.291789377764228,5.801024557199912,16.61638423507822,6.394099187873273,-18.073563033869863,6.155485563425032
3628_20220826_1030,26-08-2022_10h30_HIVE-3628.wav,3628,16.0,HIGH,122,244.0,246.0,-588.6460677031945,135.9319326021654,80.33659504191702,18.404795345097668,17.305041320412993,7.156238971313048,54.67297438341645,12.230912805234023,16.672855608258573,5.42195162318146,6.012925340509852,5.4404945940378395,3.3237343841062366,4.292543565322153,20.09624529142044,6.6574089283814235,0.09536172314453992,4.584881352400225,-6.262358620924567,5.44643218104212,-4.862567031786453,4.573142806243422,16.60154719889627,7.266693620555301,-14.105535086554987,5.467340844100119
3628_20220826_1030,26-08-2022_10h30_HIVE-3628.wav,3628,16.0,HIGH,123,246.0,248.0,-595.5172096140316,144.91467738154913,84.78941430680888,16.75067745710617,16.240403003467566,7.06101761606213,56.856961755415924,11.50799867513851,13.944517521255685,6.15339967563243,7.721709396963757,6.427336163752339,2.4654603801861574,4.9181357959466485,21.536843971676582,6.089565056089919,-0.43861797419046705,4.392762497810969,-6.519175859815554,5.0564824232718,-6.242120729438458,4.558724606660143,16.98510807069519,5.652630099515011,-15.776772687049252,5.495987912625322
3628_20220826_1030,26-08-2022_10h30_HIVE-3628.wav,3628,16.0,HIGH,124,248.0,250.0,-594.2565212516995,143.43655651275932,81.83798047213888,17.795086997244777,17.010660911417723,7.637607722086068,55.696598235963606,11.892309770121408,12.987405978862753,6.216712096755584,6.91734837547538,6.2342841137761065,3.8516657147456144,5.233988875919572,23.13050335256652,6.052108517648565,1.1526314328788947,4.713675396883557,-5.700353457730292,4.661908212710706,-5.406602770870463,5.324337676793669,17.383143148662256,6.4074314097738405,-15.100779703363923,6.189726801691669
3628_20220826_1030,26-08-2022_10h30_HIVE-3628.wav,3628,16.0,HIGH,125,250.0,252.0,-592.1250220426017,145.48703431527966,80.97321465150394,17.57369280606041,15.120341125008517,8.03925002622918,56.18723460395545,11.530052907198082,12.183672799396211,7.187926486532613,7.234890001683893,5.5467062857010685,0.6921812828302688,4.413107292488484,20.418954455537833,6.289909990255267,2.5575128687370503,5.019688621081171,-5.93291800009333,4.993324805823062,-6.157839020521506,3.9482528112338073,17.912270066481163,6.170155276635719,-16.356324317453062,5.972236435773606
3628_20220826_1030,26-08-2022_10h30_HIVE-3628.wav,3628,16.0,HIGH,126,252.0,254.0,-589.4399255348811,151.343861337868,79.98632771194896,17.34458559494746,14.682226319650253,7.164165064943462,57.46461345544507,12.561585044660461,12.502723979352597,5.108691210416041,6.680002782831784,6.103169491483661,3.1079971048805697,5.779762384964416,21.79252423789663,6.504257250564524,-1.950378616136551,5.5504473950106865,-5.342424957108614,4.595609254638593,-5.175097963856336,4.678276058924049,17.843658613744967,6.046936846816691,-16.897573362100076,6.404235362508746
3628_20220826_1030,26-08-2022_10h30_HIVE-3628.wav,3628,16.0,HIGH,127,254.0,256.0,-592.617813419346,145.7915049522143,80.53791032061646,16.256732553840205,13.835634443390614,7.652473456462351,58.76122240211118,12.675515660305123,9.335128655698401,7.105251956454706,7.020486800495382,6.532624775351672,2.966516415943519,4.669251439780699,20.558694295729758,7.520940160188326,2.069703792639582,5.420824130338643,-5.849954625384817,4.73918444564828,-5.675111375049841,4.819688898966997,18.942800944008713,6.014922548810691,-14.777503015760319,5.3862183167320685
3628_20220826_1030,26-08-2022_10h30_HIVE-3628.wav,3628,16.0,HIGH,128,256.0,258.0,-593.1189564856045,141.1212482411983,80.61833292927007,16.724607449076185,15.096203466370545,6.6776020554481095,57.46564890717764,11.960413189947001,11.544729668364454,7.0215553165842275,9.715771054321008,6.016364307620806,4.556789374215351,4.8446472661564,19.824816854601085,6.517264214588506,0.7096787054239388,5.649758533443104,-6.038055698485246,4.408351156739009,-6.503217021339114,4.748941941544923,16.90226600580418,5.982157383845613,-15.210595062712331,6.107360299019416
3628_20220826_1030,26-08-2022_10h30_HIVE-3628.wav,3628,16.0,HIGH,129,258.0,260.0,-593.6022887456111,142.47955518783894,78.73659732204862,17.39965016523285,15.345401961492035,6.174366769441944,58.3739039198433,12.02362032394007,10.536729093354186,7.413253609110514,9.535952411367353,5.0198822042270566,2.1531331754540717,5.434842773940634,18.9794901669102,7.176312092783606,2.1716607905018237,5.505093978537782,-4.989914612142476,4.956844494959826,-5.862540348018192,5.232002533901899,18.53265229060564,6.301387900032066,-17.496464691037573,6.036008482366355
3628_20220826_1030,26-08-2022_10h30_HIVE-3628.wav,3628,16.0,HIGH,130,260.0,262.0,-583.7314601318201,138.975577560897,77.54756754427405,18.243620143810478,14.936098874455316,7.055601211191674,57.718811549475575,14.776675663502257,9.911490398897165,8.742540124600184,11.129129187376039,5.9277193122657295,4.634984216622434,5.01746086575193,16.00565156249409,6.898510839944946,3.202502229523324,5.110211917673814,-6.1417714560122505,5.072893009679979,-4.854939071008106,4.697485281258664,18.70420500347645,7.534883308242708,-15.538873633600893,4.874089891720458
3628_20220826_1030,26-08-2022_10h30_HIVE-3628.wav,3628,16.0,HIGH,131,262.0,264.0,-585.1147302048777,140.90222299692388,79.7587735962758,18.3033259864324,16.51783408573141,8.340850959818091,54.94428092781283,13.264851327146607,12.060289351476815,8.042180234902442,9.620330265484514,5.544813183147758,2.464792706474187,4.9135061954592585,19.35760821056899,6.1241113615498906,2.791838261925126,4.397582328336068,-6.388012761536542,5.132058191091397,-5.161994931653463,5.142191647389628,17.857688662949766,6.64853311927215,-16.384167024637087,6.118568827437077
3628_20220826_1030,26-08-2022_10h30_HIVE-3628.wav,3628,16.0,HIGH,132,264.0,266.0,-588.763142137598,140.61236208941614,80.982692565008,17.996625339478726,15.301868910371809,6.998227088066441,57.56827990191481,13.218315471769568,12.682242758424222,8.319343581255943,9.580766842296203,5.576325608461524,2.991458235836176,5.117535373321946,21.16773740815016,7.580077773422933,2.002328450988952,4.650208772892615,-6.233502790310582,5.184743348181666,-6.597317673570208,5.438146697463206,15.587815483215255,5.7278111631581154,-18.626932545072147,5.969220712777829
3628_20220826_1030,26-08-2022_10h30_HIVE-3628.wav,3628,16.0,HIGH,133,266.0,268.0,-587.9003848300634,142.4692765675675,80.36475477157377,18.62172479638687,15.896153602143059,7.393969835261218,56.757392492124126,12.31531607752392,11.959496543115598,8.399867771457762,10.803528912679914,6.900278004837533,1.6905255222530706,4.624347538178094,18.414399506235657,5.729817892632001,1.8001676183080364,5.186049940512476,-6.662046853682898,5.5298966519703185,-6.968754410492955,4.85827270190973,16.608502774416593,5.896021731415469,-16.780822575341887,5.728967488788163
3628_20220826_1030,26-08-2022_10h30_HIVE-3628.wav,3628,16.0,HIGH,134,268.0,270.0,-594.0981241404755,141.4205133787996,83.12839178080937,18.37484549689181,18.104324086075405,6.227608081295328,55.123311024602735,11.305086041556631,12.608306545122156,8.130760867740003,10.166141891569666,4.386613867802794,3.1766602036969243,5.078071736234193,20.49444222065894,6.5324808230063995,1.6395300607593244,4.472900364901905,-5.318807715445847,5.4195207955362035,-6.541818517352918,4.274071752890347,16.60740727380229,5.951434584872509,-16.905212585702262,5.798780447551166
3628_20220826_1030,26-08-2022_10h30_HIVE-3628.wav,3628,16.0,HIGH,135,270.0,272.0,-589.9042408627482,141.0512148510029,80.38119315026745,17.077721746724308,17.135706013644544,6.532255049322246,57.09079725678909,12.734545054792829,10.928584350829656,6.823701664513336,10.757181004958655,6.059729101212331,5.187858045477679,5.441157277985611,19.124664610182602,6.053881288173558,1.4871679346429914,5.329787491716516,-5.544728840158491,4.8512163909598005,-7.098779419344932,4.9839642048941695,16.308674859455788,6.403265932700523,-16.971733214812673,6.104154568478328
3628_20220826_1030,26-08-2022_10h30_HIVE-3628.wav,3628,16.0,HIGH,136,272.0,274.0,-590.0146499760672,143.13208523124658,75.80491961482795,16.579039108357865,14.439901019512927,6.665902006331414,58.44808484020308,13.900942030279316,7.7969310871938395,7.993400643527224,8.984305471828215,5.765689899441514,4.670591059648384,4.713579400076291,19.91414224133124,7.113214735809281,2.491572601326819,4.829462269605012,-6.891720957264055,5.478007564963726,-6.193372660033327,4.243865610353062,17.70844886292935,6.868764966263216,-17.064181906949823,6.085245437588257
3628_20220826_1030,26-08-2022_10h30_HIVE-3628.wav,3628,16.0,HIGH,137,274.0,276.0,-587.8741852786737,139.53347953559023,75.67321947335228,18.77856117936732,13.606952476858394,6.315362026917614,60.18707606882535,13.230166059285631,8.055758049649766,11.255931298601192,9.657092957687384,6.389235494817363,4.485730666361905,5.879862682043472,20.373172578928305,7.084232664083493,1.8838846092497445,5.338098014103359,-5.064797921710224,5.035519104811802,-5.911054567030907,4.819671975548987,18.017376927830174,6.349735481588373,-17.747073422144023,6.3258814023849705
3628_20220826_1030,26-08-2022_10h30_HIVE-3628.wav,3628,16.0,HIGH,138,276.0,278.0,-571.4729357651405,149.60042914912802,66.90191164850266,17.97536250163419,9.97665033929574,10.857254502138746,66.2547187330392,15.589575111319501,1.1072813759386027,12.653574677880027,9.270254190707352,8.184289924628322,5.963145580813774,6.0885593340882025,19.018979871578846,8.270660700918494,3.220683554770234,5.4790845697276405,-6.346522032423946,4.688268010483426,-5.862619726617544,4.311526321533843,18.534141055929233,5.716007778269874,-19.32292200905467,5.583563034661406
3628_20220826_1030,26-08-2022_10h30_HIVE-3628.wav,3628,16.0,HIGH,139,278.0,280.0,-581.4961416483135,145.54984027724478,75.92035856373293,18.68723534089087,12.879995326068206,8.2256192017631,60.200630338422464,13.456531332157121,2.9608475880184923,12.836761191262742,10.943002606598435,6.143704701927828,5.067630488924522,4.916320143570527,17.777761883694065,5.986540792010217,4.474496495561403,5.480227703234406,-6.9716538631230405,5.386278316412702,-5.681309667267826,4.504836602062835,19.13011150404021,6.396267514365206,-17.936045929661564,6.5410220787681
3628_20220826_1030,26-08-2022_10h30_HIVE-3628.wav,3628,16.0,HIGH,140,280.0,282.0,-577.4029748150457,151.38558782514735,71.42783077859255,15.839272593847438,14.008119563397473,7.4651813880241535,62.907149574204254,14.014444417808548,0.929494164257007,13.691146467317347,10.930891857184404,5.982718326711514,5.866501067632769,5.996245780554055,16.894829180542132,5.965331064380782,3.5314920939476075,5.813832754935609,-5.37746315632696,4.770348932771553,-5.666726373848764,4.525363324735952,20.051272656333506,6.812836838023569,-17.199533090808387,6.060455692473482
3628_20220826_1030,26-08-2022_10h30_HIVE-3628.wav,3628,16.0,HIGH,141,282.0,284.0,-573.5168403422431,150.16476436519932,70.42212765360236,19.749729865406593,14.798500567399989,12.415620221328874,62.65812887221648,15.261063971388053,3.9511391831654925,14.736586213450453,11.84576672407623,7.57102124246577,4.833560115769998,5.511971449195916,17.055905045567872,7.368346948012741,4.089505586792727,5.646205479906011,-6.995367793757619,5.302331563517406,-5.174146032473426,5.276492641915487,18.463663186343826,6.8290052373361965,-17.803827956871785,6.611346121017972
3628_20220826_1030,26-08-2022_10h30_HIVE-3628.wav,3628,16.0,HIGH,142,284.0,286.0,-583.6528741610128,140.64499745515192,74.97977668520512,17.155062025558127,18.151709860227847,7.8520168955250815,57.88715715775274,12.134748462601895,10.152077936267316,5.859992886126402,12.676331374665168,5.590307761225794,4.218965722111504,4.982390795481361,18.87675958867418,6.014638225796455,1.8597346882433599,5.41280223074712,-4.928756450741785,4.281185218007949,-6.307890722878544,5.22787278789104,17.807256431796983,6.838834511560319,-16.308616675118934,6.036624694378177
3628_20220826_1030,26-08-2022_10h30_HIVE-3628.wav,3628,16.0,HIGH,143,286.0,288.0,-589.3143499537749,143.687139673367,75.21327358282264,17.311897828849006,16.044240064230316,6.905907383236698,58.421723714569985,13.137833311987773,9.088639502508745,6.515930391121775,10.09343450234253,7.134050777448115,4.259377483815196,5.2369507158109405,19.083882588016483,6.429676323925895,2.5038993527623488,4.949484347633853,-5.495443615229891,4.63959880884901,-4.291915556810758,5.45438601081649,18.677197418294572,6.435668845986391,-15.510296266619228,5.58412938441583
3628_20220826_1030,26-08-2022_10h30_HIVE-3628.wav,3628,16.0,HIGH,144,288.0,290.0,-589.0633570338138,141.1320209129653,77.08984162943118,18.039509365816492,16.394802570256935,8.044625221539013,56.103390376075474,13.084140612768643,10.920199818999077,7.137659079819722,8.450962511999505,7.637349335214463,4.185335047195206,5.476009045009661,20.507745172431676,7.20795770724263,1.8652551178384988,4.983391347851395,-5.198245968026156,4.39870515950439,-4.492836301397331,4.900877497082395,17.88448449666571,5.918393323172917,-16.18636481426524,5.553393465821374
3628_20220826_1030,26-08-2022_10h30_HIVE-3628.wav,3628,16.0,HIGH,145,290.0,292.0,-590.6859280869086,143.4848941469759,79.08593420842864,18.002262502278512,15.540136272251114,10.072906078770702,57.36342273771909,12.751692026296602,12.670650614571795,6.390693352762121,7.82607333291022,7.708664235731424,2.892624127479833,5.392222681394925,20.885576945848193,7.356392894467732,1.819070708169941,5.075748881331603,-5.717803761211092,4.439708935850147,-4.411043031342429,4.7573668986042765,17.472481892646346,6.147149931268711,-16.671644027153697,5.799886589050311
3628_20220826_1030,26-08-2022_10h30_HIVE-3628.wav,3628,16.0,HIGH,146,292.0,294.0,-587.0045587716128,135.79061627646843,75.32608764216303,18.71823347260944,17.036410618001117,7.820022454442452,56.70073330563756,14.544793354965009,11.936368486751576,8.815460516128347,7.686578955376202,6.117146098002201,4.4439415157530595,4.831873563329947,19.230674742731296,6.828893832638328,3.4381242832401115,4.99844935294661,-5.083438222874534,4.820462362455448,-2.9329545301819695,5.178436954097986,18.025749970887354,7.1660709124804916,-14.2663833633694,6.234466672016757
3628_20220826_1030,26-08-2022_10h30_HIVE-3628.wav,3628,16.0,HIGH,147,294.0,296.0,-573.5391122261618,154.52668285399722,73.09458823334809,17.26890329266814,11.237978953537569,10.636487886608048,60.44976764530635,14.418431458126454,3.7492534229889345,13.446839691977278,9.320178368862203,7.437357948157076,5.457325290636137,4.608411683210452,18.274299644318436,6.693012654468589,5.126296362497849,4.943500180600374,-6.198104341894777,5.481114308590062,-6.42096032621798,5.805289337607181,19.96102171532687,6.9772687786834675,-16.872794021251234,5.856537246790848
3628_20220826_1030,26-08-2022_10h30_HIVE-3628.wav,3628,16.0,HIGH,148,296.0,298.0,-568.203328688752,142.22980919302358,72.95710845013745,18.42888308175669,10.012049447904005,12.413664594197321,62.98409813341794,14.829432144216042,-0.08200747563074863,13.448467767166205,6.731156594646203,10.054213794531135,7.1227650663267355,5.261424127889334,16.931322095520834,8.010239259026479,5.643312931197521,5.210851951299048,-5.957753398881751,4.622642540259911,-6.288999651472845,5.5506221019402595,19.763706957785395,6.427317880016549,-16.281050722395,5.946883916322057
3628_20220826_1030,26-08-2022_10h30_HIVE-3628.wav,3628,16.0,HIGH,149,298.0,300.0,-581.024272078721,141.7894744119789,74.20836197561805,18.165615415892102,11.843902573801273,9.821529870219777,60.342355165905644,13.681600405831803,3.27480483660893,14.586628029512202,11.169347370379446,6.859241008282594,4.556978828292816,6.364062701141128,17.24191474770112,9.071483039078887,5.026953212247904,7.036526110591975,-6.684190063275703,4.8663277063309085,-5.788142053019832,4.797023325927775,18.292327737165728,5.265621326149959,-16.0498466141443,5.526315603252328
3628_20220826_1030,26-08-2022_10h30_HIVE-3628.wav,3628,16.0,HIGH,150,300.0,302.0,-576.8079290436351,141.28101731691413,73.38203653779553,18.027802731962993,13.597791684729618,9.753275326547373,60.799133445769236,15.504590582855393,3.5760737049705096,13.858048369410511,10.910225593981545,7.153679461702632,5.827560150572362,5.8861651147876835,15.918898066990604,8.301628248672767,6.490941886419254,5.672583513562023,-7.728864836663742,5.302991260427806,-5.689343688706249,4.842736422194087,18.291412438811868,7.330345026335972,-16.74462200488051,6.173559194685539
3628_20220826_1030,26-08-2022_10h30_HIVE-3628.wav,3628,16.0,HIGH,151,302.0,304.0,-589.1680195001829,144.54370493574348,73.74763809508826,19.583790872258902,14.841982876735855,8.59070883681688,58.71211391113504,12.28999832491295,7.376615103209231,8.446472246301603,9.439870155865135,6.124672434753015,4.202495251102096,5.166418489734676,19.402057110508302,8.652915814692188,3.093569665167818,5.0937733668079055,-5.5822244098330716,5.24659248438144,-6.815272886467323,4.886647241976012,18.461130367547437,6.834683510951628,-16.33842894713179,4.70995075463555
3628_20220826_1030,26-08-2022_10h30_HIVE-3628.wav,3628,16.0,HIGH,152,304.0,306.0,-589.0715951347613,144.05955344654475,76.49947290522204,16.941194263458588,14.918251131421027,6.471696054885995,57.70428690314822,12.915444837379097,9.843515151523915,6.2707019945494595,11.028691044089086,5.343508617424234,4.4627567822503496,5.5216313274878175,20.084120939104704,6.393774331657829,2.7858323554437185,5.15491171825062,-6.085175928882303,4.4323004451224115,-5.421503459054705,4.988106980977743,17.680495157443232,6.203669162937877,-16.531725142437693,6.115317279645319
3628_20220826_1030,26-08-2022_10h30_HIVE-3628.wav,3628,16.0,HIGH,153,306.0,308.0,-586.9972005299497,142.38963649980752,77.1543479482023,16.979995169897055,16.303137246676314,8.236772402700845,58.30910692208499,12.514064376257263,12.41883921735744,6.3345648621960455,9.040439691164305,5.554140870933061,3.348354625701999,4.699691829648181,19.791008864362873,7.213951969215831,3.032576226283813,5.037619300555906,-5.805907500497795,5.094343613881558,-5.804901131393894,4.655404156533484,16.805445352261945,6.075076583436678,-18.196153158284055,5.9175081681780135
3628_20220826_1030,26-08-2022_10h30_HIVE-3628.wav,3628,16.0,HIGH,154,308.0,310.0,-590.7286568054712,144.00830466067183,79.29452069956841,18.017053697952434,18.74179655888576,6.6418780774361785,56.56299526026605,12.543496357893547,11.133452672307268,7.223161349303827,8.060609818393157,5.33478327180947,1.8439901317897287,4.026853078844568,19.572882201722187,7.131846637480087,0.790601227373508,5.009042911602097,-5.581647490513653,5.212435371608075,-6.432425644055727,4.93237298822963,17.702175653802826,5.9947372962485606,-17.93603127763864,6.084869936659421
3628_20220826_1030,26-08-2022_10h30_HIVE-3628.wav,3628,16.0,HIGH,155,310.0,312.0,-587.6308156839265,147.40693268321695,76.27471007397236,19.92138364389917,15.514009957376135,7.278039026844268,60.48947660906102,13.734438107636265,7.031670384706019,11.59174233918993,10.110453703181326,6.706472110953937,3.724055557131084,5.114800392856005,18.799845680475265,7.461923149803317,1.9280723992494713,5.744087345133174,-5.6171715502818875,5.397867528081997,-5.686005197351688,4.7771797471914175,17.232979368080894,6.318258496815536,-17.602585852939477,5.1950210504847485
3628_20220826_1030,26-08-2022_10h30_HIVE-3628.wav,3628,16.0,HIGH,156,312.0,314.0,-590.5898515462452,142.83119161026312,79.0076892124478,16.14618512899397,16.335223587282965,6.693607303330795,59.046361147895695,12.92121406013307,9.481091745187603,9.902227870293016,8.924232712948802,5.093408552586081,2.662214539569985,5.3314168252565,18.60847521139362,7.367530590948227,1.6393487004175877,5.805030144040154,-5.418578174771681,5.036679720347074,-5.126556585526795,5.163297027472248,18.749223999586064,5.983410840648578,-17.911667142526156,6.212206506136426
3628_20220826_1030,26-08-2022_10h30_HIVE-3628.wav,3628,16.0,HIGH,157,314.0,316.0,-593.0941361390214,143.09952879111884,79.03999373537253,16.13550888680223,17.737577615864403,6.377357680604382,57.71229479169829,12.356773908536713,12.723263600716944,6.728293165762692,8.764481182867998,5.196243832351737,2.8728741867026097,5.6770063577398036,18.848402455166433,6.247415999234153,0.4835886054739713,5.036421594250679,-5.476607740821344,5.800377001582358,-4.397370490001076,4.351846836568206,18.327793604910532,6.106045027011959,-17.0612671928407,6.079297759577616
3628_20220826_1030,26-08-2022_10h30_HIVE-3628.wav,3628,16.0,HIGH,158,316.0,318.0,-584.5844134133448,142.4598881028471,77.05789983798738,16.404716024234727,16.928709006114893,7.850807349473272,60.935025070521995,13.22490559699355,11.224751894936158,5.557668964195285,9.694675634156418,5.74969989450291,3.0264195303215606,5.42096644246985,19.98533931506547,6.771269391285071,2.260053096402851,5.01285046944049,-5.98285930195474,4.905899529585719,-5.100711474669977,4.717808510665438,19.97993068001377,6.841892643649851,-17.602586774573012,6.574634408466671
3628_20220826_1030,26-08-2022_10h30_HIVE-3628.wav,3628,16.0,HIGH,159,318.0,320.0,-587.2208362401734,142.05738475900452,77.13207940852067,17.176167344103987,16.804089983049014,6.650264880497465,59.872532926865084,13.261972151179368,10.11686527387606,7.206131499883783,10.166759125930387,6.007729694754242,3.771310212964797,4.301736603245489,19.298529821551117,7.40326262038245,2.0154185579690775,5.743881968923519,-6.283162357082012,4.500504869122945,-6.040595597756908,4.371428520989311,18.054033124650847,6.2203885333101985,-17.747807326171625,5.821466889567879
3628_20220826_1030,26-08-2022_10h30_HIVE-3628.wav,3628,16.0,HIGH,160,320.0,322.0,-582.1853526294416,144.9806830725556,72.9050639899846,18.46859532066609,17.420990985221913,8.272169893240124,61.01050622001385,15.186100066376996,7.533618763134949,9.409809933389335,12.027711333522635,7.627659197694228,3.99309804118222,4.755407668189667,17.760563124742433,6.399969029179378,2.760012741616665,5.106424586338828,-5.258054278117475,5.001755913264171,-6.362138088041793,6.181542685246005,17.530101717754437,6.552626546634694,-17.941280964632515,5.946571817858959
3628_20220826_1030,26-08-2022_10h30_HIVE-3628.wav,3628,16.0,HIGH,161,322.0,324.0,-585.3690537529747,140.91669375648917,77.31731855780757,17.777430085158464,17.5784794636779,6.341417832464101,57.573556351519436,13.520732949401982,7.87243614712284,8.49520098201325,10.367894631582415,5.991821179958403,3.585947765614908,4.6973082970696645,18.214629314487333,6.083950109121556,2.7582352060681696,4.265097843236705,-5.765333158872372,5.400220296706565,-4.447596016594817,4.645321725156794,17.99196898622009,6.511263045535226,-15.986035967349636,6.115951699484681
3628_20220826_1030,26-08-2022_10h30_HIVE-3628.wav,3628,16.0,HIGH,162,324.0,326.0,-578.6832169291984,146.5205574537344,76.66762262020238,19.34251116347569,16.82411513128344,8.30398563165076,55.303985469522864,12.518362166030188,11.443543744608158,7.3157447412360606,11.150722166062904,7.069226356065671,4.92777648300803,5.508463327629165,18.964937180747427,5.632135689861091,2.83834915800279,6.15075240016312,-6.47786685525602,5.090645241089906,-4.976144476563046,5.350483510251961,18.918086366770734,6.995724064105005,-14.104820330794759,5.91417992265718
3628_20220826_1030,26-08-2022_10h30_HIVE-3628.wav,3628,16.0,HIGH,163,326.0,328.0,-584.0145946696134,138.20787618431856,74.54671483053642,17.864257750320885,16.31985343602701,7.218868562348259,57.681661519841114,13.801447535294216,10.29883987368321,8.208287650104891,9.069017841874873,6.078028710953367,5.388922948904666,4.742877955451287,20.78167591232447,7.795037626508928,3.514385180077175,5.251892868469852,-5.930010380046774,3.93855389895383,-4.864880690245052,5.4638341045036585,17.66792191576121,6.325644644847417,-16.242210804168625,6.139251057663372
3628_20220826_1030,26-08-2022_10h30_HIVE-3628.wav,3628,16.0,HIGH,164,328.0,330.0,-586.6849720650338,144.03796524851217,78.31942720544414,16.103029196550256,16.341185395238927,7.115504301339726,56.41701892127004,11.696569207367826,8.722763619761322,5.748547577788945,9.16400400434647,5.099153210918629,2.035031716507647,6.101351186793086,18.863776561769484,7.13395010364431,1.5108029379916073,4.628461242723072,-6.148457607520325,5.408122119712111,-6.533554028676468,4.426759247592222,19.582698606401525,6.765711692963082,-15.190597688019581,5.149449263427659
3628_20220826_1030,26-08-2022_10h30_HIVE-3628.wav,3628,16.0,HIGH,165,330.0,332.0,-585.1007564942888,143.52546197511944,79.22092020586426,17.526049913242918,16.03565410218974,7.554917434385229,57.096364647856525,12.916866043304482,11.020930684063861,8.100727353105551,9.490754371035488,5.834337530937228,4.237570470507845,4.771569196060653,21.37000753321902,6.637445582386074,1.3806674576054199,4.822150315338992,-5.7065504297875185,4.34935727646192,-4.7252812419322066,4.976064932165584,18.441457231085717,6.29419006919077,-16.906360554059457,6.244140240025526
3628_20220826_1030,26-08-2022_10h30_HIVE-3628.wav,3628,16.0,HIGH,166,332.0,334.0,-586.2177846025028,151.29627679924397,75.22534093685911,16.41772050577841,14.473003591309757,9.322122918367358,59.27955158595921,14.054226452714726,5.740910375311905,12.864834144337168,11.013515915912928,7.259887163209373,4.940888879179672,5.86218079920462,17.61358136317822,7.071485145945351,2.9573814718310207,4.619467349167715,-5.284518705775992,5.377617494866151,-4.857992771768899,4.693133076827263,19.646266918162855,7.133470130324939,-16.585715113873338,6.402462099000091
3628_20220826_1030,26-08-2022_10h30_HIVE-3628.wav,3628,16.0,HIGH,167,334.0,336.0,-585.79937835123,139.65556068158557,75.61473414166429,18.020317692524518,14.889195518983776,7.200341667724795,59.52975944724312,14.423642940860276,8.553454964289067,8.229260299060382,8.202513847798315,6.039466326271909,3.94777350262697,4.467862668165717,20.673383998364297,7.136711087988672,2.9860223252935976,5.080085565411854,-6.1922420115596095,4.520935721792511,-4.016604341642644,5.604762482020003,19.989470482106,6.421060916305819,-14.185147736765838,5.477777443155435
3628_20220826_1030,26-08-2022_10h30_HIVE-3628.wav,3628,16.0,HIGH,168,336.0,338.0,-584.1460510606729,137.56296107486025,71.01931754449856,17.509743468422485,14.97653608144822,6.1775784191363226,59.965319960268175,14.279248160295488,7.8868872319793875,7.8509998794970475,10.60516447071202,5.867690658002425,4.356575340796033,4.896510746531195,18.506810292919997,6.6231644093337145,4.022009237379008,5.200606845401738,-6.856894326421372,5.176015798867349,-4.33122622989622,4.654818911552679,19.339496671455542,7.052961001963901,-16.92663205920273,5.999796313602907
3628_20220826_1030,26-08-2022_10h30_HIVE-3628.wav,3628,16.0,HIGH,169,338.0,340.0,-584.0001863585455,148.20813658283154,74.61868130696982,16.463635250182836,13.632221382650105,6.372289019898099,57.65261028931579,11.96175738965251,9.642672908479629,6.895998279135473,10.612307714669823,5.573384280067852,2.005975049775462,4.961446673848444,21.131094147237732,6.101907983837737,2.548430984787886,5.254414027965852,-6.665871968064057,4.961020232303227,-5.184069012309188,4.834530139574521,18.586141039669062,6.365773237293333,-17.359653044420355,6.015869563069847
3628_20220826_1030,26-08-2022_10h30_HIVE-3628.wav,3628,16.0,HIGH,170,340.0,342.0,-583.7063805600751,145.6844469248633,73.90214504041283,16.756850321347454,18.415866549778354,6.583907185211795,57.94688041732892,12.805945571106946,11.224638585427321,7.70787016242572,10.417589410400037,5.7472681926569145,3.0217727860038077,4.665601257364015,20.951376734345683,6.582699781522846,2.856007672227238,4.762926964197338,-5.84368352208237,5.1382696340413405,-6.05248326353613,5.81026417050372,18.99470164956145,7.22744981182091,-16.07161032899378,5.991743953992298
3628_20220826_1030,26-08-2022_10h30_HIVE-3628.wav,3628,16.0,HIGH,171,342.0,344.0,-590.6007289729594,144.22977368229047,77.60152967250164,16.383037947216636,15.218011170863914,7.8169022658704606,56.532560699625755,11.904488005789105,9.881536502448474,6.660150820738431,9.592565026246625,5.485089020987763,3.848436356225321,4.477702111394885,20.90376628552154,6.411908156843809,2.1175595222066255,5.175778142476273,-6.742830453052751,5.297474235000113,-5.475171266139018,5.053040489088788,17.616691998747992,5.4583173051017235,-16.848452256824974,6.066994989605244
3628_20220826_1030,26-08-2022_10h30_HIVE-3628.wav,3628,16.0,HIGH,172,344.0,346.0,-593.9878775203368,145.29970548643024,80.87344976594758,16.94630824359417,16.551802947626037,7.311933266111519,56.01874328538309,11.800806632534735,10.327567775387061,6.73143486856179,10.50654646506265,5.383577036097081,3.421881205311337,5.645726137051159,20.974758324858488,5.647337739243542,2.3777414827224126,4.596882835379804,-5.927091975108124,3.838167379479678,-5.692886214139584,4.9715403584535975,17.906222585457307,6.043692502340554,-16.65170540127738,5.632862444756082
3628_20220826_1030,26-08-2022_10h30_HIVE-3628.wav,3628,16.0,HIGH,173,346.0,348.0,-592.1969052248344,140.12754671222214,78.5346191361422,17.863119543326267,16.04191004043362,6.754271543708287,54.45032870626998,12.211758980126074,10.816173322373988,6.559779094802416,7.768698565849856,6.481397060095004,3.993213054907638,4.747866662513225,20.155104838678298,5.910380409165137,0.16992241350469459,5.544394637353496,-5.818289429459899,4.493299318388676,-6.034692065408817,3.6915303059079414,16.795503563025466,6.882412802755297,-16.09026251522413,5.603143510017762
3628_20220826_1030,26-08-2022_10h30_HIVE-3628.wav,3628,16.0,HIGH,174,348.0,350.0,-586.4042166694555,146.05928981984147,76.67038659683902,18.350450201385225,18.068706278691362,7.776284706645293,56.56237644248087,12.968371053966193,10.474256517082033,6.095596744256929,8.036158433440876,6.268045703680026,3.0890418421392547,4.893891672194475,18.694177487070412,5.959527573396795,1.10572080141487,5.106261253039016,-7.710069978843213,4.896030815137011,-6.743288749585479,4.816607129157264,17.24814504887768,6.305179246952371,-17.008565817844907,6.148737255188382
3628_20220826_1030,26-08-2022_10h30_HIVE-3628.wav,3628,16.0,HIGH,175,350.0,352.0,-582.5856760760277,145.60762983511825,72.37388628860023,15.661078949063146,15.789804498498038,9.030157950762938,60.032269989689155,12.788303440953309,11.832038643835567,5.985247089954385,3.968991424669074,9.496727577339456,2.561572784268129,4.9244905892386805,22.892352160598215,6.985982875148393,1.4859709582465572,4.678913879677206,-8.13992432154225,4.93250250540417,-6.0649480358781345,5.132476299270268,18.541645793722733,5.996372072928104,-17.19952375981614,6.157608554029748
3628_20220826_1030,26-08-2022_10h30_HIVE-3628.wav,3628,16.0,HIGH,176,352.0,354.0,-574.2181093984169,149.76167719271882,74.44158316222827,16.30808083207338,14.724429549779535,9.48025099977218,62.43411324244928,14.076503931492738,6.24337456416175,9.449572412532405,6.132690261358398,8.00253771223524,4.839205365391945,5.464812861601631,18.2130710590059,7.124855848160239,2.1453627152646813,5.134523352654986,-8.807413086380146,5.757906264598589,-5.858827886729027,5.148992434129628,19.637119475659617,6.131532199092152,-17.525462191771517,6.456269036136758
3628_20220826_1030,26-08-2022_10h30_HIVE-3628.wav,3628,16.0,HIGH,177,354.0,356.0,-583.3444706894794,146.50932646015093,80.18094620533091,17.44909597585175,19.512023772821205,7.263698889616269,58.26719749590401,11.749541671754109,5.762906669509111,6.214069889564077,9.023597015546107,4.651745035760957,-1.6910794513628706,5.68709169446583,17.336430236444794,6.226819534682916,3.6191322582258043,5.950120206649793,-7.826639548451366,4.793291014039967,-5.9344602991395385,4.488332910234902,18.60589096336468,5.376400492011371,-15.700987838248125,5.54213070955792
3628_20220826_1030,26-08-2022_10h30_HIVE-3628.wav,3628,16.0,HIGH,178,356.0,358.0,-583.1022417769361,149.9153866970257,74.59813578845167,15.318884086952984,19.241537432582962,6.651189292044214,59.31009294254833,12.226945386234227,6.990318871631235,7.614753671753245,11.429937660954707,5.229532884347158,1.6810630061517442,5.505609580940341,18.257352199965116,5.592239032142998,5.15663801716867,5.079290966059794,-8.198315115748109,5.0118252428932815,-4.527646968166905,5.742536408382057,19.281012148497762,6.200305068016804,-16.860041332987723,5.974969758136075
3628_20220826_1030,26-08-2022_10h30_HIVE-3628.wav,3628,16.0,HIGH,179,358.0,360.0,-586.357547326053,145.57421216082733,76.40616762036163,16.267704535661963,19.14786977220416,7.419706110148154,56.271532410971865,11.945503754311042,8.356042355544234,6.2984026172081995,8.99563654052916,6.870366582731872,1.9393784197184507,5.404348163087095,19.5618767383904,5.6836547278441785,3.759811189010487,6.0787024571005315,-6.355889442153072,5.235650242039258,-5.112863979166675,5.086437550063809,15.78898272026549,5.3920772505407495,-16.596456092656048,6.215666452892945
3628_20220826_1030,26-08-2022_10h30_HIVE-3628.wav,3628,16.0,HIGH,180,360.0,362.0,-587.7550796718268,144.15595019204,75.61543479714483,16.977126202107257,18.674886605343865,7.638150896040125,57.76845490131276,12.124413004603625,8.361618360874079,6.192302120339971,10.434510759374595,5.992845262764734,1.14277716479291,4.286320562098816,19.14047598271297,6.071775214898763,3.3585177743019634,4.722405073907978,-8.386026254853482,5.043225149895097,-4.224315656531039,5.4118264516772525,17.877527930254416,6.01467204251692,-16.961221140208973,5.496242126156751
3628_20220826_1030,26-08-2022_10h30_HIVE-3628.wav,3628,16.0,HIGH,181,362.0,364.0,-588.202515547844,143.034789917237,78.5528278867989,17.00642413594807,18.473372021724636,6.261947295277187,54.55410253775505,11.470316714554226,10.255869799597924,6.176246199841857,9.859044268070122,6.268744509101306,0.3911775454298081,4.219806890494521,20.19412648020782,6.563524201072751,2.0131635359609494,5.7579761338415665,-7.611897458181726,4.363196384152211,-3.206685195978799,4.977981803019302,18.456530771103072,6.3378930035638055,-15.367581425542562,5.932245826299754
3628_20220826_1030,26-08-2022_10h30_HIVE-3628.wav,3628,16.0,HIGH,182,364.0,366.0,-589.765659389531,141.10279301979998,81.93737480215725,17.70947456424834,19.41905145716564,6.546308339744091,54.314896280929766,11.630391451864735,9.635993407277848,6.034021367798608,8.46953800389202,5.178284468263485,1.0952361529875847,3.9861278980644483,16.59418976464367,5.871832624030126,0.08765196587792438,3.870077096321823,-8.208973894339767,5.069666861054395,-4.966593106200602,4.787241677857224,15.298767535138358,6.245612041348979,-16.13539971096037,6.478234506563683
3628_20220826_1030,26-08-2022_10h30_HIVE-3628.wav,3628,16.0,HIGH,183,366.0,368.0,-586.4858677922662,148.3336283547038,74.0294410143692,16.877067700390437,13.996508066653842,7.294924638287998,56.45055089115413,12.298007938104309,7.914624939881762,6.195308374762182,9.360998080715635,7.484426984643399,-0.2991816758738969,5.397458316453712,19.04914691641154,5.711487167675511,4.962953526798449,4.765659711285477,-8.003626768370827,4.9084862795684865,-5.00996151053507,5.070797858540263,18.27586709748334,6.2061344309046556,-15.263024810273642,5.508775795374274
3628_20220826_1030,26-08-2022_10h30_HIVE-3628.wav,3628,16.0,HIGH,184,368.0,370.0,-596.8600672578949,146.65229770132618,78.44695902899336,15.368249844019434,15.052361799135221,6.516653952116401,55.65657639807162,11.890381112970235,8.749835440912529,7.412828986566948,9.250058864289818,5.3495019550063665,2.0441172647232007,4.336126398432706,20.585178017146944,6.38982595978679,2.5870174672083364,5.576846245608129,-5.538783202002184,4.521455749434489,-4.6174359143534724,4.799959233237367,19.06779508698651,6.0339429193897445,-15.377078036294085,6.237200453278041
3628_20220826_1030,26-08-2022_10h30_HIVE-3628.wav,3628,16.0,HIGH,185,370.0,372.0,-591.8503498908156,145.63282837990823,76.22008723159125,15.34148506651748,15.42989319283037,7.476114454914197,56.28946611529455,11.518930679833698,6.2125192411094545,9.359501090337666,7.137309969718571,5.306970342146595,2.090035042207317,4.936556465275593,18.806143207777367,7.583976227007561,4.172183164461414,4.439211148353696,-5.21370352703886,4.2915615723852305,-4.748688000914955,5.328703273541877,19.960028026989306,6.167105174850895,-16.284474568384677,6.24857017580592
3628_20220826_1030,26-08-2022_10h30_HIVE-3628.wav,3628,16.0,HIGH,186,372.0,374.0,-597.7412489126352,145.02398874606712,77.94811220556727,17.078295034422254,16.24873819934603,5.297039009706366,55.00811683880308,11.635652259608339,9.849099070662271,5.562522666699335,8.448658752995268,5.7731586689165555,2.0775348560407827,4.050810585711044,20.583915197344336,5.975040629357306,2.650207878300153,4.7754319258494835,-4.638552672035708,3.9953397534993016,-4.218572517764247,5.063863889383022,18.309271720256692,6.493583219160638,-14.728225018976563,5.303988695194729
3628_20220826_1030,26-08-2022_10h30_HIVE-3628.wav,3628,16.0,HIGH,187,374.0,376.0,-593.6751192521683,149.8207594110971,74.13992719118464,16.484715201234035,16.067093190675134,6.709088075868661,55.21637552513205,11.224417591591807,11.572304667311792,7.400133546182391,8.177442062440072,6.522408411535044,1.844878962053267,4.787354170315819,20.820477887226016,7.0762773571507145,0.295336121772513,5.941061774709761,-6.77079255796935,5.464696941163803,-5.238500032861132,4.224824230178564,17.54016349405698,6.194356466852693,-15.120974866270393,5.749989793612856
3628_20220826_1030,26-08-2022_10h30_HIVE-3628.wav,3628,16.0,HIGH,188,376.0,378.0,-599.2410441875633,145.12327164403294,77.27092515292804,15.28120635198966,17.238790441066378,6.134026338075051,56.90619328511565,10.419001588971243,13.830125315839146,5.557650801032779,8.351119762047475,4.77257402003988,3.470542400882537,5.04588553470209,21.364431660848798,5.819460469956857,0.7425991740971535,4.0875061718464885,-5.840756506484004,4.646153177296994,-4.695690015261553,4.708437337934183,16.57162540564861,5.312866536455627,-15.770322948025916,5.1943724646478096
3628_20220826_1030,26-08-2022_10h30_HIVE-3628.wav,3628,16.0,HIGH,189,378.0,380.0,-585.1591020720335,150.60722205286498,73.95511845540175,16.76117417268107,16.662393556695086,7.782344677057905,53.947444445248614,11.818803831760304,11.909919269150741,6.58167690685914,7.146698865412627,5.415301630782108,1.841137492469403,5.340512211595264,21.110881867575927,6.404028398668638,2.6525173223489626,5.11759859288272,-7.130373211660645,4.658695263619064,-6.031088366496149,4.00759929650371,17.315272332011926,6.645977869954475,-15.912072651422514,5.657120382597573
3628_20220826_1030,26-08-2022_10h30_HIVE-3628.wav,3628,16.0,HIGH,190,380.0,382.0,-589.6021981520071,145.79155534381536,76.23510447973378,16.670349840715495,16.82708151648216,6.539103860773886,57.27738887897864,12.40889787541242,10.485898281768236,5.909954656726907,8.054000807684451,5.883919364374834,3.2183200231778075,4.939789235227794,20.4490684550753,5.768981368899865,1.651896546985098,5.013700925467213,-7.788632285325956,5.462326728557164,-4.805558679169948,4.816046460288633,17.687526284469225,5.841890438450043,-15.914665110846242,5.405380600715311
3628_20220826_1030,26-08-2022_10h30_HIVE-3628.wav,3628,16.0,HIGH,191,382.0,384.0,-583.6354834690765,145.64109187774858,79.70169881842239,17.68829896585618,17.445568759454027,5.983829941525546,58.542612529513285,12.630894518771358,5.001381737399272,7.565041882881841,5.740463482426302,6.11667308608067,0.7289349164760003,5.886084275450185,18.109249201570723,6.307294131158745,3.3816050161892983,5.028303014467579,-5.923050257878634,5.054709173886904,-3.463872084159965,4.53750309437639,21.15038996404104,6.803823377980102,-15.635681150736469,5.722230705034987
3628_20220826_1030,26-08-2022_10h30_HIVE-3628.wav,3628,16.0,HIGH,192,384.0,386.0,-593.1995000112587,142.10485752655407,78.50357631750808,16.661585969339896,17.329703551949983,6.933350367250165,58.194530923582334,12.47613501471748,11.808016023905031,6.087879908415651,9.267461304576987,5.157337040025851,3.4804616808271387,4.282205504900585,20.525747657845915,5.690187008789105,3.161990097404457,5.131659738904817,-6.006086468603344,4.509009655381405,-3.878126044750141,4.2220730628080325,17.454143299587937,6.02601470070434,-16.62164825782543,6.025042289790374
3628_20220826_1030,26-08-2022_10h30_HIVE-3628.wav,3628,16.0,HIGH,193,386.0,388.0,-594.7405888788024,142.72550780841732,74.94018607436803,15.970560931368855,16.8110243770626,6.457753017771275,55.91925173450488,11.55830492736442,12.054793780287786,7.600318065207165,10.465309239713608,5.227369074779291,2.231394425065595,4.051604769623212,20.76010339571864,6.09194991142324,3.4271472304294885,4.207393892548705,-5.853721356493475,3.99546006563874,-3.661246719342655,4.677246653475125,18.336979988171613,6.621776920207878,-15.976878605833505,5.591620042782766
3628_20220826_1030,26-08-2022_10h30_HIVE-3628.wav,3628,16.0,HIGH,194,388.0,390.0,-598.9355470998171,144.2319981162746,77.78266582252131,16.1037531337976,16.646051875293832,7.145753474174372,58.48331050608359,12.179174247918777,12.837713188454513,6.5803629448415375,8.39656112813702,4.862164107531584,2.7463457580671715,4.096286600528424,22.614693798361223,6.480039880400537,1.570265368304102,5.127756457147114,-4.117481405570187,5.251448248749717,-3.4066873474761445,4.798831605670222,18.150784802784177,5.652171781778437,-16.034437253688104,6.012684583457832
3628_20220826_1030,26-08-2022_10h30_HIVE-3628.wav,3628,16.0,HIGH,195,390.0,392.0,-596.1059371437984,139.61312280174963,77.01311516657346,18.014700046383545,16.37539582583555,6.227779801689728,57.498624872507655,13.012507647208054,10.705293038752366,6.749617945064533,9.420423290991016,5.365568910082215,2.7573106410698336,4.670073680697657,20.83021284114844,6.596668937530082,1.4517885742960965,5.387961142318345,-4.561378274228984,4.9872704674578126,-4.092509209675818,4.718580469827145,16.805985038468105,6.0532517318971415,-17.293975859474635,5.760342285400103
3628_20220826_1030,26-08-2022_10h30_HIVE-3628.wav,3628,16.0,HIGH,196,392.0,394.0,-597.6844553579575,147.68232217406032,81.66706853526698,17.246357539738078,16.404676052104257,7.970778031268751,55.4416100865107,12.156914504554303,13.231054178569549,5.025388608119962,8.452950877320504,5.334135641023644,1.5119255754119574,5.106757066351386,22.01250126024692,6.410575122439979,0.2563588010965365,5.059784484912507,-4.592886176717438,4.592374669156147,-3.4492529809096255,3.7169923832926024,17.477320278373107,6.497942528056108,-15.378248323382513,5.7330668568777154
3628_20220826_1030,26-08-2022_10h30_HIVE-3628.wav,3628,16.0,HIGH,197,394.0,396.0,-595.2539640334361,141.79354977242372,77.14850731285571,17.452158993250187,16.01437348684133,7.676720666889869,55.5782511026753,12.786458520983123,12.352525134177345,7.163416759412292,11.39823449489803,7.02722036882992,2.3697500865592613,5.7522079851193295,20.546144505334393,6.568111492615985,2.1620988136458923,5.536060374883756,-4.92552783885456,4.941785146697493,-4.142547549945642,4.024228850304354,17.046953659079083,6.556373422945758,-16.40992042059888,6.167320322441365
3628_20220826_1030,26-08-2022_10h30_HIVE-3628.wav,3628,16.0,HIGH,198,396.0,398.0,-595.5328607529614,136.5020435323134,77.51193651563806,18.301189299168023,16.0909880828811,7.014476714779197,55.759110237650084,12.857263961522394,12.165543112009773,6.381938114320156,9.9584603550891,5.401100634437315,4.1559980833557555,4.671024528813962,20.68297649180802,6.37339840708125,2.4485593130588232,4.83467483361122,-6.079259855655321,5.210319198432552,-4.298036844913171,4.249083544386395,16.50196230637219,6.65975475398899,-16.148981773530533,6.109271478887673
3628_20220826_1030,26-08-2022_10h30_HIVE-3628.wav,3628,16.0,HIGH,199,398.0,400.0,-595.3739350129904,141.3749833430981,76.8213838560815,16.081926928505784,15.20657074647603,5.989208378382883,57.78325173512627,12.311803477004581,11.426845532759442,6.487351864679471,9.821292479890069,6.008000516919971,3.9891504752484837,4.244149558436537,19.963620430789305,5.947550166378931,2.605026128168694,3.9882918114035726,-6.213995560139133,5.42086378722097,-4.2569204498472315,4.9036951398667625,18.17122279308087,6.457013776138035,-15.798334010838998,5.725501949336696
3628_20220826_1030,26-08-2022_10h30_HIVE-3628.wav,3628,16.0,HIGH,200,400.0,402.0,-593.0993456620291,140.93443976211478,77.35361641145636,17.28811410816141,18.192874140061544,6.829710417976091,57.71832173889692,13.38636264352758,13.394811768819977,5.734327746781568,9.61388358383002,5.725781944432524,4.072714291370497,4.633985379353829,21.29272163694706,6.188447271047664,2.090576073190117,5.10925388366657,-5.014862743281959,5.126498274034873,-4.176092311760506,5.365896166130905,16.549195881609716,5.7846441558642505,-15.873718186204298,6.129037462220016
3628_20220826_1030,26-08-2022_10h30_HIVE-3628.wav,3628,16.0,HIGH,201,402.0,404.0,-593.4881416680638,142.6918543453397,80.63155275108603,17.13640443226874,17.212425708800023,5.662508777915597,57.05639542309032,12.199316828249728,11.733250179463564,6.617887181284445,10.23750884880736,6.163034721115464,3.9222729111043044,4.854230266977105,22.17947496680879,6.582866135135782,3.83578239891461,4.642483791278071,-4.359853252355299,4.069839834617597,-3.258202552135412,4.863922966260261,18.364585593121628,6.273650286741912,-16.68033611822171,5.8537595044711965
3628_20220826_1030,26-08-2022_10h30_HIVE-3628.wav,3628,16.0,HIGH,202,404.0,406.0,-586.3932671419442,140.25658437783562,78.4828304722877,17.747159660517603,19.21883214683624,7.806523933308611,58.74860204913705,12.999565580986115,8.601200008317972,6.889089139518403,10.801913489452057,6.133620482120445,4.365257923241481,4.746490109233023,18.98710858676852,6.24245966161196,4.5878978158003925,4.743502669173731,-6.289854077676171,5.216977478005241,-3.864975442417128,4.980345166703338,18.30886794064507,5.409430151382176,-17.054250454955444,6.328548690231732
3628_20220826_1030,26-08-2022_10h30_HIVE-3628.wav,3628,16.0,HIGH,203,406.0,408.0,-592.104512034445,143.03581188117832,77.52691118189503,15.694219639107361,18.939379627308867,6.231231947627723,56.63840485041827,12.174850208789007,10.689604853266527,6.728617946751707,10.727658653002825,5.829690313438344,2.211762026350496,4.514706088615975,18.6743547506075,5.825121438113105,3.0416211357068743,4.216152664734852,-5.928505138635871,4.464610153013493,-4.242525950462088,5.384342008630162,18.433569303923772,6.036622968623036,-16.54652438292003,6.273155674843072
3628_20220826_1030,26-08-2022_10h30_HIVE-3628.wav,3628,16.0,HIGH,204,408.0,410.0,-591.756428530023,142.84395507532344,76.5940163490353,16.804784422545843,18.016277693362696,6.562384277343023,56.31019650728454,12.123446842721563,13.761601393092931,5.752519037337922,9.143554135088563,5.11218720623594,1.8023448157029356,5.260201346947291,20.96023008918885,6.020626768923743,2.2456075924044043,4.835706826568123,-4.909269416617924,5.551830480412057,-5.127209286243478,4.872102338918442,17.030933982237247,5.985121749755706,-15.509737537140639,5.277451566613798
3628_20220826_1030,26-08-2022_10h30_HIVE-3628.wav,3628,16.0,HIGH,205,410.0,412.0,-592.4201689660856,139.72777860196487,79.65380815306095,17.385389982755797,16.778700852379227,7.765810137623802,56.32132124448511,12.524309093875468,11.257377444497306,6.0496878140526675,8.888206032737152,5.252201606679467,4.368918308963167,5.148799524423882,20.865486092861982,6.9545918181536805,2.0170732949429344,4.5854301821401,-5.490551424344664,6.174500496187721,-3.559149379536463,4.399197408235149,16.508938680467523,7.047684032524126,-15.933605107165615,5.38563348034818
3628_20220826_1030,26-08-2022_10h30_HIVE-3628.wav,3628,16.0,HIGH,206,412.0,414.0,-589.410811219713,140.52807475432053,78.4260826062217,16.143931707345033,18.233755584521944,7.19720456512163,58.200771884170386,11.822892435696753,14.711738693951993,5.076873185460251,7.631436738960092,6.006656027827441,2.5973725785045225,4.7036560547098745,22.202883679460633,6.718797140874833,1.542359402426263,4.971780923511976,-6.090438930923968,5.3609604464840075,-3.943794729194054,5.104895917723253,16.976677874578293,5.5811357812079745,-15.694963698045093,6.14707298921073
3628_20220826_1030,26-08-2022_10h30_HIVE-3628.wav,3628,16.0,HIGH,207,414.0,416.0,-586.4337918419675,139.9984247445023,75.82905603400475,18.419238333008206,15.214791456227681,7.114466258688486,58.54307445404049,14.07267508282304,12.056490828252223,7.027771327189114,8.429702807951985,5.688533505937016,3.36142180128994,4.288063520212276,20.464400680297732,7.68549647362734,0.6084707372184256,5.187866763506585,-7.170928444794323,4.318804347601878,-5.172537686342539,4.47703852982945,17.387093328180594,6.450994377538345,-15.867395157012407,6.09589651418379
3628_20220826_1030,26-08-2022_10h30_HIVE-3628.wav,3628,16.0,HIGH,208,416.0,418.0,-582.8898833850207,139.63151652227103,76.84549484509624,17.342542899461787,14.823499701872118,7.111771791252961,57.23142856055108,12.556257881111234,11.45268394612607,6.249725919258249,8.252364196153497,5.198592736284887,2.2626718548739557,4.349520286437576,19.602498738261925,5.658755213464358,2.070442194834229,4.971372486206213,-6.5249142446574,4.996866595773061,-4.446025081174179,5.659794448031867,18.046761293818783,6.587368238852009,-15.626635246140136,5.478661449889062
3628_20220826_1030,26-08-2022_10h30_HIVE-3628.wav,3628,16.0,HIGH,209,418.0,420.0,-586.1863982903758,141.11669134199218,75.6652379239154,18.134204586520923,15.813143185810931,7.65353701678465,58.268129065457146,13.472932060607546,10.593054337537824,8.179078442943347,8.909898111091152,5.93914783188522,1.898495229281315,4.727985091031826,19.32750033969278,6.3233124080321,2.308492937296645,5.604018038120568,-8.238808437745632,5.070733106409573,-3.2840283934156664,4.621323586036242,18.557426833904234,6.5490270229419325,-15.930203316295563,6.247895994679899
3628_20220826_1030,26-08-2022_10h30_HIVE-3628.wav,3628,16.0,HIGH,210,420.0,422.0,-589.7639488038662,145.88018902559048,75.23985238804529,17.131979028115484,16.531094715492223,8.902089106552229,56.51045051903231,12.334981063423204,11.944366150628197,6.804148534695148,9.315956277436428,6.427149745044147,2.8192832511506936,4.981707405226147,20.80968978046361,6.459660867345729,1.750931334614936,4.9786784325120745,-5.414081697381497,4.754208749031097,-4.332661493795887,5.024560605092418,18.565865853649814,6.5268419515528615,-15.984249217755943,6.276416710954017
3628_20220826_1030,26-08-2022_10h30_HIVE-3628.wav,3628,16.0,HIGH,211,422.0,424.0,-590.3691465032797,146.84298898523662,74.29885062362459,16.27038850072551,19.042966837547464,6.430988035958809,58.39931243805703,13.236567354143903,9.300229896880511,6.480873687263754,10.663212885462226,6.508635751333403,2.4472272677765585,6.238356685586468,19.78598016347228,6.1757693838318835,3.2353924217489274,4.081370932325158,-5.436301713070907,4.393179679832852,-4.3901746001473585,4.328750229678553,19.313049511985863,6.419761892727276,-15.697799720390956,5.882830156444402
3628_20220826_1030,26-08-2022_10h30_HIVE-3628.wav,3628,16.0,HIGH,212,424.0,426.0,-586.187432643643,143.88456457936184,77.02130268191473,16.782661498706183,17.437268813623337,7.4086495945375725,57.1583509478361,11.901889875086244,14.096461291682157,5.427695575646263,8.20892219900046,6.041489403837571,2.101258024335824,4.7776090245936444,22.538293134632305,7.1488160647175665,1.4817956816316145,4.504246527372384,-5.5155531953050305,4.990866963932247,-3.4089210422084104,5.638559230971704,19.39560169720435,5.913575611174218,-15.389413154259202,5.781654941642295
3628_20220826_1030,26-08-2022_10h30_HIVE-3628.wav,3628,16.0,HIGH,213,426.0,428.0,-581.0556206089386,142.90051268755198,75.36998453367941,17.99440705856964,16.934992760882473,7.317418355002586,56.368514581314166,12.732922862559187,9.655385027841866,6.993249547862647,5.713444310425244,6.740096782972309,2.843567208212727,5.5361916224721845,21.841062882742722,8.17770038125905,2.2052520070079273,4.629299877310254,-4.989282871028718,4.575879328734298,-4.698681189761907,5.346243788901265,18.24149391259542,5.294511180944395,-15.286872319547713,5.5153319234988265
3628_20220826_1030,26-08-2022_10h30_HIVE-3628.wav,3628,16.0,HIGH,214,428.0,430.0,-591.7570346433886,146.0209573608419,81.3579294520322,16.970817240449744,16.45981482439482,7.145454834585295,56.80324492727503,11.516728048207936,10.362086993307027,7.602009216036878,7.604748344430643,6.5513615876345686,2.4881520208988546,3.9203676127290716,19.820135211568395,5.886177010679565,3.174675519020786,4.336374775716978,-4.670186253839882,4.807858324383099,-5.535475267389706,5.4555867462607015,17.816335169103382,6.284637762193589,-15.36548215572715,6.136010622622574
3628_20220826_1030,26-08-2022_10h30_HIVE-3628.wav,3628,16.0,HIGH,215,430.0,432.0,-588.1592560466481,142.4768718835622,80.34324533083081,17.198891315698493,14.664109588902962,7.139103506539066,57.34112355610576,10.822396192930025,11.805899015809956,6.8567331287373365,6.537505044235389,6.554883016994424,3.253282989637353,4.501881810101426,21.423391800720403,6.56330102814429,1.0755190299984332,4.847771955586691,-6.175907369952988,6.082274689763521,-5.1085810235728175,5.637520437663812,17.981129359212826,5.780045560179709,-16.31431322248369,5.577105203072075
3628_20220826_1030,26-08-2022_10h30_HIVE-3628.wav,3628,16.0,HIGH,216,432.0,434.0,-585.169634223881,139.4223938524575,78.02699109244637,17.64468074017778,15.484614223599207,6.475319404202479,58.08284709306198,13.392778552706629,8.043926916114096,7.300889982496466,9.234804823425259,7.427509055081774,2.2347191824648527,5.763403967406333,18.993471655486307,6.967475295213316,4.797595790009935,6.0149076835834006,-5.303917698374994,5.79027724052657,-5.354888650708462,5.082528893866768,18.666677913030192,6.250387046369121,-16.220654306000267,6.258164688181083
3628_20220826_1030,26-08-2022_10h30_HIVE-3628.wav,3628,16.0,HIGH,217,434.0,436.0,-585.9625703442026,145.39485856187292,75.32759618070746,17.64863256929341,15.946307106571325,9.327477058223526,59.345745088998996,12.568863592088514,7.222088184918438,7.861831274511705,9.242996649109175,7.713709374130702,2.9601271156598172,5.690762820955719,19.41247033009098,6.029748817236681,4.04125800052155,5.590024452095425,-5.626146142057223,4.822620336512778,-4.809354754131001,5.232234886021643,19.379652354498326,6.488332979596409,-16.451697261256836,5.912816729672339
3628_20220826_1030,26-08-2022_10h30_HIVE-3628.wav,3628,16.0,HIGH,218,436.0,438.0,-576.736965313041,147.90655530682807,73.8550482551126,16.52211799392851,13.165080886059455,8.501445163962746,58.068500317175356,13.51439488857493,6.202308800858694,8.709735345624313,8.524406224410159,8.292391488023828,2.9156942190141657,4.7189662965070704,20.101258239442483,6.752026852712169,3.5513370505832444,4.948677878370776,-6.20810761873446,5.547880184417019,-5.050673071811182,5.28972995336941,19.66029403350463,6.22360984742628,-15.848474461897025,6.435945050768546
3628_20220826_1030,26-08-2022_10h30_HIVE-3628.wav,3628,16.0,HIGH,219,438.0,440.0,-580.7795760447841,144.7714333464209,74.94670561352757,15.82933314002679,15.893161004708517,6.567978630494312,58.85128759625908,12.134119664418492,7.2565114360761624,7.164918192518783,9.813650140511402,5.785758501977233,2.5857763727529135,5.182665032916428,19.990947716130037,5.931269563080241,3.7406317993491194,4.492277416800101,-5.4560618355449675,5.462352862244265,-6.078658493372812,5.144327901165261,18.451146071800437,5.962625559002481,-15.918895249716341,6.025118559397138
3628_20220826_1030,26-08-2022_10h30_HIVE-3628.wav,3628,16.0,HIGH,220,440.0,442.0,-578.9507837385657,141.37862463898284,76.16596092690999,17.20419481905479,16.558471499863185,7.841599529996652,57.56316107795273,12.566496692932533,9.79134571101304,5.967611763804959,7.979604896738917,7.705337461469261,2.0824868866929704,4.887500312734346,20.016276372192603,6.640577104372128,3.467176257089036,3.9385103113360023,-5.27916359110209,4.980260747483463,-4.803704121574727,4.699789539819459,17.57073631468121,6.332554448069233,-16.23516388129415,6.079847550892519
3628_20220826_1030,26-08-2022_10h30_HIVE-3628.wav,3628,16.0,HIGH,221,442.0,444.0,-585.672301923848,141.66901260998952,77.9546808387907,17.34488749333379,18.492691392816127,7.017032611913076,57.03924053419741,12.700372421179178,8.521736203269965,6.879177080637185,9.028234580857658,5.600983927520418,2.4308720870890004,5.276429680218418,18.744352505025343,5.819658077667012,2.352832258277802,5.0163732382910275,-5.1864441803149175,4.471789109260744,-5.282851447453715,5.379771953985066,17.533140018755976,6.383256829115854,-15.589406760591507,6.482980461839529
3628_20220826_1030,26-08-2022_10h30_HIVE-3628.wav,3628,16.0,HIGH,222,444.0,446.0,-580.079992328155,139.2552060521465,77.50485693442326,19.10899142094251,17.277553097801643,8.300762118787006,57.38271271677074,13.772427342737558,9.862345394235705,6.397821482421731,8.096647255774553,6.22614425386399,3.1365944726632398,4.657981464132211,19.36918179112124,6.571825948095098,1.798939374795995,5.308977907264276,-6.353997470094764,5.12891682850301,-5.312851941222892,5.278969611676244,16.7675370578347,6.11191136926926,-15.678023048463471,6.713063897965454
3628_20220826_1030,26-08-2022_10h30_HIVE-3628.wav,3628,16.0,HIGH,223,446.0,448.0,-579.1349817585777,141.6269374024656,76.16628965920609,16.97236437050004,15.279674673990263,8.503963682120245,60.90355566541101,13.232107823261545,10.157653775891928,7.717500066945408,8.061782079015527,7.638788695586302,4.080965538951818,4.708636364366096,21.611442924806873,6.452777398750736,4.15056749500335,5.098574040205803,-5.956021118585226,5.032497951245171,-5.611322555578134,5.415428317334151,18.566210204361894,5.896730188217194,-15.73486276817109,6.162036589538902
3628_20220826_1030,26-08-2022_10h30_HIVE-3628.wav,3628,16.0,HIGH,224,448.0,450.0,-585.2845870112501,148.80316270882687,78.28331831273036,17.253008672620894,13.563842295275892,9.874587971279402,60.62979563410154,12.90540326400564,11.99744235713185,6.490240196678928,6.216984073275975,6.778415676471715,2.336961235003267,4.908260829648293,20.849132708449606,6.849557350204372,0.3199904984452717,4.5418808461727265,-6.025765692107964,5.1643525113453865,-4.560525418738704,5.398594396471292,16.186116771962553,6.238057776805209,-15.824488947579914,5.5404869890849815
3628_20220826_1030,26-08-2022_10h30_HIVE-3628.wav,3628,16.0,HIGH,225,450.0,452.0,-582.0008796904228,150.3507836681557,75.72108294466662,16.29954121535652,11.137073691836829,9.60883157967342,60.22169589610332,13.493107979473152,8.27127202458807,8.620496980659265,7.813461536994022,5.987353323321743,4.106125877269935,4.874450240490755,19.03633022089374,6.870736758584504,2.0011931027518672,5.833275718434403,-5.346532000719214,5.509501677253257,-5.787215130730877,5.276551515255549,18.926895631794228,6.543586797351303,-15.629506506487473,5.665730405014029
3628_20220826_1030,26-08-2022_10h30_HIVE-3628.wav,3628,16.0,HIGH,226,452.0,454.0,-573.9606810382132,148.49421471413046,72.14954289482763,17.667113916160623,14.519193330180354,8.54153533341683,61.38884591217423,13.245806816066874,3.769772735320301,9.00536302253146,7.530396628241416,6.959925194033173,4.381966139160918,5.2960087265715305,19.252515180246682,7.8298049199653,3.1051678833466116,6.002986874184047,-6.266304377626424,5.368697305086423,-6.05230380563502,5.216447738541895,20.417349410930782,5.72434056994446,-15.99654027377871,5.6942200222139085
3628_20220826_1030,26-08-2022_10h30_HIVE-3628.wav,3628,16.0,HIGH,227,454.0,456.0,-570.3288502396538,147.25161303492666,73.58256291416563,19.242597481792934,13.745214222772503,7.814667361107596,59.54206742053121,13.085665273961853,6.912692143151907,9.890539606222791,9.763653251116802,7.228419907478726,4.228540255236961,4.607425684784218,18.337120825859085,6.8469033726428945,3.4890886251204773,4.990679159358283,-5.173597120736329,4.939484707555525,-7.093158709146484,5.229580338427023,19.985368317610853,6.636028990033575,-14.939372634302414,5.8571363696579555
3628_20220826_1030,26-08-2022_10h30_HIVE-3628.wav,3628,16.0,HIGH,228,456.0,458.0,-575.6200443082992,148.6615481230614,77.25410661509453,21.017507666182336,15.700289197460375,6.452981017961453,58.784849277608934,13.591811132732046,8.759524811973566,9.735336843066356,7.389155333666345,5.478697484217324,3.703383115384784,5.91042909722591,20.190166604416902,5.564415340302202,2.7150231430877265,5.010250691853208,-4.245699339456275,5.386551548179248,-7.392437256720927,6.008671000465051,16.797564350476833,6.439602023127331,-16.17050929326609,5.7208883077169075
3628_20220826_1030,26-08-2022_10h30_HIVE-3628.wav,3628,16.0,HIGH,229,458.0,460.0,-586.7053334440138,138.79970534924385,77.03473164863082,19.419343611234442,18.218269020293732,8.151425785451536,56.45480688045406,12.05198079768336,10.625421014740859,8.846362381451915,9.721777022069352,6.322541179975012,3.9526789111339027,5.846373479262413,21.310994897329202,6.747332293850824,1.3770248802347957,3.8697460203626926,-6.345149368736807,5.30335306096782,-3.938830475427666,4.587820677263432,17.630019460978083,7.36182346997462,-15.688371250494212,5.39333371396052
3628_20220826_1030,26-08-2022_10h30_HIVE-3628.wav,3628,16.0,HIGH,230,460.0,462.0,-589.1693245384479,143.08185862355103,77.77776922379164,18.58758302273888,14.896051089311484,7.145229065064983,59.54908301412696,12.913680576343872,9.455918850050907,8.37240371553358,8.380778441787038,6.202182955108512,4.248242453489409,5.0236751884638995,21.13881539677506,6.566132328761214,1.3759840795758942,4.812210551553204,-4.71730401271879,4.7080106563156505,-4.891796541533176,5.275724218210227,17.284771494202165,5.691726236772732,-16.66936828460587,5.636138204256233
3628_20220826_1030,26-08-2022_10h30_HIVE-3628.wav,3628,16.0,HIGH,231,462.0,464.0,-591.5344702262755,140.08644575215794,76.32894569348713,18.257256101616527,15.323601608089453,6.2852297067991785,59.72040579745522,13.318078508427327,10.486584260839647,7.677195732379787,9.82905325403287,5.809550711493559,4.317177187974683,4.718021546675727,20.97038558435198,6.13731976348632,3.1354568234479023,4.9053006978632485,-6.231823316542095,4.526109969048184,-3.8214167300387967,4.7492095661812535,17.446239121484886,6.691912474993591,-16.827864886862137,5.75330283304079
3628_20220826_1030,26-08-2022_10h30_HIVE-3628.wav,3628,16.0,HIGH,232,464.0,466.0,-588.7109712805023,143.32083702234024,78.56544935915998,17.08108053420211,15.381955425947385,7.035601262553084,59.47815521561404,12.737791880068409,10.709167723764441,5.706548182720151,9.795684940590478,6.380608619011008,3.706470228541778,4.765345220163404,21.516179943148057,6.221767654678656,2.1188726937317397,3.9656977234714454,-5.842493454081133,4.699960878939142,-4.455152839525318,4.536621047586416,17.570170204443755,6.061248101609102,-16.830171545898654,5.7419855109043105
3628_20220826_1030,26-08-2022_10h30_HIVE-3628.wav,3628,16.0,HIGH,233,466.0,468.0,-592.8101928761928,142.5488038790528,79.09340346566653,17.42272061019398,17.798109332625053,7.154673989650449,56.08019003243243,12.027906329530566,11.852832477841297,5.825650445711744,10.281700862098555,5.664378492896967,3.9199135656447965,5.108831880195689,19.076285129954943,6.512320243135967,2.35653544762028,4.9584703359467905,-4.125802349008323,4.979454181280633,-6.098366775575465,4.533239138102663,16.375545605853763,5.992123405393565,-17.10347708458712,6.410098492346453
3628_20220826_1030,26-08-2022_10h30_HIVE-3628.wav,3628,16.0,HIGH,234,468.0,470.0,-592.5483201398245,138.32310869332622,79.96110199988925,18.315913947999334,16.620790501592754,6.828922652954151,56.05715212839763,12.49589065456017,13.898534449938897,7.406032771443471,11.661399483836968,4.910039790709869,4.76576734066038,4.566014113527976,20.263800998284882,6.226221776299532,3.3879732377296863,4.069546388223161,-5.596838222523769,4.905400423459696,-3.875421143409333,5.178501438281108,17.38919075324159,6.250130083304273,-14.862660242202692,5.835676882883461
3628_20220826_1030,26-08-2022_10h30_HIVE-3628.wav,3628,16.0,HIGH,235,470.0,472.0,-588.0917234539004,138.86006024711418,80.57380890364351,19.27738070759811,15.747014657697855,7.051498090069019,55.596466939435736,12.455566981415284,11.868270987921733,6.347365208014541,10.865417840054883,6.436911919729505,2.2144047069303108,4.71150891627717,20.522912108516714,6.517869071840006,3.680695735579784,4.402266198688094,-5.878653018609601,4.66704875908215,-5.182694722253021,4.705160983462121,17.0066069037699,5.9312004462111325,-16.081037411818322,5.959891720667154
3628_20220826_1030,26-08-2022_10h30_HIVE-3628.wav,3628,16.0,HIGH,236,472.0,474.0,-578.7102308139953,142.24211712446188,75.39284809933436,17.701394394639582,12.308058868181421,6.381235231145192,57.50228751520157,13.248246827795322,9.183255727202223,7.6690846047284325,11.165904605443892,7.845986795212452,4.189589302155486,4.4272438852939295,18.649507948620712,5.230008429846407,4.503749224801536,5.328960075224524,-6.4849118515168005,4.491276864621759,-5.094084776575263,4.845038531623186,18.47494493751559,6.239794450331377,-16.269946906657516,6.0116437094026915
3628_20220826_1030,26-08-2022_10h30_HIVE-3628.wav,3628,16.0,HIGH,237,474.0,476.0,-587.0514688609413,141.31520036359552,79.34708724476884,16.586679699364485,11.587862248696732,6.397745964809063,56.90143182635216,11.232591915714131,10.420131758977124,6.323033874510057,9.110773568012023,5.649957239014453,2.1578792669377345,4.482129882772954,20.40700534209604,6.034295888866876,2.914477851756162,4.407391958784877,-6.220748901525092,4.629192811138944,-4.599860982245165,4.680695273241465,18.48417036925312,5.868280228070617,-17.827971259104853,5.905346641747109
3628_20220826_1030,26-08-2022_10h30_HIVE-3628.wav,3628,16.0,HIGH,238,476.0,478.0,-584.8722965010176,147.8233898398143,78.54295315532896,17.039552174327252,11.602169713089047,7.674989428782665,56.727383144101424,12.014884859841777,11.369316349412454,6.3481719249384785,7.37193129004597,6.118370164079627,3.287835627043678,5.459434290232963,22.435502570048953,6.116850535805724,2.1935776440895407,5.472978955296088,-6.0339017792570075,4.372493322051212,-4.973953049494596,5.256489355021989,17.90101388234859,5.804921727209461,-16.736408756650288,6.48557616137839
3628_20220826_1030,26-08-2022_10h30_HIVE-3628.wav,3628,16.0,HIGH,239,478.0,480.0,-582.8163078394081,140.6741603325594,75.14034925949828,19.05535010559241,15.333087115420074,7.7432016258189975,57.09379090805268,12.952775687765982,11.175886284016327,5.935801734993346,7.1987601195496,4.9358347367688316,4.831330285418577,4.813568206800745,20.556565763758382,5.977160628602583,1.923579398031234,4.522073412936988,-5.54207956305754,5.6048215585836365,-6.527090945093058,5.534322813258597,17.395063210559954,6.088868548370861,-16.31928212072119,5.750566587340257
3628_20220826_1030,26-08-2022_10h30_HIVE-3628.wav,3628,16.0,HIGH,240,480.0,482.0,-582.6694211026141,145.96943045542204,74.80935690297588,19.1000455234745,14.002612424312085,7.323980209447344,57.99634018264537,12.61145495805294,8.945421859440113,9.070802952960584,7.932191760258257,6.919522310045708,2.941625446451724,4.017196229768198,20.420593436161557,6.366203136344289,2.661449096434586,5.028664720258405,-5.163529622757624,4.109395202668036,-6.425476508197739,5.456903113814089,18.75473488199734,6.49248810648462,-17.086180436534473,5.4378227938359345
3628_20220826_1030,26-08-2022_10h30_HIVE-3628.wav,3628,16.0,HIGH,241,482.0,484.0,-584.6891233702448,141.85932370416063,75.03158869509494,18.691745298128914,15.360253589318777,6.832397787990484,58.01565281474265,12.037180181522945,10.173670090251825,6.767821563373924,9.836364793511443,5.878460952022171,3.622430582771003,5.924565666975501,21.296009505487888,6.691772555754982,1.2591217919100477,5.114106765809707,-6.673915405299837,5.284496745240578,-6.684868306305853,5.000739634197698,16.712446111959093,6.28392695005525,-16.511398090330623,5.162030439552763
3628_20220826_1030,26-08-2022_10h30_HIVE-3628.wav,3628,16.0,HIGH,242,484.0,486.0,-590.9031587352558,143.84754140438497,80.69194727208207,16.589377552176927,14.435491454831304,5.812294995079849,57.2060624116602,12.804100242817572,10.113479756357805,7.026994787397063,9.742876520880534,4.964119961154278,3.2962769521489665,5.17404112008835,20.078468050592786,6.494748753963712,1.46277667983051,5.349601058849252,-6.201787609468449,5.242171884274823,-5.429020175375163,5.143483676693452,17.51711798368534,5.782542771157492,-16.09070210896623,5.457183037539517
3628_20220826_1030,26-08-2022_10h30_HIVE-3628.wav,3628,16.0,HIGH,243,486.0,488.0,-584.8719102518872,142.00012184498473,78.99880469964326,17.60060404864315,14.744068497993132,6.515071080213341,56.9703423689975,12.398960723741931,11.756610322075568,7.370043235803826,9.120312027166298,6.098753747299132,1.6369744420280985,5.008213368607862,19.845193984676456,6.32366909169519,2.600223152282472,5.331531336783264,-6.955689678003315,4.462882179292488,-5.614563378775625,4.868839689161843,17.394985998472155,6.774879406762551,-16.518786034565295,6.222694896019371
3628_20220826_1030,26-08-2022_10h30_HIVE-3628.wav,3628,16.0,HIGH,244,488.0,490.0,-586.0083547698249,141.0159487385522,78.37683794367591,17.17368946223084,15.091948486656316,6.926515719526601,54.97560963236771,11.73768867370532,11.322132931438299,6.115009109766765,8.051552902556558,4.896021057029232,2.9398110323677407,5.2063868841128516,20.53038943310168,6.753387139666261,2.0235538336715924,5.273005348409959,-5.511382683259677,4.554809102045802,-6.116479079325706,4.636700030945051,18.09161171213094,6.319122807891675,-15.950408501502109,6.023330151763808
3628_20220826_1030,26-08-2022_10h30_HIVE-3628.wav,3628,16.0,HIGH,245,490.0,492.0,-576.6124756416573,138.7465561775302,70.77143902861336,18.62198676862152,16.26990088303628,7.268361963225759,58.40722406920398,13.418779743078247,6.659675915008765,6.576398750931785,11.522142008642964,5.561070436133938,4.617718979970849,5.405720848003926,15.044133925539104,6.986690138139174,6.578808161681145,6.218028845281647,-6.356958828737576,4.852044768868403,-7.429973084496788,5.356499002015293,18.786398948891563,6.550142076289424,-16.76717456082346,5.595972412204134
3628_20220826_1030,26-08-2022_10h30_HIVE-3628.wav,3628,16.0,HIGH,246,492.0,494.0,-586.1340382306821,135.84536571854616,78.45333481766046,17.514440059737744,15.340591694436986,6.598942032954278,58.042391469325025,12.21544237135642,11.70453665877846,5.77920496851223,8.588593862430805,8.572588030199581,4.583159102818083,5.478336034746809,20.974101068421277,6.845276887201121,2.340870819225706,5.744501055522334,-6.404368102943754,4.6214767994495025,-5.098695395398589,5.313197077638552,17.725667492578225,5.739867278430689,-16.04960156842184,5.832829488971122
3628_20220826_1030,26-08-2022_10h30_HIVE-3628.wav,3628,16.0,HIGH,247,494.0,496.0,-587.9352780592616,137.4568443249316,79.05813216417671,20.058897072376855,14.101085650255108,8.663275514786191,54.79148535028778,12.650114162948011,13.85979059320943,6.097587275555999,5.44795143672642,6.25257930642747,4.1012718164931865,4.763697745405644,22.017752519872463,6.323990368523184,0.6020309602496972,4.481781955693155,-6.188489368454265,4.084871183972834,-5.204868513249045,4.541432930505816,16.9413765112252,6.162638658349375,-14.462273007996165,5.745745064305427
3628_20220826_1030,26-08-2022_10h30_HIVE-3628.wav,3628,16.0,HIGH,248,496.0,498.0,-582.8634246785015,138.82659493781122,76.49386835824096,18.679053304969365,16.385396838948573,7.632000249062994,55.21288296737397,12.078946862636101,11.14223707814132,6.628935931979952,7.62827442938562,6.828621698020798,4.504424241841129,4.768037117498055,19.43266099694659,7.96726364697187,2.6625220496725497,6.702249641184646,-4.9407863376902785,4.689226513537187,-5.782347510413166,5.928415454525277,17.74003584634879,5.715033242093426,-15.226345553185464,5.857482722863879
3628_20220826_1030,26-08-2022_10h30_HIVE-3628.wav,3628,16.0,HIGH,249,498.0,500.0,-582.8003254713354,136.1715810430316,76.75855438663653,19.359278288348353,17.288708398447486,7.897779255926984,54.612844322742944,12.496170975348472,12.97523710810187,5.536161787855896,8.900564589335993,6.151282764606232,2.8407104252554887,5.496017287388127,19.317813615076552,6.048821205427964,3.69715308706773,4.099802221995983,-5.053304219086504,4.863566222819262,-4.101982673751715,4.021544103540735,16.82619071893202,6.14157312709906,-14.443541172999764,5.275860778432786
3628_20220826_1030,26-08-2022_10h30_HIVE-3628.wav,3628,16.0,HIGH,250,500.0,502.0,-586.1239280552219,145.19053899768826,80.23353934771536,18.035933977551313,15.701993948001888,5.545183841554586,55.10139944147763,11.37309826332216,13.034696468445404,5.790309622123824,9.943760447223204,5.489591954728759,1.6741730413049265,5.297058826235418,20.132616487511985,5.914179212501989,1.530272206348921,4.929249110196572,-5.56214886574096,4.53184850068111,-5.646198875189678,4.6301295988367235,17.328993973055336,5.791659294507363,-15.987644752430723,5.642518218132515
3628_20220826_1030,26-08-2022_10h30_HIVE-3628.wav,3628,16.0,HIGH,251,502.0,504.0,-586.6619003859563,141.9502367365504,79.7139630126446,19.1094264207292,13.646618771198945,7.750694165452566,54.68867479755241,11.873102554328169,13.376235926650892,6.658213614206504,6.73802260182926,6.044845165759983,1.6179551675941666,5.000218142745826,21.649818019703222,6.98520635468084,1.1586020646192525,4.828179371101185,-5.89421268733547,5.483269906389076,-4.9956428118628855,5.492532233374941,17.521131146801498,6.03031176241921,-15.341878500939055,6.070450040813143
3628_20220826_1030,26-08-2022_10h30_HIVE-3628.wav,3628,16.0,HIGH,252,504.0,506.0,-591.0874511603207,140.52992615589474,80.6378059677401,17.43346639081824,15.781339006079845,6.74757174639419,54.62677962885872,11.9615452353712,14.5725910868776,5.038798138873696,8.105743483966203,5.959075566163519,3.8591972948157514,4.761594966410665,21.225465908606882,5.9012190374113676,2.730517957937375,5.040303659124131,-4.387165780298417,4.26620897394506,-3.4461863199877993,3.9001455995899983,17.539465988911925,5.962213608900647,-15.193077453465524,5.675894824243824
3628_20220826_1030,26-08-2022_10h30_HIVE-3628.wav,3628,16.0,HIGH,253,506.0,508.0,-590.5446697670084,136.37244818293868,80.64562856696351,19.05713204290179,16.060732916550574,7.009667104709522,55.14698843188295,12.691676745885346,15.185029364771113,6.388279088016129,9.114806653288557,6.023495621054988,4.443249250701499,4.857748060372895,22.86805875598463,7.063538166098949,2.997766754481263,4.863281350161666,-6.5593525071836885,4.975747354169918,-4.8734325269472025,5.109720252046945,16.99407130006345,5.508113856592921,-14.450888815561873,5.506394867202679
3628_20220826_1030,26-08-2022_10h30_HIVE-3628.wav,3628,16.0,HIGH,254,508.0,510.0,-589.3801029878992,137.4030270329729,80.702147033355,18.6253385777801,15.544224025210152,7.202089802769648,54.256010123398944,12.14060733299358,14.57532246947524,5.2467080032662565,8.218240297402463,5.549939733094618,4.333898716799277,5.185314768642528,21.808023440545544,6.698535784774487,2.1843801599912567,4.642200576345538,-6.048381592015182,4.926762023998268,-3.4661186559524952,5.489529306764303,18.2955445207669,5.800389924850717,-14.011978539803177,5.734454170207847
3628_20220826_1030,26-08-2022_10h30_HIVE-3628.wav,3628,16.0,HIGH,255,510.0,512.0,-592.7484443748483,143.97919828880438,79.72107365233919,16.81577887190589,16.695865974172072,6.737755142839035,57.1725331711503,11.059562740389318,12.323565287813853,6.953786251172994,11.013200109972532,5.666916190891756,3.066920751163586,5.143359169426063,21.285639035061077,6.129741424466369,1.9714194711224684,4.789542174495659,-5.074183888332009,4.51872774932008,-4.905641066280663,5.323418591845393,18.29167894184532,6.1467751826627595,-16.06962031612641,5.861292818699108
3628_20220826_1030,26-08-2022_10h30_HIVE-3628.wav,3628,16.0,HIGH,256,512.0,514.0,-587.0804169331907,141.67991484995034,76.56553364447811,18.64663747912145,17.68574476414101,7.204615319908739,57.03074362178035,13.346203515717567,10.670953314562595,6.965792842649822,10.786242701127023,6.451638657901586,4.123547531853648,5.786328408601103,19.062372968479785,6.788003607026998,3.202244061783732,4.820768295735915,-6.583710707031389,4.8432075506193115,-4.830196132825471,4.708356773412676,16.99911864945886,6.459876071516044,-16.41646363737455,6.048352372435771
3628_20220826_1030,26-08-2022_10h30_HIVE-3628.wav,3628,16.0,HIGH,257,514.0,516.0,-592.8556396004758,143.74893925582066,83.16204610414623,17.63544641716545,15.58563367167254,6.7275333002078925,54.35358072794169,11.095442269875056,13.255261151738726,5.17310089089342,8.31903620537653,5.212169785857616,3.1679872104199944,4.604630585924649,21.77519822579936,6.4585398408957655,1.582696050629777,4.808375996392351,-4.976298698720424,4.446085972669402,-5.3939407942251245,4.555024606073676,17.295120642345122,6.033633505825318,-14.93914154932087,5.421550892751158
3628_20220826_1030,26-08-2022_10h30_HIVE-3628.wav,3628,16.0,HIGH,258,516.0,518.0,-583.1134535060932,137.86219438750715,79.41561179419213,18.41761583782468,14.96037092429781,7.383324336046202,55.42275691047578,12.45581777045077,14.327268801838201,5.793092488469299,9.81931029723898,5.681686272205506,2.85581438311099,4.920413990785975,19.333544680274755,5.976038506356819,1.717084308825106,5.066411316254064,-4.100151023681508,4.436164761087746,-3.879069852789138,4.057227660146752,17.267466632661037,5.962002043699919,-15.106291037596728,5.88887478515706
3628_20220826_1030,26-08-2022_10h30_HIVE-3628.wav,3628,16.0,HIGH,259,518.0,520.0,-582.7340046966342,142.6056227827863,77.15995946890196,17.738166068185247,16.707252308876566,6.531802130407171,57.884314153066484,13.066875919220152,7.317159822636762,6.363797780889688,11.67641326781066,6.190837801856213,1.7327354318290134,4.956938098588794,17.295922287846924,6.073274387178226,2.3532477651099244,4.23714917005999,-5.97030164771873,4.316414851253525,-5.809393085226969,6.182889540230743,18.291400483345036,5.579326039806635,-17.838267275028556,6.213934476448395
3628_20220826_1030,26-08-2022_10h30_HIVE-3628.wav,3628,16.0,HIGH,260,520.0,522.0,-584.4948672157269,139.84269842374837,75.85499007684753,21.17331836209281,18.223031576848967,6.978754124783554,57.88112149443921,13.394860198211482,9.939069136407106,7.152657169762732,11.728513489041775,6.0940727734629405,1.8171477318273515,5.532370871141419,18.242593004476078,6.334000249183673,3.7317779638219926,6.131205716081371,-6.581765499506857,4.221881546485431,-4.805425237171487,5.232813622387524,16.967602379697972,5.912183231705246,-17.27322083541065,6.355306271672321
3628_20220826_1030,26-08-2022_10h30_HIVE-3628.wav,3628,16.0,HIGH,261,522.0,524.0,-589.2476503491766,140.37474779969497,75.89085743471524,17.77973805899644,15.466338853599963,7.051792225537796,57.451634760795244,12.628643126599737,10.932848415226642,5.525519822391058,9.873291695020438,5.06219837962007,2.6872668577271783,4.879193845643355,19.49917697827121,6.453565735494354,1.9960117354989622,4.793416921558226,-6.44917660745847,5.215774605366157,-4.3607535752126445,5.0141765512133665,18.821174620290833,6.461238921362979,-16.366718700805027,5.315516467489974
3628_20220826_1030,26-08-2022_10h30_HIVE-3628.wav,3628,16.0,HIGH,262,524.0,526.0,-586.5125760769444,144.96666308742812,79.41649421154028,17.6737935677021,12.316207597493156,7.523295324061392,56.80853218810493,12.19658820629913,14.000164009649007,6.505064445937106,9.303046953280052,6.0889292087853555,2.1451093418406115,5.6206202143771415,18.89382961773214,5.999971427674676,0.7561382208666034,5.977007246186668,-6.149849641237464,5.312435220296006,-3.482777580430356,4.155230968650821,19.288017505601427,5.991319488949581,-15.320752516860328,6.487144405198255
3628_20220826_1030,26-08-2022_10h30_HIVE-3628.wav,3628,16.0,HIGH,263,526.0,528.0,-586.145650035436,141.2102753156301,77.18311935087601,17.46441916697631,14.580876757910177,7.374678981589408,57.49849616189435,12.759800689895584,13.148425884140943,6.377173591655649,8.806061155548086,5.915479994765545,2.631576098684757,4.521496526075706,20.97523263887654,6.220094314158158,1.2482900833062125,5.359005266912908,-7.253295805523728,5.19311258797134,-3.8965426506719516,4.803936252063172,18.810610433578834,6.397784173694149,-16.560199629840692,5.9961692755417175
3628_20220826_1030,26-08-2022_10h30_HIVE-3628.wav,3628,16.0,HIGH,264,528.0,530.0,-585.5105113365786,141.6886585808598,75.04015852133641,16.864674324311242,17.114234181777572,9.950844811585558,60.31093414206998,13.345916496426069,12.804063945062733,6.360213635653085,10.200797061994656,6.650520381290687,4.14720354215577,4.658084816108055,19.64655308514393,7.6400379959537705,2.636478602423113,5.4944541275879795,-5.382370553010005,4.558819803706224,-3.8284577053621898,4.908978339430653,19.53980819445999,6.228895508696684,-15.556340211232623,5.753765799852339
3628_20220826_1030,26-08-2022_10h30_HIVE-3628.wav,3628,16.0,HIGH,265,530.0,532.0,-586.2363942838738,135.01614185627608,75.68355114339768,18.6378290388916,17.178761493712475,6.370204621009939,57.980659448389375,14.368545153407268,11.547887166585634,6.587743128334896,10.848549273990708,5.558301034403833,4.597969505318083,4.549751188695986,18.647142998887784,6.918918542840575,3.510377812574393,4.433882959849026,-6.443357473981913,4.794875969565271,-3.550408989579025,4.996965146608214,17.43035719155129,6.320272444746967,-16.265460971047105,6.021405942010935
3628_20220826_1030,26-08-2022_10h30_HIVE-3628.wav,3628,16.0,HIGH,266,532.0,534.0,-584.7728674726985,140.53687231440009,78.55971725834868,16.98803620481357,17.3588887521057,8.515835307910713,56.042077330871805,12.209086796317226,9.827912819981249,6.467207090916322,10.147594408383725,6.372489002196926,2.4166023634369074,5.609033821895056,20.064122097150708,6.804506088304262,3.010287572098833,4.410978819500335,-6.009691402486912,4.232947166908047,-5.304627067413302,4.7988652813741774,18.822024904269295,6.148556649621406,-15.276847639043458,6.317331575129894
3628_20220826_1030,26-08-2022_10h30_HIVE-3628.wav,3628,16.0,HIGH,267,534.0,536.0,-588.5367179633561,138.41900961648318,78.97117008464818,17.760518425997375,15.26193866064672,8.149184514350667,54.45373126637597,13.227522635743131,10.284067342740125,7.015337197483477,7.990015079988992,5.989200750831719,3.9047290901574385,5.019913669940316,21.69613655891539,6.800271720337052,1.9615030959003075,4.051114756980639,-6.1186581313874235,4.956652436654612,-3.715552203982335,4.946415278490689,18.106122477953672,7.038242083608175,-16.65159632404315,5.405578055154838
3628_20220826_1030,26-08-2022_10h30_HIVE-3628.wav,3628,16.0,HIGH,268,536.0,538.0,-594.5813286647699,137.85982065741914,81.24262886791821,17.837360146736955,17.064364404399385,6.307252374834887,53.93994889990148,12.182684134928044,14.377405645943943,5.070423321109434,7.614684947579796,4.91573828162619,2.736123085413468,4.732541403531922,21.217917198542217,6.0852769729763745,0.8959516892622327,4.381556056092596,-5.250983024365259,4.3612935408652085,-3.530312103337177,4.753644958434793,17.673987360284094,6.105030385307585,-15.124089216336264,5.452267544976931
3628_20220826_1030,26-08-2022_10h30_HIVE-3628.wav,3628,16.0,HIGH,269,538.0,540.0,-592.0413732182132,136.80671698333498,81.87750081432851,17.558371520860927,17.25224698573907,7.472298880889695,55.01890363004802,12.06448326145541,13.924821904908319,5.907518531776373,7.8821593541131705,6.058067679676819,3.304205623094945,4.907050328629407,21.352803308342338,6.624794676355758,1.4538650652993481,5.424648164327541,-5.418295367106664,4.903630668845721,-3.188925209113503,4.346252534172946,17.043078781550427,6.42119022686951,-16.047269766575003,5.849859761537713
3628_20220826_1030,26-08-2022_10h30_HIVE-3628.wav,3628,16.0,HIGH,270,540.0,542.0,-584.4991018764284,146.2983753537424,80.0860772184321,15.899628248649941,12.763992098166236,9.434779090650936,60.23436680904939,12.410247882051666,12.974155328537538,6.123035055188962,5.891873138580789,6.638949652620182,1.9926117876440785,4.255025350532389,21.689248724061972,7.2111435731929125,1.9296557501515572,4.644139358307558,-6.493244949776392,4.296839588410721,-4.804219577185856,4.898220338049404,19.340990214165874,7.254241585714963,-17.18686313460193,6.497157032566056
3628_20220826_1030,26-08-2022_10h30_HIVE-3628.wav,3628,16.0,HIGH,271,542.0,544.0,-591.6638854912749,141.71867327324583,80.6974226195367,17.231263069463818,17.508448581120984,6.7769141515056965,57.55497351322224,12.142620936028818,12.619595551833939,6.236468917847191,9.632607569002221,4.645407104613989,1.5032678164406603,5.160476758207398,19.603131345951955,5.8364917309451085,2.1938191280658343,4.360640635883334,-5.828808442825575,4.022485043360159,-3.3825884710484737,4.99988807358637,19.155435719743146,6.516982937808751,-16.259936254002803,5.923206519906065
3628_20220826_1030,26-08-2022_10h30_HIVE-3628.wav,3628,16.0,HIGH,272,544.0,546.0,-588.5349169473797,139.0496109343145,77.62113592525763,18.048678089870094,14.850940853946653,6.208086775321618,57.65413137320052,12.36103159869146,14.151467903128326,6.727080398973409,7.291079591635573,6.095026708875024,3.236611664364282,5.098443520782674,21.521578985919614,6.296835479897027,2.822363277636314,4.902506169407475,-5.566694389724345,4.793308243250331,-3.3622653556241575,4.885239516699726,18.931272053340034,6.097206798854294,-15.301695994653146,6.258325779712813
3628_20220826_1030,26-08-2022_10h30_HIVE-3628.wav,3628,16.0,HIGH,273,546.0,548.0,-588.021042265358,140.0780332883048,78.79889916012628,18.23089910025478,15.277076241045718,6.865059489864204,58.89975789034098,12.6120545805068,15.060973680013007,7.258319599217644,6.558501104214812,6.86066185692372,3.0670572184906555,4.316142827943425,21.01399272944588,6.635314067480652,1.6598698716998748,4.504443128923834,-7.090889589726319,4.977902563711612,-4.766095390829567,5.275860160805023,17.88800622354573,6.279350330293237,-15.594521283785216,5.272456107531481
3628_20220826_1030,26-08-2022_10h30_HIVE-3628.wav,3628,16.0,HIGH,274,548.0,550.0,-593.751662170118,142.61362014692438,79.44548010694469,16.997182004304715,17.36736834261035,6.752706594167804,59.0516913966121,12.533008374128466,11.762474772587064,5.996610844657748,9.027403892812842,5.072564053122083,2.6251353975799305,5.019054841085425,21.50745068385261,6.143754988445871,1.6967389879614116,5.3020778031293005,-6.339039405392498,4.694809984376203,-4.564594781735862,4.49519972726606,19.394923399187476,6.304502368490704,-15.520013379581108,5.341625982243066
3628_20220826_1030,26-08-2022_10h30_HIVE-3628.wav,3628,16.0,HIGH,275,550.0,552.0,-586.2040747383705,143.972864820883,75.5891797274446,17.06504323087741,15.179711601017647,8.16117059265956,57.541050514099354,12.660344401358657,10.759011632122574,6.487920434386734,8.005379853780672,6.9894554023102575,3.223493729095371,5.861786325999543,21.29449371916485,6.562742843146488,2.84986524810469,5.045466226619585,-4.8906584255788506,4.442312541626387,-4.885771082127212,5.712440644002946,18.483489084273,6.65889681933358,-16.31832669396641,5.6694239538494475
3628_20220826_1030,26-08-2022_10h30_HIVE-3628.wav,3628,16.0,HIGH,276,552.0,554.0,-589.7754102438006,142.36594455729914,76.17838791377886,18.815613167634233,15.684844251396946,6.813065962862141,56.37603498076456,13.579067766280698,11.25015361708453,6.407325498445201,8.938607892393152,5.66543573149942,2.58158501268806,5.076978264596018,20.699358327400464,6.8941725778975576,3.3203322230115924,4.161580100982137,-7.648863336020008,4.610307639484753,-5.693482081754776,5.53087840165473,16.343405642895654,6.589279945980091,-15.549098654457618,5.888893632911182
3628_20220826_1030,26-08-2022_10h30_HIVE-3628.wav,3628,16.0,HIGH,277,554.0,556.0,-589.9792223233419,141.04537042663148,78.47467820030548,17.50725367491026,16.745845892376764,6.008107360403108,56.65572831526898,11.765657055009425,11.396515298911545,6.002118838089512,9.443637049668313,5.970932943115926,2.6764631550894435,4.943346766363082,19.198149644267705,6.240858316281792,1.3004376990457085,4.410436781519358,-6.882458236119496,4.84159040105146,-4.341987390854958,4.324294234333195,18.779648360185803,6.527721490509527,-15.95395689721741,5.834056143935802
3628_20220826_1030,26-08-2022_10h30_HIVE-3628.wav,3628,16.0,HIGH,278,556.0,558.0,-578.6411891023913,132.18871796564355,76.84419977340481,22.59147936028373,16.72169047665542,9.318277431157275,59.32988247287223,12.23122475540555,10.812217919629317,8.413900529281902,8.85559217746621,5.497824494376954,1.4980459794168006,5.726335714621701,18.695825705435023,7.598356698699166,1.5697481327451486,4.801208393870692,-5.0965564416596605,5.678885046301086,-5.033096885443418,4.282519357523456,18.82739608146562,7.201416159224321,-15.580845699926888,5.358048442798791
3628_20220826_1030,26-08-2022_10h30_HIVE-3628.wav,3628,16.0,HIGH,279,558.0,560.0,-585.6750039431759,132.20535216734098,79.66613797641995,18.25343516390462,17.962674130279186,6.907761654143355,56.457515003930986,12.545364025968064,12.021836608455217,6.805131654248817,8.816740513648323,6.4951107466487095,4.076318656377378,5.2130514152803284,19.518048234632992,7.187250936922189,0.8513632841462688,4.909490398423155,-7.185978715638717,4.908545756222538,-5.294008820111555,4.696299423477753,17.939834347981517,6.3816546102330625,-15.375610709178323,5.764267303595127
3628_20220826_1030,26-08-2022_10h30_HIVE-3628.wav,3628,16.0,HIGH,280,560.0,562.0,-589.4046849242753,141.11036685386634,79.45281225164618,18.593591486752906,19.759540781875142,6.76874384930077,56.642584521681705,11.719973112080153,13.663780675864686,5.762258546417768,7.953177725691695,7.558557993398501,2.2814783968234367,4.6135017337316775,20.50893161172857,6.119192011094865,1.8234139403667253,5.075332959355616,-4.665306322567669,4.878616046658091,-4.647268353863934,5.108376758696054,17.642821219747653,7.142416394102293,-18.026890999703685,6.220148355625992
3628_20220826_1030,26-08-2022_10h30_HIVE-3628.wav,3628,16.0,HIGH,281,562.0,564.0,-591.874558684706,138.74745564500438,80.55988432385139,17.893939643432713,18.30869312320011,7.415519077972886,55.592735289779284,12.334831319161529,14.310604279004236,6.011876279350415,10.392208147426466,4.745814509151462,3.59002412225892,4.466475299387066,19.305025977722007,5.9496975955757705,0.8934678102988955,5.303975687935755,-5.331105537912687,5.498752292321319,-4.424133049229374,4.819718727520239,18.204271473219556,6.459799929514909,-14.133320760522139,5.853867138053998
3628_20220826_1030,26-08-2022_10h30_HIVE-3628.wav,3628,16.0,HIGH,282,564.0,566.0,-591.2289890466939,143.67167172477954,80.10247065419973,18.90347075175758,15.83646923363125,7.174479986902123,56.80231691173172,12.393774400770088,10.421677342796496,8.298221891398995,7.625514071442081,6.234702909298943,1.0961983604450454,4.933373998785209,20.37151162647073,7.213081317217685,1.4855394490600875,5.065215203399607,-5.453286369684674,5.142343784105138,-5.896324137168279,5.021652807601668,17.807961533339682,6.54631407153599,-17.70922758656526,5.94257489396544
3628_20220826_1030,26-08-2022_10h30_HIVE-3628.wav,3628,16.0,HIGH,283,566.0,568.0,-587.5044021258243,141.54934827692435,79.55076233779754,17.995932841554335,16.73752868561117,6.581012639041353,56.12516020707197,13.166150365185556,9.843234335338215,8.654950427408,8.62472478612517,6.475405341973139,3.508226043257615,4.499751908600105,18.818029885685196,6.529691108711608,2.1629820052958144,5.217979539604492,-6.878610829214452,4.752679650816794,-4.927498772163979,4.256047962965842,17.777096172960007,6.8128123988151845,-15.057994074981712,5.6901581302988165
3628_20220826_1030,26-08-2022_10h30_HIVE-3628.wav,3628,16.0,HIGH,284,568.0,570.0,-586.5170680434037,142.89706640111666,78.61237316475145,17.369822345574438,16.72391750209449,6.55568542813145,57.42986111153423,12.387928554089925,10.511154459728468,5.819663914409799,7.848139613752129,5.893011364085561,2.9208074914325217,5.6812674344758705,19.694850839186326,5.756135123842307,0.44556986514956715,5.108762841445001,-6.397118186097444,4.712527481303651,-5.661250764660925,4.3237423711152605,18.04147118617763,6.719655791448801,-16.25162964211897,5.735884443069747
3628_20220826_1030,26-08-2022_10h30_HIVE-3628.wav,3628,16.0,HIGH,285,570.0,572.0,-587.708958770858,146.0591032789201,76.56154250110572,17.899329949045995,17.44867315600954,8.141157940183982,56.91528279662507,12.801953325939087,9.73188989132605,6.541682032455687,9.905857858957702,5.489581115952833,1.955218649034299,4.571885534244514,19.895154786000365,6.376872829139067,2.3023487855733125,4.655361084948318,-5.248921297644957,4.692118248103379,-4.410276484574969,4.49601094222441,18.814899037192866,7.215145752038976,-15.920711442312983,6.268856457658996
3628_20220826_1030,26-08-2022_10h30_HIVE-3628.wav,3628,16.0,HIGH,286,572.0,574.0,-590.9222504268453,146.12758959630517,79.27747303609235,17.1232260768677,16.772653232159534,7.011061156400961,57.927423423384795,12.08998583438138,11.417554035588031,6.220959759949195,10.55475826803903,5.777698120751685,3.05002352065693,4.893506037309461,20.312864052288248,5.694623491792232,2.6220338813548953,5.0277176371806584,-4.981475908559352,5.4264635218871415,-4.935196760543111,5.114723297440228,18.99423244837346,6.935093271462516,-16.125236888601936,6.1006703429885105
3628_20220826_1030,26-08-2022_10h30_HIVE-3628.wav,3628,16.0,HIGH,287,574.0,576.0,-590.3528091693304,143.72087777343262,76.80061096350906,17.232404076086187,17.38891784855268,7.173786935967083,56.434420116735055,11.523793653052058,13.106316594470632,6.10924736479301,8.4518985866091,5.426339260289434,1.6475671736813957,5.214157568481887,19.03795659586823,5.229712630304341,1.4701659207269,4.326992904171861,-4.827256053118652,4.907200190833824,-3.6407861568468345,5.086821730085228,18.650724103541375,5.996248711236969,-15.509929774476934,6.436972776048758
3628_20220826_1030,26-08-2022_10h30_HIVE-3628.wav,3628,16.0,HIGH,288,576.0,578.0,-590.1496899230106,144.13134021027128,79.88062953826153,16.84330008407434,16.86702918318315,5.343742166088949,56.599577937027085,11.266950767617613,10.833068918404697,6.355463274101775,8.922778848924743,5.46310282145476,2.2736053241884737,6.715737663539663,19.927661541567936,5.786711510659002,2.2264730498899454,4.277356322682437,-4.877163547492732,5.056674095045293,-4.341685877403089,4.622641959390848,17.745458564186304,6.525462147937016,-16.821841494240527,6.486132572752619
3628_20220826_1030,26-08-2022_10h30_HIVE-3628.wav,3628,16.0,HIGH,289,578.0,580.0,-593.28267639432,143.92650682079912,81.07062437629364,16.742372775351203,16.500710727700525,6.157614879084448,57.08518792822346,12.470499879849497,12.54761968878487,5.059238212693301,7.137316016204286,5.87626073386747,4.119369947627899,4.2046475651390365,23.664868459657455,6.76398246575701,1.5921081125613872,4.641913971843832,-5.157215844387172,4.15440759546266,-5.69140491970498,4.896723924806516,17.10952205758852,5.728829286641017,-15.28230215582648,6.347471717999487
3628_20220826_1030,26-08-2022_10h30_HIVE-3628.wav,3628,16.0,HIGH,290,580.0,582.0,-593.8931313192707,148.5864325789054,78.46835066268957,16.40939996292465,15.0664430915269,7.570948170570045,56.03557737520366,10.82713463419418,13.044929393595746,5.317438341533042,8.400641799526195,6.300753227425468,2.962632323190675,3.945437492072089,21.719463501494204,6.643240606723827,1.57311047208572,5.653475686366162,-5.901970134803676,4.804598962995493,-5.14683486415224,4.222630290145664,18.666276775395282,6.040978244105963,-15.843987208448906,6.284444309513614
3628_20220826_1030,26-08-2022_10h30_HIVE-3628.wav,3628,16.0,HIGH,291,582.0,584.0,-593.6423320912986,148.9143873585877,80.82913164755583,16.141214484183987,14.299306753741531,7.088349543311884,57.57583344173372,11.392828804606694,12.110388299367603,6.458516619580138,6.208410550072806,6.921124269460119,2.0428790348010626,5.259018866835115,22.623115504611373,7.00539599172979,0.756683181700743,4.530212985279823,-6.123789466199793,5.077973466646926,-5.945983839033861,4.688213855417494,17.469498726246808,6.623790190237148,-16.282341224302705,5.532077692126269
3628_20220826_1030,26-08-2022_10h30_HIVE-3628.wav,3628,16.0,HIGH,292,584.0,586.0,-590.3129977446546,143.62699492535566,81.25965991674272,16.64990074159074,14.003013539606162,7.310605319343215,57.45090850678138,11.863098250128667,10.601813516676401,5.75461519749422,7.9684949599469075,6.400783311849182,4.955675055036515,5.471210020172172,22.277426131387127,6.0432127106540205,0.5673106609677032,4.534267695115337,-6.864908906492281,5.251884250583045,-4.910172920847247,4.134827148993234,18.303069460124,6.1017434626029425,-15.252632920795477,6.0810816467743125
3628_20220826_1030,26-08-2022_10h30_HIVE-3628.wav,3628,16.0,HIGH,293,586.0,588.0,-589.559719744526,144.25439482457168,83.3773292307528,17.07549094858953,17.983546662831806,6.451612604597665,55.72393845388505,11.733230901674872,11.806804706485535,6.703022874029846,7.1681435202354935,6.444827616894648,3.14942669396669,4.831884147378179,19.54863975895612,6.016973326418327,1.7912625558822632,4.722545131163141,-5.823516286075398,4.561047342735383,-6.389150801034567,5.0946652488430155,17.468268560117952,6.271177575657228,-15.4844602819136,5.305724295544846
3628_20220826_1030,26-08-2022_10h30_HIVE-3628.wav,3628,16.0,HIGH,294,588.0,590.0,-593.5869032590784,144.193803747375,83.33636229731839,16.996465130604882,17.567590645451073,6.652199420175628,55.7205428488726,11.36488298872657,12.900411458168623,6.282190943328779,8.454049361517459,5.368498040992321,2.6686611676793692,5.453658663281857,21.41347556257885,6.094802929360371,0.5756921942256323,4.004745961444686,-5.230581676038795,4.36438475593507,-5.351291654782703,5.120825931237679,17.619195713749157,6.943143763992919,-16.224046540359428,5.311262788874734
3628_20220826_1030,26-08-2022_10h30_HIVE-3628.wav,3628,16.0,HIGH,295,590.0,592.0,-590.5549248605013,144.07077279201258,82.30440542041826,17.623763419837776,15.288032690216005,6.893914337637663,58.04148392143017,12.165490559000881,11.71677995896166,5.836729902067783,8.359044578367413,6.236962129608964,3.2153898360035464,4.649895663296016,22.126841930493715,6.745731691578673,1.5391693840195857,4.526555165492479,-6.187853255318479,5.1848916603630695,-5.230250758882054,4.4122393089565985,19.021463300067776,5.88581641040643,-16.15752158052473,5.840461874306692
3628_20220826_1030,26-08-2022_10h30_HIVE-3628.wav,3628,16.0,HIGH,296,592.0,594.0,-580.4437117658879,146.69167931567827,74.3238820355886,21.370411281163314,17.771855872969507,7.337974351638297,58.471253170852435,12.48885114186107,11.18108004624159,6.8968287921366915,9.200859720801157,6.3753412194792665,1.3071723221054772,5.936312195948354,19.590273132284686,5.411898316439797,1.7008996381007466,5.522560705548486,-6.907116322948469,5.5292274820613025,-3.6883476514260902,4.240935085258552,19.55394288582337,6.244684541781347,-15.114619615420363,5.725971468874605
3628_20220826_1030,26-08-2022_10h30_HIVE-3628.wav,3628,16.0,HIGH,297,594.0,596.0,-589.3130476298414,142.8723058247283,79.50441096252617,17.42157287235545,15.98946426745117,8.79054814761312,58.855871259014656,13.194173427096947,11.310376481343415,7.798302606281741,6.700277993128309,7.22085285693177,1.3273106870048186,6.063601580987138,20.60344204873497,6.398980443694762,2.2221251059192304,4.722497689087198,-6.055609702531776,4.765388328705413,-3.614625693677102,4.452989434022588,18.13182389254669,6.2825183521361065,-16.88890177567764,6.003162343741501
3628_20220826_1030,26-08-2022_10h30_HIVE-3628.wav,3628,16.0,HIGH,298,596.0,598.0,-586.2374330983062,146.27809579171608,78.32471779673965,17.294226387035174,14.847320551059564,11.09192884757095,57.78735830185812,12.796958113268674,10.49701019701741,6.796225530937571,6.438743434431561,7.164235282251168,2.5348916411363382,4.705984473250724,20.578147852820447,6.871385793204873,0.6443782590049574,4.347687937088899,-7.529170902836463,4.808701179292289,-4.946820075584586,4.0650093887181304,18.84264105784142,6.97698396683285,-16.627642475465752,5.857530433904116
3628_20220826_1030,26-08-2022_10h30_HIVE-3628.wav,3628,16.0,HIGH,299,598.0,600.0,-590.1280932192127,145.4501773970836,78.38748031717158,15.870908256219666,15.930944260429104,6.201761893134754,60.15084009932945,12.298216255748686,8.105574098015637,7.392253675423008,10.236065988461098,5.138697310086322,3.051375668290973,5.289910513294635,19.62874026340534,6.576259454772436,2.8098452854858826,4.857889127015754,-5.728933405669538,4.849223494231298,-4.654165979706517,4.7755288039383945,19.55988177898875,6.0719648735386516,-16.205869053713418,6.06218838766014
3628_20220826_1030,26-08-2022_10h30_HIVE-3628.wav,3628,16.0,HIGH,300,600.0,602.0,-588.9614380385891,145.99378070520106,80.50847587596314,17.205950791866837,14.09051659337831,7.882069988517124,56.846000088447425,12.948196526390419,10.957423077487825,6.287799986080666,7.609670727011342,6.669293388251953,2.973663195890325,5.335731413771667,21.372705722686106,6.997006023640507,2.9569113677318026,4.727074363594288,-6.18886876170023,4.788825853325593,-5.069015310665748,4.035952652934889,17.74643964906813,6.207330284795281,-16.02407990969488,6.196634991707559
3628_20220826_1030,26-08-2022_10h30_HIVE-3628.wav,3628,16.0,HIGH,301,602.0,604.0,-585.1979025402698,142.65692617032053,78.45692608288843,18.28861210646391,15.379593961069554,7.438347635671972,58.05026697735347,12.94948576126381,15.364257861512131,6.980363215899831,5.037445821108601,8.601728748939255,4.467795200387785,5.201882695508072,22.455632343085785,6.185445950892931,0.7457434756547786,4.870698253969659,-6.7294801190730436,5.124036524076009,-5.622805314422006,5.038434195783319,18.051057258328573,5.743043428241865,-15.464818817567565,5.762199021063276
3628_20220826_1030,26-08-2022_10h30_HIVE-3628.wav,3628,16.0,HIGH,302,604.0,606.0,-579.5398208075235,146.93911600039235,80.68512556556794,18.320215548197194,14.875917778525674,9.815438182207087,59.460796984378156,12.060604972174445,13.260383886085728,6.309339050045646,6.861886205254858,7.877127821573044,3.105239655632852,5.224361779873943,22.051319317225943,6.881759648405742,1.2446699768356229,4.723576341214909,-6.582888122024749,5.290816301496524,-5.000329887912428,5.3694534250554335,20.167128743530977,8.552651119531344,-16.296365739050458,4.999627268371584
3628_20220826_1030,26-08-2022_10h30_HIVE-3628.wav,3628,16.0,HIGH,303,606.0,608.0,-585.7564431057308,142.1031283409314,82.29789872999885,17.224838580442437,14.473018947967471,7.265516114643954,60.69413006571023,13.008095704234028,16.156744594727506,5.787176569160518,5.282792821082171,8.243174242264079,3.774314449222856,4.728440173642994,22.764209486674925,6.504329450327154,-0.9802576718260263,5.041998164297917,-6.356823887336664,4.74073827714554,-5.5692063568219154,4.884024257316403,17.313063805236805,5.897482251828372,-15.926581604676413,5.403461011508696
3628_20220826_1030,26-08-2022_10h30_HIVE-3628.wav,3628,16.0,HIGH,304,608.0,610.0,-591.6918874538542,137.36940700493244,80.57607791175967,19.45437920396869,17.993578398821,7.156540801072729,58.587299168206535,11.992313119531612,14.054547921615205,5.540026452010158,8.87511131308692,4.838410563204394,2.2213932138452828,4.840721148320478,20.86754199519105,6.2308873120011485,0.7277334548880631,5.000210890413576,-6.427187851406266,5.34361019473894,-4.108184881583197,5.101829397442686,16.64984303984825,5.415473283431032,-16.68255948272958,6.4731804993947435
3628_20220826_1030,26-08-2022_10h30_HIVE-3628.wav,3628,16.0,HIGH,305,610.0,612.0,-593.2830650340228,139.44438792256042,82.07459766240359,17.94232487325444,18.79867092760668,6.832435474706006,54.825537203561055,11.456050573824,14.015587742018026,5.114686854448866,8.34689101858276,5.288614021180293,3.1993123101097183,4.751827304268605,20.430493005217276,6.314988184663354,-0.8912710323253076,4.080304449069472,-6.57203367919768,4.862088459716665,-3.891262773808741,4.690149537704307,17.40482787254899,6.272945406821871,-15.062403316844614,5.672097718551288
3628_20220826_1030,26-08-2022_10h30_HIVE-3628.wav,3628,16.0,HIGH,306,612.0,614.0,-593.0788137835304,138.95572231932758,83.97280431938957,18.35526422961437,20.112344989129564,6.1607969568317245,56.34952701778267,12.294849428306486,14.69291697092557,5.042823301120118,8.296792478951001,4.278176587815771,3.2322118905626636,4.940332766850123,20.855350169184096,5.758430436578007,-0.33601767149923706,4.874126424900062,-6.350460570745738,4.948992753009148,-4.172972824224473,4.61965638798031,17.04796962594921,5.626705988874343,-16.244597839147023,6.711547857590929
3628_20220826_1030,26-08-2022_10h30_HIVE-3628.wav,3628,16.0,HIGH,307,614.0,616.0,-585.7408582159471,147.5325656781154,81.25360544800563,17.646344948896697,17.729881471070676,7.935263795975453,57.14982224010505,12.028793395884119,11.618731027496338,6.749765384709218,8.81165614526435,5.044996736917681,3.5426967695911453,5.388290199908737,21.479264483700664,5.894738212230651,1.0530306672291978,4.915595955966104,-7.1528889797210855,5.17562180570259,-6.331881073728599,4.598568431000917,17.798441022786463,7.292031214159314,-16.398161146261604,5.315049746547902
3628_20220826_1030,26-08-2022_10h30_HIVE-3628.wav,3628,16.0,HIGH,308,616.0,618.0,-583.3289939266767,139.29242280627457,81.22588330786773,17.857425316436693,18.374764118440837,6.7920945028887605,57.97936406027881,12.43639005658392,12.024179463041035,6.342913164243158,8.058251816262649,5.271001007352691,3.366055392245914,5.0528244052079545,20.758298583086344,5.988774891635139,1.6462430797046101,4.815527397891511,-6.792536104126442,4.768320948685205,-4.683820332351895,5.259198169351027,19.33606557704712,6.816969710878967,-15.91854715316395,5.8789035636560705
3628_20220826_1030,26-08-2022_10h30_HIVE-3628.wav,3628,16.0,HIGH,309,618.0,620.0,-591.756713500208,144.27944519697564,84.91264818417399,17.03962885643357,18.488461105309504,5.995533829651155,58.07844842265023,11.03516068209553,14.006639802651799,5.859748485231967,8.790623094658498,4.905137684608408,2.780270071440885,5.423420006119073,19.636143823186245,6.744973116023045,-0.0731655364518909,4.316453538967539,-6.824095216334717,4.128478892101678,-5.247371026990816,5.094471412696007,17.225395197778106,6.055365460088934,-17.300457366910507,5.500503963932957
3628_20220826_1030,26-08-2022_10h30_HIVE-3628.wav,3628,16.0,HIGH,310,620.0,622.0,-591.8227720632304,141.8407702838014,82.42109688863569,17.909760938878403,18.22779725446758,7.035106797343234,58.73364683268684,12.917760915966628,13.507200451361758,6.616938954613005,7.888589051149917,5.800293821106203,2.789815714587923,5.130197412323096,19.84177827669676,6.026206744722509,-0.04817840148067537,4.262801894353804,-6.951162783779699,4.726392467375864,-4.205906989306649,4.524879135310932,17.775377370546234,7.11137032064778,-15.753886826399565,6.204472455044398
3628_20220826_1030,26-08-2022_10h30_HIVE-3628.wav,3628,16.0,HIGH,311,622.0,624.0,-590.7009370536739,137.29908991662208,82.97762543731358,19.088181457788146,19.963983346165467,7.360538142296642,56.17059036093453,13.01182346606513,13.073320450506294,5.639288210172635,9.340458293484737,4.729913860554359,4.660911765850901,4.4975353301175955,20.88918213561973,6.81544285139107,0.8859199842998272,5.014067872087588,-5.834120053594301,4.742344971365296,-4.3861619298146,4.629733889116026,16.786439106897795,6.518985364258117,-15.36439132233836,5.868452064770133
3628_20220826_1030,26-08-2022_10h30_HIVE-3628.wav,3628,16.0,HIGH,312,624.0,626.0,-589.5715243447679,140.95914382462357,82.62410847592001,18.493461369808383,19.362278256913932,7.527653456970712,58.32546857592728,13.399235449324879,12.96565167987293,7.297031572755683,9.138522281244585,5.381925309489039,2.6832535759142204,5.254778104220714,20.52959076625659,6.763175940043165,2.106946465642295,5.405959292114788,-7.197587007240652,5.212528451836015,-2.8527355822398754,5.041501543970991,17.258630897666656,5.945448813446471,-16.878790985638684,6.4589218550748315
3628_20220826_1030,26-08-2022_10h30_HIVE-3628.wav,3628,16.0,HIGH,313,626.0,628.0,-587.8580955455592,137.76897924235325,80.83201373383157,18.928443877951967,18.86332019207689,7.550233547143986,57.75317384313244,13.026996726865038,13.1305926666568,6.901488290589434,8.748606018831103,6.252590967821525,3.7620860758151218,4.806198682844772,22.695216460111837,6.631457625261495,2.1868020978657716,4.838372650768318,-7.671907119430037,5.068446436365235,-4.8596180507527755,5.190299274745817,16.898440805480945,5.600291406955942,-17.35776116053541,6.260484328613284
3628_20220826_1030,26-08-2022_10h30_HIVE-3628.wav,3628,16.0,HIGH,314,628.0,630.0,-590.6277258168528,143.7958974561747,81.19715832746854,18.602691851108396,19.191943171285004,6.893783610029281,58.497602776432075,12.096304922006295,13.945402844417453,5.740329753601609,9.289350233686276,5.292047212830679,3.3868287612481804,5.956825376076833,21.9388529031814,5.906836291388803,1.8289784654888082,3.7187285899312403,-5.157911386074672,5.577755579441556,-3.82203687619887,5.035885405331803,18.54074296512242,6.498664509308499,-16.05415402184824,5.859324690869807
3628_20220826_1030,26-08-2022_10h30_HIVE-3628.wav,3628,16.0,HIGH,315,630.0,632.0,-595.2700978874865,146.47518391579027,85.0058096421113,17.207571607946267,20.301897818154664,6.3175282628164044,59.202471346575564,11.510230556632958,14.469747626196455,6.51423775904669,9.657318073433535,4.685804515987433,2.84466510467146,5.350118444547746,20.898239057458945,5.611377776453383,-0.5512605108986263,5.03090953644619,-6.4485177226682255,4.6547553047064145,-4.723441924020726,5.427018518449314,17.813138015245315,6.271431901879904,-16.618484108816848,5.605734814789228
3628_20220826_1030,26-08-2022_10h30_HIVE-3628.wav,3628,16.0,HIGH,316,632.0,634.0,-589.3421930775731,138.7444089761789,81.50220260595978,18.981323472702478,19.27927908369997,7.155492150488874,56.51864080150193,11.776384542272213,13.14339688698935,7.267936363604695,8.939929475088961,5.749498001781147,2.169732171465814,5.581933395008951,20.921506752067458,5.225491274602449,1.1184425777286011,5.006703042352185,-6.178369861020046,6.074051545479372,-4.535403778505579,4.454661216263437,17.785884470275647,6.403236648614073,-16.788820597579797,6.76516266336511
3628_20220826_1030,26-08-2022_10h30_HIVE-3628.wav,3628,16.0,HIGH,317,634.0,636.0,-591.5694818956404,146.2005567732772,82.93584380114866,17.126937865201004,16.80120548416671,6.306380097598043,59.01349445987452,11.786525078850797,11.640337945514657,5.683857657319594,8.28388441781538,6.1718779290226,1.8236776505465595,5.186665443139714,21.59211705727345,6.335027761496193,1.3690490971755562,4.904206484713135,-6.440293304182613,4.983055509203399,-4.906569747252869,4.593350950832356,18.90324476730742,7.041790896946646,-17.019328509272952,5.311969376896032
3628_20220826_1030,26-08-2022_10h30_HIVE-3628.wav,3628,16.0,HIGH,318,636.0,638.0,-592.4352298190146,141.6042084409788,84.4108542173771,17.205410023316198,16.701730856873148,7.371845201159895,57.04551928469347,11.48650230483588,14.14950779364145,5.763975099399907,7.8610291971489055,6.462068735563127,3.490549157113652,5.722275764621109,20.669635907122974,5.997296337290714,-0.023342427051536704,5.10732360836759,-6.823441531290215,5.214857717479759,-6.038892094405063,4.991102290483379,17.248524626166194,5.814255567102909,-16.43539450008372,5.5807290516102315
3628_20220826_1030,26-08-2022_10h30_HIVE-3628.wav,3628,16.0,HIGH,319,638.0,640.0,-590.2700377150727,147.72275126304913,83.91464501334569,17.671987360515413,17.769754214451375,8.119132004843243,57.003358290789805,10.685266028260175,13.846499319603877,5.487144934720217,6.46227190015482,6.1159399506625025,1.9929103741584988,4.162812757945796,22.052576921717684,6.8691493987126835,-0.12237587070723002,4.581783837853562,-5.601159787165134,4.762991301644345,-5.93004881346791,4.41301371306281,18.473660375057303,6.604115319299191,-16.10226290405476,5.739133448929595
3628_20220826_1030,26-08-2022_10h30_HIVE-3628.wav,3628,16.0,HIGH,320,640.0,642.0,-588.5006907654495,148.76046520838494,78.94840092003886,17.20454453962949,18.15308168157437,8.54480954234677,56.1155052900805,11.175434359394265,12.879101147340172,6.778109931841728,7.496941080610236,7.217472347132511,2.559879679703454,5.517978023387656,23.10777615059303,6.680170837354396,-1.0537148132781289,5.433494746584425,-6.499517354039921,5.449003637890026,-6.491543911079133,4.854376880109113,18.403007257853414,7.574041239826573,-15.446517313379005,6.029749723251212
3628_20220826_1030,26-08-2022_10h30_HIVE-3628.wav,3628,16.0,HIGH,321,642.0,644.0,-596.0697485152548,147.75861945042138,81.57405118218969,15.649659819584368,16.78594132203714,7.913852271101169,58.11534724832609,11.541263281817328,12.577049787550825,5.676863179064612,9.982130817668258,4.68251100743394,3.6347897947861836,4.378098728778617,20.488351909728678,6.030490059874268,-0.5191613010285931,4.540992798803528,-6.600907893661489,5.121321063835348,-5.609580661750863,4.51255155454468,18.560485897342282,5.982941121904654,-15.92124179695927,5.368864790037337
3628_20220826_1030,26-08-2022_10h30_HIVE-3628.wav,3628,16.0,HIGH,322,644.0,646.0,-592.0298240396966,140.6790419282596,81.62350012751246,18.775569640043535,17.45929368812614,7.760285734971296,57.127391037561516,11.53721517558288,11.634792824181918,6.219385613257502,8.764505132886255,5.514121908731909,2.8711537855838807,3.998348358700658,21.09384230842164,5.966991533223786,1.342961300862126,4.209857633286068,-5.033493744012309,5.147030969854232,-4.796891265104111,4.46841211078999,19.003754945423694,5.894025906690502,-15.361735984736656,5.354625466719947
3628_20220826_1030,26-08-2022_10h30_HIVE-3628.wav,3628,16.0,HIGH,323,646.0,648.0,-590.9915052492508,146.3955704478494,78.4817259965331,18.422495674111325,16.427568009753323,7.547525077933026,56.71570349015349,12.522143371709102,11.735188129758576,7.648147548233324,8.949739162206914,6.873769629376289,3.764497638835738,5.060426676669421,20.650676696485952,6.489433513619149,1.7245110413966367,5.454131015855867,-6.420056618230661,4.931292863460471,-5.671883323468335,4.783307846720326,17.884293810682173,6.079344187051943,-17.179765216234106,6.146621539327001
3628_20220826_1030,26-08-2022_10h30_HIVE-3628.wav,3628,16.0,HIGH,324,648.0,650.0,-598.1917087736787,143.9939075499246,77.86333588849571,17.338726028935824,15.220398922663252,6.963088579705424,53.952351075160216,10.912994385240806,10.608349449994554,6.199836566700101,9.242979850066126,5.488451454339146,1.4839526697085297,5.978177635680568,21.685732774466494,5.935693552315038,2.1553789565419663,4.368103996687128,-3.9071292865331357,4.814446770427632,-4.036349025111554,4.052923691809377,19.33259793433938,6.284268961874981,-15.295899060223029,5.508151460861493
3628_20220826_1030,26-08-2022_10h30_HIVE-3628.wav,3628,16.0,HIGH,325,650.0,652.0,-597.1780165083765,146.58470206039405,80.82159502029809,17.135630228571845,16.672035619777535,6.80318805881734,52.99073302115519,10.708061704424766,12.835565764482741,6.342777468650979,11.135196910564545,5.413590059602851,1.9575291972266118,4.918179971358519,20.559344355604797,6.45151071109483,0.5628005108739977,4.455249382991417,-5.231808393824409,4.754319356278509,-4.966897339323866,4.899652559624631,18.947355433579478,6.604911667400972,-15.869120388820251,5.959027190061596
3628_20220826_1030,26-08-2022_10h30_HIVE-3628.wav,3628,16.0,HIGH,326,652.0,654.0,-594.3442852704308,151.25430906443847,75.79761480053597,18.861682941152733,16.916931819983205,7.209924024390241,56.25378922429102,11.059319131188744,10.322342523225215,8.433413694849941,9.514473309426076,6.175142689199588,2.811475969091742,5.482073888822322,21.56576382507543,6.893085477050826,1.830845467862482,4.5889704101419495,-5.232335812050519,3.9959134242527803,-6.173280894587687,5.256482494915864,19.08973276420175,6.856348823010144,-16.048345126713535,6.430045145647281
3628_20220826_1030,26-08-2022_10h30_HIVE-3628.wav,3628,16.0,HIGH,327,654.0,656.0,-581.3456090585422,144.96452297971967,73.63917581307001,22.60028434580183,18.880358454314084,10.725988812916551,55.08428421837792,11.374169490949809,8.975252154741272,8.680846321331595,9.808683567500939,7.456455672765113,0.6329078503073131,6.059007476920562,21.251707056130016,6.342524328707074,-0.4580120030111942,5.669852929706293,-8.11885561788074,5.082865725008565,-7.4261114151092285,5.915504167176853,18.86879357606311,6.517951263760475,-17.040401924413498,6.147534678092138
3628_20220826_1030,26-08-2022_10h30_HIVE-3628.wav,3628,16.0,HIGH,328,656.0,658.0,-598.3793285104193,146.03506758299565,75.55079795455522,16.378373244903276,15.411380908092262,6.807499136338478,58.607073981681395,11.425372027345862,8.491461824174014,6.871582865451266,11.737726629865698,5.683583023933202,3.7521665355965825,4.80660385864735,20.38794719290592,7.314003385065891,2.7161875764105696,5.596383496808966,-5.929235612835903,5.22256708393563,-4.70668535052517,4.780897263337847,20.71019635285566,6.363262637652213,-16.534956784449054,5.771831369876291
3628_20220826_1030,26-08-2022_10h30_HIVE-3628.wav,3628,16.0,HIGH,329,658.0,660.0,-594.4324032616341,145.93514537746609,76.24440258596177,17.093170658078062,14.337789940701246,7.695341232309181,58.18736665046366,12.65784550628122,11.807471309982104,6.301487851169491,8.673542962700354,5.239316641007605,3.9830054903203207,4.580441069721858,22.48946138955406,7.405842190017977,0.9607443874462038,4.964548627496103,-4.9505722662713545,4.868441342705333,-4.278267513709065,4.64077852802285,18.382478326359855,6.372065272580778,-16.732556121669035,6.1348200397772334
3628_20220826_1030,26-08-2022_10h30_HIVE-3628.wav,3628,16.0,HIGH,330,660.0,662.0,-597.0976859368133,145.6089999299219,76.77775173743932,18.12863666336921,16.278205634816253,7.20933289692633,56.12550406203793,11.328954463200573,11.59529516504257,5.995680491430708,9.956142767888354,5.154773373317369,4.289668503730602,5.078314254206891,21.579362584787468,6.124547217675714,0.9267906722536753,5.140513232733862,-5.598594552553987,4.240624877942406,-4.969303516119251,5.6038315952702265,19.55918747616262,6.192452057795809,-16.899062199074457,6.537151410515796
3628_20220826_1030,26-08-2022_10h30_HIVE-3628.wav,3628,16.0,HIGH,331,662.0,664.0,-593.0557691834649,143.93088425966917,76.97797739880926,17.379026942454953,16.238836437179653,7.956337587131948,56.59922302156366,13.093556677796204,10.374079046005543,6.146421797248734,9.676658774478271,5.167314555477202,2.534897614780648,5.28588883363329,20.011708173023585,6.115660585401422,2.159945719787435,4.395316477912773,-4.416310102702374,4.925177292216447,-4.382801584939455,5.306808535461321,18.095894007128106,6.211360721675399,-16.36446665552548,5.394937747794757
3628_20220826_1030,26-08-2022_10h30_HIVE-3628.wav,3628,16.0,HIGH,332,664.0,666.0,-599.3753057488341,147.45859028443192,78.84406517784974,15.461243151073022,15.846525564541722,6.630931667774821,57.34162210043679,11.143665693809806,11.527087975654997,5.269528176185832,10.5375574217737,5.85425123832152,2.2003236974932396,4.435192084560976,19.784562947623314,6.2369992669576995,1.3926415035311168,5.334317948493616,-5.42236543020817,4.787216863095723,-5.296486674436483,5.1594223669360195,18.71061467534986,5.6291618316683385,-16.723739239548642,5.8067571620278295
3628_20220826_1030,26-08-2022_10h30_HIVE-3628.wav,3628,16.0,HIGH,333,666.0,668.0,-594.9595410682981,146.5286788664655,79.12224556151503,16.824180809670082,16.290524652891524,7.126945034823075,56.53117530438414,11.954512468115299,9.293877886033176,6.403573820309134,8.981621968457693,5.884308280662375,2.3824082954752854,4.927210273981673,20.172209465271678,7.592363946655298,2.08376562483837,3.8660534826311648,-4.934483891479846,4.586222077459875,-4.15800669424123,4.568144417273607,18.606441976394404,6.322265277370242,-16.50269877872908,6.002483169625807
3628_20220826_1030,26-08-2022_10h30_HIVE-3628.wav,3628,16.0,HIGH,334,668.0,670.0,-591.4817265999259,146.3068125818965,77.88090097357872,18.912370272853536,16.511971150874086,8.354149475488601,54.98957580099761,11.59030227675827,11.382616260757073,7.006273206841771,11.501288039145926,5.664128300441979,2.2413919608069937,5.229882999322714,19.354078839505817,6.536754989062823,2.9923509447135657,5.5421358131893,-7.231588151251211,5.990759741899375,-3.951766334158807,4.547869884415973,16.83074472024991,6.353056605437097,-17.64275175628294,5.798555991374391
3628_20220826_1030,26-08-2022_10h30_HIVE-3628.wav,3628,16.0,HIGH,335,670.0,672.0,-591.6953830790663,143.76525589283798,77.93030534499898,16.75986469979084,18.991358954259407,5.989343382427487,55.48687684147904,11.846104125990626,10.624122539506624,6.1054913663107495,9.988071282018906,7.612728113885152,3.1687895157119055,4.981676609934025,21.435720569742973,7.194257091444643,2.6352912987585286,4.695374205716546,-4.984180689250666,6.029947899792896,-4.9238236713143015,4.603393851548462,18.121156730028737,5.616355365975464,-16.20720270003001,6.794726237925098
3628_20220826_1030,26-08-2022_10h30_HIVE-3628.wav,3628,16.0,HIGH,336,672.0,674.0,-594.8739078312695,146.10541141046136,81.47660482537663,17.61874848554302,16.719589046332807,7.330592095526592,56.395081667683705,12.269169166103266,13.304103419824061,6.514939077179299,8.138254682057486,6.0029538871520725,3.599198945108954,5.674719904874697,22.02049967371469,6.207997551051307,-0.13323079528289972,5.286341100078517,-5.79237792342609,5.5517433220291155,-3.7941712042004774,4.900822472875385,17.947684801680072,6.079353242824937,-17.399183616654728,6.1402600962212395
3628_20220826_1030,26-08-2022_10h30_HIVE-3628.wav,3628,16.0,HIGH,337,674.0,676.0,-588.3512544370252,150.7214503934337,76.06721092107367,15.848032293299804,15.278915013814444,8.218195765406366,56.35506089001587,11.117583432929214,14.152392546803034,6.665401424733114,8.67161990955813,5.830332457249867,2.0678545701564537,5.463672744756634,21.345870883705093,6.8554659546120815,0.24137664682076357,4.362190633722343,-6.251705374082516,4.9613574830111595,-5.112618876229808,5.599090643363755,17.160203804199792,5.504145871565271,-15.799576187049515,5.827394858898057
3628_20220826_1030,26-08-2022_10h30_HIVE-3628.wav,3628,16.0,HIGH,338,676.0,678.0,-596.8726435898096,144.49658126928256,80.7116009812212,16.678564550464795,16.11564352803389,6.2741563846462,57.82919229007266,12.033387835150208,12.104609531251299,5.935019321302865,8.688600826843944,6.032382351392946,3.553599370033011,4.41798715534474,19.69380307594826,6.003898938152167,0.6893275480723229,4.613403355906845,-4.517484042905068,4.76596816281436,-4.283298747053844,4.677616110567645,18.151682534007485,6.1064382212978785,-16.039676698213064,6.183692465075498
3628_20220826_1030,26-08-2022_10h30_HIVE-3628.wav,3628,16.0,HIGH,339,678.0,680.0,-597.6317460913499,147.8521922809024,80.65975050184745,17.707132003680506,15.527313705138004,5.667941577750297,56.00748743687916,11.217508445679321,11.36405841563001,5.5063696256653305,8.900393742818594,6.460468230992313,2.9254290231113034,5.3472131750201495,18.677562366159012,6.216347103283695,-0.7722925484022042,5.058043241610716,-5.4617308361219905,3.7352364077226317,-5.653022874669728,5.342263306417267,17.77023183658498,6.37118594545635,-16.805466601702392,5.68547424838914
3628_20220826_1030,26-08-2022_10h30_HIVE-3628.wav,3628,16.0,HIGH,340,680.0,682.0,-595.4939124174637,146.22630110288077,78.94178480685865,15.817885203080273,15.57317028320274,7.0953319917082185,58.444104282571594,12.141766269301021,10.850508367556683,5.367295096503145,7.503914541056141,6.3709994455914485,2.3032622727345187,5.445027081415657,20.184206659027854,5.484443327714718,0.7924154874341127,4.918832933461256,-5.6899316966492295,5.0537591016123296,-3.777099055283335,5.577179355905288,19.35318647561,6.137257827727631,-15.89711041781367,5.488389312137769
3628_20220826_1030,26-08-2022_10h30_HIVE-3628.wav,3628,16.0,HIGH,341,682.0,684.0,-596.168885892407,143.5823150679025,79.55346129098615,16.841322607556375,17.048209357670483,5.784968880108403,56.43899604291114,11.458888370654616,12.208025846045421,5.89364920392803,9.13087543693087,5.197485872755682,2.910389856778525,5.611857735009269,19.611014573028136,5.4737611832512565,0.43731808138519557,4.675449140730773,-4.928689090400646,4.593368767132348,-4.005430964845341,4.9646982089223055,18.853349859673735,6.1686616931813365,-15.846958412670833,5.469101746608454
3628_20220826_1030,26-08-2022_10h30_HIVE-3628.wav,3628,16.0,HIGH,342,684.0,686.0,-589.9784655083362,146.2600298885388,75.58645548445811,17.570327948524042,16.27288389169683,7.986572020514942,55.965694636826214,12.737278447531631,11.856301899048818,6.188099648041861,10.264711858756879,6.60134352842157,3.210396887976573,6.87217168254497,21.319615086411027,7.098713417939514,0.36759848827412456,4.887036588416266,-5.164716486199284,5.220377589133215,-4.203169229976593,4.762664706091068,18.90554676284242,6.4321032030162915,-15.954307460215304,6.469380497532891
3628_20220826_1030,26-08-2022_10h30_HIVE-3628.wav,3628,16.0,HIGH,343,686.0,688.0,-590.8806130080288,146.89542942318798,75.2000829739884,16.208305696003247,15.550314054632263,7.749189286439901,61.3471375632833,13.676093921893331,8.938118565832147,8.393625498982969,11.04540035452478,6.221248887915076,3.4326393060515943,4.935989007967459,19.18974034209061,6.611654060903872,3.0272118502310947,3.8710957412291087,-5.713573311629502,4.9815298449760705,-5.412589899417502,5.066014370478781,18.73164180388301,5.820201660227422,-16.076672119309727,5.6697677379832285
3628_20220826_1030,26-08-2022_10h30_HIVE-3628.wav,3628,16.0,HIGH,344,688.0,690.0,-593.2510395032122,139.20253948993616,76.21067697566562,16.786809222013925,17.18896097083988,6.736155748415205,58.84961346952153,12.226585173819956,10.054242699540977,5.922971427280368,11.583058640993475,5.142861544976456,4.177147004269667,4.715172013545352,17.647559846938847,6.222245451444396,3.0893382860593137,5.702718956153551,-6.360559838631349,5.243575787922122,-5.830340089429763,5.38198393134434,18.78272515293074,5.621265750685325,-15.016701348331912,5.649504919438724
3628_20220826_1030,26-08-2022_10h30_HIVE-3628.wav,3628,16.0,HIGH,345,690.0,692.0,-592.0892769851406,144.48553282229895,73.91190739899504,16.1880638903258,16.854601608738903,6.823737704408108,59.31958832410364,12.758373338725018,9.537525938304162,7.100781724982045,11.461773290501236,6.48287136165777,2.692647644329081,5.401422574451906,20.501948390482134,7.45562933061422,2.6456940577994565,4.737952719712882,-6.873963491766742,5.306814436380057,-4.0735636924648855,4.793194690340903,18.546923277425428,6.382795007446601,-17.055414644455933,5.47040791751062
3628_20220826_1030,26-08-2022_10h30_HIVE-3628.wav,3628,16.0,HIGH,346,692.0,694.0,-598.3321509616009,146.99839712810237,75.8896331036687,16.532532641567236,14.904657336380323,6.126673806282905,57.26326988205853,11.659089417500507,9.212696060826493,6.976839847975115,10.032399072350863,4.801901494424634,3.3264824594335436,4.604589102831423,19.081630661804287,5.459193820221532,1.2785511018219176,5.470518847364107,-5.385283609053698,4.886846514622013,-5.212514645782413,4.961801408932557,17.829996729171093,6.119720134893588,-17.319778619600964,5.726655219086812
3628_20220826_1030,26-08-2022_10h30_HIVE-3628.wav,3628,16.0,HIGH,347,694.0,696.0,-591.9018197324423,143.6016445140025,76.91913596441637,17.095120127980454,16.42511350141868,7.417591092677614,57.120430246593024,12.683834716783483,13.328809050384443,7.419216669493164,11.071192470697131,6.196208958717175,2.9066609961437613,5.242312489441142,19.675592701867668,6.259690441942488,1.0502835756283453,4.371122723168704,-5.150047672991027,5.227640383360524,-4.1387237146959235,4.533784032725575,18.9385761648888,6.56430969583749,-16.602724881826205,5.95271408967179
3628_20220826_1030,26-08-2022_10h30_HIVE-3628.wav,3628,16.0,HIGH,348,696.0,698.0,-593.8205927639074,151.2475147124393,72.30201007460751,15.229331175972353,17.336501149291855,7.481529229327517,57.32297679460361,11.78169739700712,9.967364133828747,7.392378759451984,9.212029472062264,6.83207652171061,2.4140682910437246,4.971061048664023,20.7229311633834,6.925793827976664,0.4069782679721246,5.258060068892778,-6.434683387976214,5.562456115390948,-5.9446033901616,5.090183756590904,20.131990466303982,6.616546610019386,-16.92391720826074,6.3130382529878055
3628_20220826_1030,26-08-2022_10h30_HIVE-3628.wav,3628,16.0,HIGH,349,698.0,700.0,-593.7008517703254,142.6600254782885,75.0619721140171,17.913418960724456,18.31320441800067,7.777737840745597,55.32469896760834,11.9149670259511,13.598851176897169,6.9116839718820735,8.566636646789771,5.822716004895467,1.0748457570927679,5.048155520024496,21.09185821851209,6.396650236935586,1.424137080830124,4.682031651341776,-3.843121412818937,4.993911393981153,-4.481436455557396,5.551121383366216,19.082127170184492,6.753018076397732,-16.53268534077354,5.7602272126492045
3628_20220826_1030,26-08-2022_10h30_HIVE-3628.wav,3628,16.0,HIGH,350,700.0,702.0,-597.6949795530052,145.23006396067225,76.32029071305635,16.595593245340098,16.951571883566814,6.566142022164537,54.82188488167432,10.781346893420501,11.317587607887278,4.896524152341721,8.597081032279105,4.543289364453396,1.456833093587018,5.091400690910521,21.566766373490555,7.330880311760688,1.297283745263629,4.94265427826697,-4.585584135564315,5.480943985466239,-5.821901463749678,5.163928844659356,18.884217187569394,6.623634344055702,-17.024245983234906,6.136974350601485
3628_20220826_1030,26-08-2022_10h30_HIVE-3628.wav,3628,16.0,HIGH,351,702.0,704.0,-591.2324266463817,146.42764546148538,71.01072243444352,19.591498298069105,20.070777191205334,8.465636924432886,55.56974044800638,12.07470830686035,12.811854702738604,7.05969262847124,9.2399543039748,5.031203895189625,2.495055915310577,5.539683785754461,22.50900513909162,6.673078585186943,1.6770675045253132,4.675012321133601,-4.478428864975976,5.701576057130201,-5.977666498944408,6.003890074027037,19.035928385396595,7.239365377813507,-16.342405587232456,6.472075701430186
3628_20220826_1030,26-08-2022_10h30_HIVE-3628.wav,3628,16.0,HIGH,352,704.0,706.0,-590.7454250005737,150.31970238720638,72.11631252961455,27.72325662900306,17.694054206709566,8.040370287807743,55.5120893605426,15.010973669010545,12.460514401060744,6.1851860416185165,6.252061434450836,8.162819072639511,3.6703077957469192,5.255557205075093,21.392964703007177,5.825207968349436,1.6208241915025712,4.998800060872051,-3.2768146683249406,5.195343390265414,-4.892882746054844,4.461610702725284,17.47800734267043,6.469287974622113,-16.828649506177495,6.18785059890886
3628_20220826_1030,26-08-2022_10h30_HIVE-3628.wav,3628,16.0,HIGH,353,706.0,708.0,-601.2254317674674,143.65500859369453,78.29793288939187,16.185558462379266,15.617522316727696,7.12284714310748,55.16962285171291,11.206359122270545,12.64914457901485,6.436426066796591,8.883052490570297,5.447420285526616,3.2602018108948383,4.384509984834761,22.892839456383744,7.211087027799392,1.6041663897265248,5.545038417177148,-4.428296825970037,5.100772533091003,-4.906800399810901,4.384644657578269,17.445347110572506,5.618964149672328,-17.159235761089356,6.351010647517668
3628_20220826_1030,26-08-2022_10h30_HIVE-3628.wav,3628,16.0,HIGH,354,708.0,710.0,-595.0371360652263,144.52613228113364,80.99322634812148,17.85961186742989,18.212449694977423,5.756335528789767,54.12092179183595,11.92884303770337,13.077569627377747,5.367467719678442,10.242637674144579,5.202873110430873,3.2956005418780867,4.9164952812121605,20.472407618409232,6.51313759847022,1.5109634310200306,5.061108464585607,-5.149711432577421,5.247877584367017,-6.397512827184892,5.379388723577015,18.12834975425344,6.100225994854988,-16.22731271391628,6.309937110646263
3628_20220826_1030,26-08-2022_10h30_HIVE-3628.wav,3628,16.0,HIGH,355,710.0,712.0,-598.2803822194977,143.6836536942902,79.57600673417564,16.046477417308598,18.249750916698513,6.223865779901308,57.08239253545698,11.586830427015938,13.322039060959883,6.463631892251593,9.962143115956698,5.895727871853663,4.01553475855067,4.377627201752988,20.778828662918137,5.508398393263109,0.05497783377899552,5.378761920695449,-4.6549788349731145,5.197915915241867,-5.06273206538734,4.898744503619574,18.633855507935003,5.992319436165684,-15.745505963277548,6.18015756295541
3628_20220826_1030,26-08-2022_10h30_HIVE-3628.wav,3628,16.0,HIGH,356,712.0,714.0,-599.7891502848689,142.48292202447212,76.4617626049687,16.71262165662194,18.318480882932356,5.758566212167968,55.11477932668953,12.104305420875315,12.347946502286218,5.8093592442551,9.337467622282286,5.971093167524722,2.958346447263056,4.412828363748708,21.334342272282903,6.579928896925721,1.7921709394174186,4.808225201466874,-3.439941616694606,4.8126459467069855,-5.157559411668682,5.199126305803141,18.053368857649236,6.205958436968193,-16.64016608116954,6.292946527908434
3628_20220826_1030,26-08-2022_10h30_HIVE-3628.wav,3628,16.0,HIGH,357,714.0,716.0,-600.1087072258174,144.2516351148096,75.11948291779888,14.950285887188667,15.360595522557794,5.020581122218591,59.65572887891536,11.02390049438544,10.360264877245898,6.444207150351461,10.881017871619383,5.964272894885233,3.152600278375343,4.669322056555627,19.769257083822946,6.142502457874919,1.2647122182756318,5.843591461226377,-4.90913361604402,5.901056494740802,-5.514864856036612,5.377699190461706,18.549002828479953,5.663829410764877,-15.655242573459791,5.6559768862276965
3628_20220826_1030,26-08-2022_10h30_HIVE-3628.wav,3628,16.0,HIGH,358,716.0,718.0,-591.9967790601548,146.19415748152383,72.09693977312965,15.323174476733302,13.628911883696608,6.500773771892683,58.71885598392682,12.464903168824183,10.476231830452111,5.750209726157559,8.199571629578752,6.490844781107494,2.9314392804035134,4.230669092591017,21.852855977841962,6.851513016988411,2.2456122271267542,4.741550119592041,-6.432364669380668,4.866719791802099,-4.975683885572718,5.228132108663446,20.850766352545296,7.1342935232316425,-16.21204658537002,5.205414340486145
3628_20220826_1030,26-08-2022_10h30_HIVE-3628.wav,3628,16.0,HIGH,359,718.0,720.0,-593.397029535448,144.0025817823936,71.72400690861335,16.058938195628144,12.98299328556261,5.947713277450602,57.73307081765172,12.454025136015323,10.757072675421668,8.280188776144731,10.092840914402606,5.678058868907444,1.810391469630964,4.937974437629122,19.860169105455423,6.347296947124629,2.5361780724277483,4.78725854739191,-5.7030674486923365,5.647859877092372,-4.712153892736682,5.158459097600531,19.633663402167542,6.497328185729423,-15.852953139241775,5.835995740970177
3628_20220826_1030,26-08-2022_10h30_HIVE-3628.wav,3628,16.0,HIGH,360,720.0,722.0,-591.3996248621169,144.20306777298836,75.67168171384343,17.102739269804786,12.663135231382924,8.821942570856411,57.14310739238624,12.51406928629532,11.943748230236562,6.5282294046432785,6.18510610894577,8.387538546745937,3.4536118930213684,5.6645821979938615,22.05934369748902,6.988967891880287,2.291386009616034,4.251172120667201,-5.541996091864796,5.072773329335765,-4.226051167214782,5.448312803803168,19.822330784132124,6.790997972263964,-15.103744414202655,5.81323229372944
3628_20220826_1030,26-08-2022_10h30_HIVE-3628.wav,3628,16.0,HIGH,361,722.0,724.0,-591.8326564753601,149.57398914276868,76.65584366882098,16.238623638507033,12.434462433428237,7.181008509227424,58.961173549514584,11.66804865513693,13.377820210023152,6.183119259429215,6.339793442924361,6.861427935776592,3.562140240402285,5.444268771660755,23.336641404394115,6.71353524492738,1.2694007035944173,4.848548853428174,-5.634012245397134,5.226611383746579,-4.064678292005419,4.624161271529022,20.11504944508057,6.632350347250482,-16.62476165561099,5.545019071145387
3628_20220826_1030,26-08-2022_10h30_HIVE-3628.wav,3628,16.0,HIGH,362,724.0,726.0,-592.6616638717265,146.27425358231488,76.55477458320279,16.70293856569218,12.960887147363783,6.463622203802475,58.39115353037509,12.779675085301882,10.992756520679839,7.465100497722181,9.060497727589542,6.47699301828428,2.812227654648186,5.004439918259305,19.88986651449702,6.202694504287758,1.5325625557816218,4.695343396921903,-5.931695934375564,5.834092197325271,-4.39118663225973,5.086855135374416,18.61411452146029,6.663240073783856,-17.13370709464306,6.039315089524747
3628_20220826_1030,26-08-2022_10h30_HIVE-3628.wav,3628,16.0,HIGH,363,726.0,728.0,-591.920684810761,136.25062886033982,75.57225070475644,17.10384566760669,14.54133106271322,7.182011099877742,56.46597126763017,12.619667306446736,12.403813572904149,5.3647951243996745,7.481123894528673,4.515967209939452,3.5160239184864293,4.921886716485069,20.746898506745673,6.5476821676993175,0.1620136665566595,4.825957852680266,-6.201285841683142,4.805236618719567,-3.9037370587059055,4.649672326159424,18.013531477390355,6.654007434569966,-15.307218710708906,6.110819553407634
3628_20220826_1030,26-08-2022_10h30_HIVE-3628.wav,3628,16.0,HIGH,364,728.0,730.0,-593.5762175876379,145.94643220177235,77.41543660459088,17.400128025298642,16.692808141498737,7.695120267651872,57.98461296984677,12.617741491464592,11.541569003765257,8.706390787887146,9.077978754556858,6.238721734841923,2.058141693176851,4.9087730178069355,21.223805127540448,6.232536153380453,1.4150618194021027,4.680474423022317,-3.7216538006967017,5.158297278364267,-5.315891412555916,4.678563741032736,18.574119587647182,6.396421132985235,-16.86489379378847,5.407985897855403
3628_20220826_1030,26-08-2022_10h30_HIVE-3628.wav,3628,16.0,HIGH,365,730.0,732.0,-585.9471751348202,141.0698711613499,75.48694570152028,16.736041956530567,14.261164330444696,8.732820981681064,59.68627446657338,14.962767507052671,12.270530939829404,6.628012301317305,5.834761624791854,6.493063644869573,3.4942195297211627,4.732025347304467,22.052063342130275,7.37408791883498,2.3990594728285055,5.329260136852471,-6.287736707480223,5.205823949100596,-4.668729841158354,5.533225737786485,17.73388198524587,6.754175108188171,-15.651465487582337,5.987626953365522
3628_20220826_1030,26-08-2022_10h30_HIVE-3628.wav,3628,16.0,HIGH,366,732.0,734.0,-602.0504345607404,144.1664131360918,79.44896683183944,15.886364006833466,14.895288925823587,5.88142706720848,56.11995942946238,11.206807032710245,12.49979368099465,6.219916072610254,8.035366328958753,5.3825640064098605,3.264291562018238,4.442416469691485,21.169889265473543,5.0224420863361825,0.032712818789584736,4.883372600764694,-5.839684916247063,4.578646235656461,-4.914014554181505,4.491328184233675,18.1484187289033,5.843943115688164,-15.401610285795693,5.582911821844327
3628_20220826_1030,26-08-2022_10h30_HIVE-3628.wav,3628,16.0,HIGH,367,734.0,736.0,-589.1877295694756,137.85794406368066,78.49516271038077,18.509282962924686,14.132952412207377,8.094162893139625,56.461805601880585,13.997972375612303,12.582733687685119,5.684406367767217,6.941448702393092,6.598256141833165,3.8494145904383554,5.094918415403824,20.356717814164433,6.630554871906272,1.2881791008861179,4.2185404964168685,-6.062394970021354,5.09246679163851,-5.5038862908123845,4.8530735351779315,17.82434652427391,6.511987911341348,-15.573500657242642,6.771112562167473
3628_20220826_1030,26-08-2022_10h30_HIVE-3628.wav,3628,16.0,HIGH,368,736.0,738.0,-588.9510443644715,143.78489049717152,76.95426911370609,17.407362813001015,13.233799900685407,7.1626761475100835,58.050028439035735,12.678987556219122,11.46527271947393,5.635776229883708,7.268985363926243,5.33158843875099,1.6751378070909861,5.910858605578874,21.609018980930976,7.338963974723132,0.6345362586376458,5.683117004504581,-7.006811311252479,4.007320102503999,-5.068367472561849,4.978144024953757,18.156803059359206,6.684838188151695,-16.06083397103509,5.461979284056536
3628_20220826_1030,26-08-2022_10h30_HIVE-3628.wav,3628,16.0,HIGH,369,738.0,740.0,-591.5399496774451,136.890304129883,76.84180880892579,17.45463215086379,13.940467434863267,6.318022791282784,58.559992291902404,12.698550262997363,13.446045181221141,6.011111397739159,6.487413666661774,5.125489439455043,4.228131529762244,4.550936057081899,20.85583996390947,6.384243975810328,1.7555243365006288,5.023010070329073,-5.390896821903113,5.227171184436272,-4.397920809857157,5.352390015031749,17.50653036514646,6.1045195905902485,-15.74969375069183,5.636462313214097
3628_20220826_1030,26-08-2022_10h30_HIVE-3628.wav,3628,16.0,HIGH,370,740.0,742.0,-588.5060101988716,144.47780656863077,76.18977046763722,16.462333876673526,12.470487660250663,8.6212850105076,57.69502005968123,12.945604618242003,11.389541261153054,6.35934406122209,8.258505818554237,5.431618580956953,3.159623633866851,5.738412146917645,20.157995616807522,7.09062400750684,2.196596653092707,3.9916902028012595,-5.621701484135384,4.649458832469279,-4.44676978842169,5.208581149522372,19.653548098005544,6.3982759608465924,-16.91296180464694,6.08522070629211
3628_20220826_1030,26-08-2022_10h30_HIVE-3628.wav,3628,16.0,HIGH,371,742.0,744.0,-589.8514233235486,149.7100513191372,79.30718154000637,15.681005124598276,12.114675704364428,8.980363403726233,61.097565314509524,12.24965973218068,10.123139092672172,7.29554142371693,6.897377504707399,7.067379173387795,2.3149952501938467,4.771120315815768,20.97762155506243,6.918357531648831,2.4845890920444513,5.681093875037417,-6.645712829202988,5.23034445558871,-6.039576374165042,4.871082140838288,18.816046340862382,6.145629193404459,-17.85657511348521,6.374263288991556
3628_20220826_1030,26-08-2022_10h30_HIVE-3628.wav,3628,16.0,HIGH,372,744.0,746.0,-592.5181443920095,142.3999587199968,81.04100165538975,17.399251629637213,14.64246824372909,6.945679042966292,57.209583621041695,12.497688953642756,12.725414666190838,7.135925620207347,8.680962740339691,5.99208639766479,3.138484336164242,4.678488313459742,20.283740951732963,6.31957546886284,0.7645903519805382,4.64208707793717,-7.1132730999269,4.690107413819646,-4.637378754470795,4.881476206980225,17.250868738971995,6.217156017802599,-15.92603402593293,5.258787542553301
3628_20220826_1030,26-08-2022_10h30_HIVE-3628.wav,3628,16.0,HIGH,373,746.0,748.0,-591.7696777451478,141.93523477776506,81.33194078902848,17.98908807252905,16.70897852904103,8.598198720697873,56.82055549463143,12.329218118031418,11.811361679217999,6.674835201947353,8.574635998954406,6.007736305910106,2.753482893462111,4.793759885479444,19.94356084101089,7.117223841474257,1.1374938530296552,5.4642116126888025,-6.36133169902992,4.339834648663071,-5.004145020981982,4.527408361873562,17.575908662784883,5.9166366975596985,-15.942052692452368,5.617957201566964
3628_20220826_1030,26-08-2022_10h30_HIVE-3628.wav,3628,16.0,HIGH,374,748.0,750.0,-596.2284346671945,146.3140975691557,81.99107726147145,15.571108714526058,16.75567972278753,8.432687974604189,57.82781985388721,11.18819846543449,11.174529189420742,5.995122529379807,8.818024376359425,6.617542436398469,1.36143551605374,5.176976554402182,19.69311034013106,5.858919247676965,1.2887474219217034,4.746394897328054,-5.88650040184337,5.999330826663211,-4.7762024456765175,4.748507303470684,17.78812420020675,6.138742724158519,-17.159587751632895,5.668578569060829
3628_20220826_1030,26-08-2022_10h30_HIVE-3628.wav,3628,16.0,HIGH,375,750.0,752.0,-592.7977790442283,142.2044066219293,79.6389566015868,17.11659907551852,16.92799611326612,8.637549073454785,57.622438233059654,12.099399485423527,12.022031139916836,5.826370321856489,9.30349592374417,5.813533579974496,2.0053507579948553,3.8713193897946736,19.7480060481393,7.19992841161055,0.9888558815078294,5.094569989434235,-7.041091633217749,5.287519812681626,-4.242591853252828,4.403411588633615,17.68780692452714,5.851376848238819,-16.28640211962505,5.599639046007213
3628_20220826_1030,26-08-2022_10h30_HIVE-3628.wav,3628,16.0,HIGH,376,752.0,754.0,-594.1045136638523,142.71628085522255,80.34416069692286,16.68365756589422,17.25600784243911,6.797918134775244,57.699041069276284,12.240257048524494,10.247676583116533,6.082281482081926,9.76143230849534,5.412809104542762,2.44298132332487,4.941348880187858,19.33179392204559,6.369081765584154,1.78916653908175,5.624090196190222,-5.9723624271025075,5.918302880651901,-3.812716253290015,5.674168397739613,19.095382846488906,6.361245637807228,-16.046258644054344,6.1245720429319865
3628_20220826_1030,26-08-2022_10h30_HIVE-3628.wav,3628,16.0,HIGH,377,754.0,756.0,-595.7528135377685,141.6781535837826,79.61004836779263,17.110824934226063,16.366539556667618,5.868513944697627,56.184917821240525,12.611282936840746,13.371000413243005,5.852630821976196,8.608809739500797,5.425403295298497,1.12636350958421,4.738281823088703,20.82580872639065,6.529399619330696,0.11354426700624065,5.312004136736662,-6.068042104702504,3.812361923856581,-5.18187981546549,4.537548889228645,16.70078731870934,6.334326283400007,-15.924435721054591,6.019476361543006
3628_20220826_1030,26-08-2022_10h30_HIVE-3628.wav,3628,16.0,HIGH,378,756.0,758.0,-596.7623235798528,142.33890956806746,82.86853490398657,16.80730206689797,16.964659517059296,6.6085333400312285,54.85739887298069,11.604172600244885,13.136084151391533,5.718008263631556,9.080724996184632,5.381034514329439,1.3391650690487475,4.603236655627132,21.315866410063112,5.795405872783962,0.2730836723224918,4.690749380611266,-6.004702656021575,4.934732742023462,-4.172375002616665,4.771973916245943,17.307192771067918,5.618535563425819,-14.974619796152071,5.820939103798135
3628_20220826_1030,26-08-2022_10h30_HIVE-3628.wav,3628,16.0,HIGH,379,758.0,760.0,-593.9532001799008,140.0087737095008,80.43830797748107,18.30134944288625,16.902804366040034,6.174863126956202,56.397747822044415,12.760706085228513,12.691075231232064,6.678346172798061,7.553144322064444,5.37476325190596,1.8178393578317131,5.305439555805118,18.908519315894633,5.292577595140407,-0.09844125109060353,4.809745581720938,-6.891822423453418,5.292728230439767,-4.483416619954639,4.926668679247195,17.66911153246875,5.970237869189606,-14.679026413522264,5.46504078347577
3628_20220826_1030,26-08-2022_10h30_HIVE-3628.wav,3628,16.0,HIGH,380,760.0,762.0,-597.9361632175809,141.80596376762884,80.81944186261913,16.58859973128202,17.72642437195994,6.778396009021444,56.642263585752566,11.612875327294395,12.933804453611446,6.1287793904823005,8.819031980513637,5.7642471730153595,1.1236951677231515,5.064498345946369,19.774423391199296,6.378631638582733,0.1420350070306894,4.240931031604568,-6.378217033919449,5.511755670364687,-5.813984098008584,5.10285262348322,17.339672370085236,6.298555967479794,-15.81296862666999,5.840019596934275
3628_20220826_1030,26-08-2022_10h30_HIVE-3628.wav,3628,16.0,HIGH,381,762.0,764.0,-594.0233365935694,146.96516782947506,74.55222624385921,16.437898482132002,19.253429467184763,6.601302759635954,56.79738076992748,11.623730545620164,14.07183679509483,5.366196790688395,8.588293061947546,5.362082270796779,0.5232270588638122,4.811412372767236,19.376848226014634,6.8322748971660765,-0.7694959581217965,5.497719118030814,-4.944093953214493,4.352714707796666,-5.306856388849229,5.212490011985155,18.726675243087143,6.470370338416045,-16.71271241298039,5.862297094513431
3628_20220826_1030,26-08-2022_10h30_HIVE-3628.wav,3628,16.0,HIGH,382,764.0,766.0,-591.4991406427272,147.7405568438406,77.42526661245608,16.501701280369605,19.258577331746462,6.294375772237012,58.370253809593635,12.171799572751043,12.0263503589692,7.28458844647784,10.543630429893927,4.9777712830328245,1.8000647857304986,5.464449654600302,18.598644001435815,6.141607081953478,0.06492730397980447,5.226368758515407,-5.828272875358414,4.401862665929515,-5.418624357595896,5.12334432013236,18.88051741991684,6.847399491205196,-16.766083529973354,5.503801522820022
3628_20220826_1030,26-08-2022_10h30_HIVE-3628.wav,3628,16.0,HIGH,383,766.0,768.0,-588.8829013264798,138.18667890221442,78.78427569883189,17.59589379235979,16.953807340502877,5.9182833308213825,58.994823147484915,12.608980317733511,14.481493329294421,5.624725669550759,8.59274807353812,5.38290990706387,1.8813493018297158,5.2326142390696075,19.21849857734383,5.956680762189662,0.2858446159946368,4.682436020081052,-7.303613350790092,4.992743068650936,-4.862115552469482,4.55073984790265,17.42723155274363,6.15407177945562,-16.832572343006095,6.040111826559983
3628_20220826_1030,26-08-2022_10h30_HIVE-3628.wav,3628,16.0,HIGH,384,768.0,770.0,-584.9011730086345,146.31617311996885,74.01309654042579,15.936044722433543,17.428681294056886,6.55610576606544,61.71439622082478,12.917395457332264,9.233062896520186,6.435504774793081,10.556962174593554,5.326289654147055,3.246098329568516,4.590691119129008,18.27620136769431,6.073543964622226,1.508723781599077,4.946207569705123,-6.899510512932247,5.713280406872312,-6.47173123577631,4.949368951388453,19.35370958232257,6.201681839178541,-18.46166873456857,6.662063544048071
3628_20220826_1030,26-08-2022_10h30_HIVE-3628.wav,3628,16.0,HIGH,385,770.0,772.0,-588.499161331633,143.98263381132378,79.32872819057825,15.719616556813843,18.5878723729887,6.734521508852106,58.03076148083065,12.22767403128431,10.016934596975775,6.586120272413125,9.060690414411475,5.610524487942249,2.374233533440753,4.681935428747567,20.71385280301193,5.600622110012868,2.713964270239269,5.395459338171811,-6.715514016710542,5.476244600448535,-6.087748286181489,5.14375947257894,17.31098282115115,5.881258887105757,-17.921391676117548,6.496143774074486
3628_20220826_1030,26-08-2022_10h30_HIVE-3628.wav,3628,16.0,HIGH,386,772.0,774.0,-587.1495595913067,144.58459691076555,80.8582941551429,17.363260652863204,17.033985162076505,6.258680363118897,58.253380200311696,11.964605555116599,12.386139537192287,6.158570983626425,7.390570894411261,4.892791584020314,2.047637023904987,5.149069423363258,22.044748185229185,7.2807706859967585,1.1629591258090328,3.840887916874933,-7.3960276906686415,5.2812592800154174,-6.228771900503229,4.538755442165743,17.512325425929212,5.78715501306063,-16.899438311688307,5.7164779559318255
3628_20220826_1030,26-08-2022_10h30_HIVE-3628.wav,3628,16.0,HIGH,387,774.0,776.0,-579.2383489694304,141.43301960949654,75.6939734078276,16.66733464703482,16.16416735111639,6.954698118037025,61.323456532597405,13.190360407036259,10.175610245395081,6.392570003972948,4.417432846738997,7.111858718937229,2.3662743079723834,5.218324022226378,22.38080141449551,6.89074561232884,1.954952223067854,5.054467687009755,-6.757109643925961,4.761451026405135,-4.444405708748573,4.847779143146064,17.573226267176278,5.992236712015254,-17.82014469971541,5.761470259075444
3628_20220826_1030,26-08-2022_10h30_HIVE-3628.wav,3628,16.0,HIGH,388,776.0,778.0,-590.5702688018916,144.4550402574451,79.53288914707474,16.666708028211605,18.27676938025961,5.9358892227865105,60.61734663339241,12.548885433973972,9.024338597503611,7.191914784331393,8.76635223642921,4.994356710720971,2.157801091012546,4.396003890110236,18.617501053907283,6.256269566799219,1.959479033025854,4.546878084358384,-6.780519347743565,5.637513901141555,-4.988825135089665,4.5874676560477115,19.079513974582554,5.449331196290372,-18.13726547420812,6.060732349816653
3628_20220826_1030,26-08-2022_10h30_HIVE-3628.wav,3628,16.0,HIGH,389,778.0,780.0,-583.712668820851,140.7133429646072,76.51106215400868,17.439006132542822,15.041809210479588,6.421690241041186,59.06620494541485,13.564984667531725,8.610546849621592,7.270727179893986,8.168409177099651,5.760184538699557,2.4241415120730494,4.7142345109170805,18.9585228725595,6.269247261429278,2.9669889403729477,4.853299452268295,-6.170659500631005,4.230073566709819,-5.12404683138303,5.508823130073118,18.21637508850828,6.54857127766796,-17.175983974834182,5.7584748305655395
3628_20220826_1030,26-08-2022_10h30_HIVE-3628.wav,3628,16.0,HIGH,390,780.0,782.0,-589.5544962776613,147.60550551415167,77.79561665231863,16.22370389589495,16.11154137150876,6.921929063021004,58.68222013362166,12.490977252893096,9.863508698600885,6.900474526277964,8.384146556242445,6.781856417148584,1.2096862167899807,5.489237137977206,20.848858125281836,6.5712880703730505,0.6737866892177534,5.0304884020132095,-6.5942749121700315,5.239064123417667,-5.941860672996766,4.74242576339449,18.087946320879972,6.132128252453171,-17.74851480609793,6.926952934154758
3628_20220826_1030,26-08-2022_10h30_HIVE-3628.wav,3628,16.0,HIGH,391,782.0,784.0,-580.2491146431485,143.00083774935214,74.14204200259883,17.282132834004045,14.297098017510184,7.156693574390369,58.09130943000245,12.447706598551004,10.249199158368091,8.264058721675157,8.79524764670791,5.310897064840772,2.622399922319602,5.2042071503748915,22.059061302486413,8.013170906519736,0.7434686155043023,4.954366923268331,-6.0052825296075785,4.697198586220122,-7.220892626893052,5.321736883327795,19.53402906257946,6.421367617584536,-16.94530540942428,6.061464203736078
3628_20220826_1030,26-08-2022_10h30_HIVE-3628.wav,3628,16.0,HIGH,392,784.0,786.0,-590.0702177331688,143.04004539261658,79.00322897614156,16.58194728680897,15.38879988081097,6.503107832550747,57.507021588028685,11.543171376305905,9.181653456906725,6.287083308064656,8.481660603300542,6.470203290436692,3.549050288108215,5.5325474326863855,21.534930825359755,6.465200111459292,0.9906048145340165,5.412754698493057,-6.274781592253331,4.809198836883357,-4.7810314040767485,4.465221419218973,16.68299611577371,6.321909965353767,-17.85135856378322,5.456605099250164
3628_20220826_1030,26-08-2022_10h30_HIVE-3628.wav,3628,16.0,HIGH,393,786.0,788.0,-590.7587277315175,141.14638163409205,78.48929042394043,16.883852406983433,18.779942700840653,6.506841243709303,57.494975663039035,11.690000169589975,12.310478200493145,6.7532465985525025,11.01696968423606,7.271824301536028,3.133690673916282,5.500164270559752,20.79603295268262,6.236998357904758,2.134035716454393,5.886777086228113,-6.819320491240995,5.482351384913858,-4.9710777756128905,4.538349729985998,17.898527735042922,6.068748547398913,-17.508881953142645,5.758436328160003
3628_20220826_1030,26-08-2022_10h30_HIVE-3628.wav,3628,16.0,HIGH,394,788.0,790.0,-587.3439686665117,146.52689990965408,76.6397439073275,16.92214597198933,15.829878422444587,7.4009569051067015,59.18709128196809,12.95919164572336,11.440000996939155,8.93299483481606,8.856214683174041,4.898463324577967,3.5175213922587654,5.356492892049582,22.313275977969077,7.233717398889005,1.735221504547209,6.38298768815454,-7.278225925540783,5.095959034469905,-5.955305002360902,4.699380780047304,17.766535866871536,6.138520085663174,-16.820203303544158,6.475657099781528
3628_20220826_1030,26-08-2022_10h30_HIVE-3628.wav,3628,16.0,HIGH,395,790.0,792.0,-592.9766191621226,140.24775304540566,78.52413336616821,17.121179030122263,16.290261033646125,6.065138962721501,57.10117740303027,12.69710163168494,14.239165098846973,5.688056880409707,8.150216881891719,5.340818110742188,3.3198727080099633,4.9907491570906855,20.650109265753557,6.325157533986845,0.12909383471471728,5.16759147578426,-6.810997947516257,5.180627553171433,-5.3999649662353155,4.811544107722641,17.158908378712972,6.135743381650603,-15.9310121215024,5.917324605672666
3628_20220826_1030,26-08-2022_10h30_HIVE-3628.wav,3628,16.0,HIGH,396,792.0,794.0,-593.9104895262287,143.83450915399058,80.96071396836118,16.419355320889697,16.533470013872066,6.057804247468575,56.02039797644055,11.741485732607567,12.52719833481478,5.877657147658312,7.475090341673194,4.7124445164802795,2.508852692740657,4.85133128267675,22.337001937648846,6.946973207484681,0.9359441370269134,4.297989645939518,-4.555195783125939,4.477088992339157,-4.296950749615448,5.019785780530934,17.062665266436664,6.102459514311761,-17.060990704994104,5.784559699981802
3628_20220826_1030,26-08-2022_10h30_HIVE-3628.wav,3628,16.0,HIGH,397,794.0,796.0,-594.425855257636,146.6847167313965,80.67060730832318,16.60599281828233,16.06350622358762,7.046891903038391,55.82586746396285,11.789735800212771,12.62386540890286,5.498803248469378,8.152779183889455,5.646217407838455,0.9651374752895157,5.56732538241046,20.90212687762119,6.038202590812498,0.39161836855268856,4.81949954738934,-4.739885677464847,4.717987397473598,-3.929656382787841,4.17943761758847,17.544566257926043,5.982932274399995,-15.961439148831456,5.792068446633824
3628_20220826_1030,26-08-2022_10h30_HIVE-3628.wav,3628,16.0,HIGH,398,796.0,798.0,-594.8086915733675,145.02940813044347,81.97944814390236,17.46313214884931,16.001736202919023,6.7854455290260836,54.79409113204513,11.954179707656518,12.894686705979808,6.983681573233322,9.263132478261088,6.0847600265822255,0.7624020421455874,5.927655038102806,21.13427693163902,5.951024478004662,0.5941581871109543,4.382595784195982,-5.671762597936317,4.95705532513288,-4.790900013169127,4.717285345998927,17.562480257335356,6.244541932652432,-16.856004275603503,5.768363931171216
3628_20220826_1030,26-08-2022_10h30_HIVE-3628.wav,3628,16.0,HIGH,399,798.0,800.0,-590.6511353588952,139.43421788542722,81.4468336911986,17.339513019844148,16.110767211486987,6.7957174484434875,55.180271665766966,12.263007298383023,13.769881668630106,6.311483749321134,9.137828703760736,5.8366121954400665,2.879062498271383,5.929588974595303,19.93339292783975,6.481399632997765,1.0157962165962384,5.226096970126721,-6.673550384084205,5.779239752425998,-5.510266752732116,5.015266850205452,17.264759583135103,6.0090210509621595,-16.733937674055746,5.8127128598091575
3628_20220826_1030,26-08-2022_10h30_HIVE-3628.wav,3628,16.0,HIGH,400,800.0,802.0,-595.7358539227982,143.47483843563197,84.04998618560244,18.35420601193912,16.852472529783846,6.916930829288385,54.79995249253518,11.592323213213342,13.653436311252504,5.402282468547916,9.178129297062332,4.846271380540629,2.402841531066963,5.1673613607065185,20.1508710305939,5.964951455306792,-0.8599336893730339,4.824440394751132,-6.2741950644543225,4.883294855496511,-5.266576882817168,4.7779365955897415,15.635954693316165,5.94780589937705,-17.023895143930382,6.439199797443047
3628_20220826_1030,26-08-2022_10h30_HIVE-3628.wav,3628,16.0,HIGH,401,802.0,804.0,-593.9520033781995,139.99634941352193,81.42217625867532,16.993976217634152,16.990719973618233,5.865519696368215,54.74953203327182,11.439158996595882,12.846087927418324,5.866918122995287,8.110254285070486,5.840439391718877,2.6339705342889514,4.589121269469848,19.29022323846194,5.908989161027031,-0.6485527532170646,3.725759397983106,-5.920071228825594,4.447821431174847,-7.056095348033929,5.085272242330372,16.787696576500494,6.6048846682287135,-14.4029846517525,5.0566694255827
3628_20220826_1030,26-08-2022_10h30_HIVE-3628.wav,3628,16.0,HIGH,402,804.0,806.0,-594.1945658790751,145.04778743433428,80.10144402494785,16.810150912747314,15.510245199230663,6.537314582733286,56.338352556821945,11.62236139841261,12.220069242082987,6.901173293479095,9.643596307931544,5.831543662930788,3.366776282261431,4.026495044000641,20.596747180365572,7.0928617558522,-0.05369744684825888,4.546433201650336,-6.064374424910672,5.214854229344075,-5.40579841953424,4.502958175024532,17.577198092290303,6.715583059575366,-16.986348917081912,5.856271989851202
3628_20220826_1030,26-08-2022_10h30_HIVE-3628.wav,3628,16.0,HIGH,403,806.0,808.0,-594.4031867784435,143.63703373507164,80.92524129191476,17.773894150087145,16.104213292173007,5.302721610979722,56.47209448932464,12.128142533335275,13.12918312121842,5.588895062095843,8.794166028371173,6.391172740851259,3.725902417686627,3.680370044983615,21.291473838704842,6.072695197039493,0.562061335796649,5.522325017692901,-3.9444594537160382,5.3667304474869715,-4.824180200402121,4.908168970875728,17.2642876656688,5.9634478823240356,-15.141388701877187,5.380309996529198
3628_20220826_1030,26-08-2022_10h30_HIVE-3628.wav,3628,16.0,HIGH,404,808.0,810.0,-594.0503008296624,144.665448892761,79.60287502453089,17.337229505637332,16.44006991149231,6.93449737364958,57.8453391640554,12.93566630592155,12.793201966120852,6.174705030196102,7.908568495261136,5.939079821490759,1.5764214696378314,5.453137881298037,20.870774107048923,6.301451039765348,0.7814535912573123,4.800720746513947,-5.256412423267102,4.940209945246899,-4.43183327471181,4.535600566786883,17.680016327694347,5.918188754337219,-16.332486427505103,5.921821311764091
3628_20220826_1030,26-08-2022_10h30_HIVE-3628.wav,3628,16.0,HIGH,405,810.0,812.0,-596.2611463512866,141.04255734789658,79.40128229489275,17.232973845609003,15.565764947987994,7.0944318164584175,54.27276119100264,12.129610381478908,12.664512216153357,5.476259202869689,9.679153565368118,5.4577879046913,2.9330328091431648,4.977660823836972,20.697163584504306,6.289082173075571,3.0970123506714784,4.7751518682772245,-4.9621500062813055,5.061888900150131,-4.8880166812791375,5.277108677066514,15.645962888101687,6.04692323366294,-16.237595022756494,5.872694491327424
3628_20220826_1030,26-08-2022_10h30_HIVE-3628.wav,3628,16.0,HIGH,406,812.0,814.0,-601.3696435548665,144.31366636877746,80.30476661001008,16.367537567252413,16.023057754426112,7.763884048666809,55.252485951381665,11.182222672271665,11.689905503110126,5.971561260739847,9.654112576518028,4.385311023092522,2.2100861065126636,5.3507955771530815,20.805965828600858,5.789155629965475,1.0349040722618992,4.0102382360376705,-6.049753641714299,4.9833474198709204,-4.129430740183637,4.874941356124574,18.131967021026792,5.415197373016851,-15.288325348336327,6.352493367792863
3628_20220826_1030,26-08-2022_10h30_HIVE-3628.wav,3628,16.0,HIGH,407,814.0,816.0,-593.1164457234545,147.00477356900225,76.12762183128172,17.40299591381431,14.9272540418737,7.306553418630435,58.54246812878197,13.351114405470938,9.518244351111745,7.148898055575262,8.19355351803697,6.184976719410013,1.6525455384475367,4.937248134443112,19.56874821951072,6.724913357535072,2.0946422654465917,5.06835546029706,-5.277433639200673,4.540256173668746,-4.8339148453158804,5.091265635634656,17.770712057055725,6.304531118053232,-15.809092554423877,5.593362700118613
3628_20220826_1030,26-08-2022_10h30_HIVE-3628.wav,3628,16.0,HIGH,408,816.0,818.0,-587.3322384972713,149.94349412757316,71.78891910557219,20.13017861058834,19.670849804829793,10.85866548815013,54.07569023792305,12.026884980861745,12.004916293102085,6.080526754113972,8.98856018188378,6.166129019917237,1.7723802088640013,4.898164509710486,20.83432817867139,6.721169451430263,2.2273306688898913,4.429419504419766,-6.877933563115903,4.79208037522032,-4.6385433413164305,4.246093019222157,17.039942276200797,6.772388430906898,-16.70191937317166,5.596545111524392
3628_20220826_1030,26-08-2022_10h30_HIVE-3628.wav,3628,16.0,HIGH,409,818.0,820.0,-597.2322527000632,149.0375548871327,76.90673718475158,17.63575790374879,15.444209486181123,6.826875051889319,56.57557127566997,12.350458274637141,12.554227329025702,6.282862237232797,8.795228877351745,4.633386633149323,2.5134063319274778,5.096129880479798,22.057194199780835,6.160121369631035,1.1347443254264322,4.910567134014945,-5.048405255595693,4.692463548071923,-5.554360506691593,5.4077036193372425,16.929631275774717,5.694895723809589,-16.542237397128968,5.926723702120477
3628_20220826_1030,26-08-2022_10h30_HIVE-3628.wav,3628,16.0,HIGH,410,820.0,822.0,-597.5609926736149,146.5982660300313,76.77060643117366,15.957375445819833,15.269827191243504,5.848652279222459,57.18589247632487,11.219846906523689,9.704457822697568,6.360974260557503,11.03966727449769,6.056912457275956,2.299549364508765,5.143242931420393,20.84053983320937,6.529517070451886,2.5267936030700926,4.613788112982018,-6.830579692810824,4.3308457211887665,-4.702975445559948,4.501142338294719,17.815021325216748,6.135321876584762,-17.679734852214434,6.2020647992793405
3628_20220826_1030,26-08-2022_10h30_HIVE-3628.wav,3628,16.0,HIGH,411,822.0,824.0,-595.1313462051123,143.98747952637407,78.54650239875177,16.03405125688084,16.302783949374607,7.027207897703682,55.732458605726364,11.398677703063916,11.447347265511524,4.940517971961999,10.407036809818973,5.904712209750188,2.333672776918218,5.067262106593513,19.97218901427193,5.719979869422862,0.46212540768121196,5.478656931350804,-6.801567190157035,4.419594705323331,-5.328558826641318,4.352484381454992,17.43799022938173,6.148557332164416,-17.123552106235866,5.516075768881336
3628_20220826_1030,26-08-2022_10h30_HIVE-3628.wav,3628,16.0,HIGH,412,824.0,826.0,-591.8116623206038,140.6331696961568,78.13370915452386,18.431734105706614,17.574571902136412,5.974927589996402,56.38739284411079,12.054030258390616,10.634791156813302,5.708460430185849,10.485430587269684,5.154951487850153,2.3509471765925722,4.213738658116207,19.238671404255165,7.201042762311239,1.6691671306294478,5.243958533851364,-7.371491215469391,4.92763049909962,-4.904779348833964,5.1905679190575045,18.04219082506986,5.627185566848472,-16.813931972473497,5.89346018981264
3628_20220826_1030,26-08-2022_10h30_HIVE-3628.wav,3628,16.0,HIGH,413,826.0,828.0,-594.1235738630913,147.48431617383372,81.95470317200862,17.14925164867398,16.035960688373684,7.2995439433829405,54.36438598736454,11.658648332783171,12.3039070287889,5.075195086589798,8.88769661836091,5.402250503614036,2.731403582074244,4.367598442386933,22.135526422784974,6.302005160243881,0.240809523960346,4.792304701842479,-6.504615970352523,5.581039497430501,-6.407989365848954,4.461294347575195,17.07728449649473,6.5137322252205125,-16.289431438835358,5.437821849135137
3628_20220826_1030,26-08-2022_10h30_HIVE-3628.wav,3628,16.0,HIGH,414,828.0,830.0,-591.4489942054804,141.09027022068406,81.56336925201562,16.76900924635771,14.590503813251399,7.645048973325663,55.88327181867788,11.462551706243296,12.100763623333393,6.318908750464194,8.854998638677573,5.960877858433832,2.708290025468714,5.482025775248955,21.352357905956534,6.418601109012422,2.5913319947826374,4.59837349889556,-6.663260409246317,4.767101030613231,-5.757611895284888,5.75278277701699,17.2410401553614,5.995833698443489,-16.201152607117816,5.357805132141685
3628_20220826_1030,26-08-2022_10h30_HIVE-3628.wav,3628,16.0,HIGH,415,830.0,832.0,-590.6143542470442,139.6485542035982,77.04998395501191,20.300179470192415,16.085316127162788,6.555615803132444,56.758697893373785,12.41417088819541,9.869706855006227,9.295652939427951,10.69646208217624,5.726358484365413,2.4090150305382996,5.600324744075229,19.54707000614116,5.937352479623001,1.135674201166516,5.139550762329573,-6.640667210528902,4.517023083517691,-5.236513981536851,4.998551628369879,17.126432227223944,5.668573915314481,-17.903775536965302,6.476417200456515
3628_20220826_1030,26-08-2022_10h30_HIVE-3628.wav,3628,16.0,HIGH,416,832.0,834.0,-591.3225604176447,137.85241229165715,77.36058677411553,20.28075308424883,14.86448996350002,6.250010059238137,58.56571507610033,11.336908537994827,8.632449421388515,7.632815934985861,10.06225944352662,6.219890792964695,2.7789119928889727,4.557253727454613,19.30299863672983,7.055686858160728,2.8356659354401743,4.634771005530462,-7.478539796290892,5.216962505348345,-6.349730463543198,4.026347867382135,18.23394337229057,5.484736315253208,-16.88698609383284,5.421809552437577
3628_20220826_1030,26-08-2022_10h30_HIVE-3628.wav,3628,16.0,HIGH,417,834.0,836.0,-589.59136114006,150.578908820662,76.39657380306016,15.93753545709631,16.229143486757682,7.623956143488253,61.28520543422912,12.450721117061592,7.862806816775827,8.767721337701596,10.049603344741952,5.624867878842874,3.2140210898196564,4.846543558288391,19.41086335876797,5.908263189197228,1.6224071964037943,5.69863575158711,-5.780774035660747,4.331298433389157,-5.288450249429923,4.406094030670198,17.840619966388914,6.170129761073654,-18.592682067211413,6.120204776022262
3628_20220826_1030,26-08-2022_10h30_HIVE-3628.wav,3628,16.0,HIGH,418,836.0,838.0,-580.6569740356882,138.9876063538213,75.08332037392483,19.613382422272707,15.38500138534455,8.815316514885671,59.480257823192616,14.197282621268144,7.114597757939925,9.934780110018197,9.592444905371456,5.998721386823277,4.5559784239117285,4.99119385933251,18.06181139751403,6.988925308605774,4.026788952837802,5.8493942579653275,-5.999414745664701,5.388784492042915,-4.741808372693789,4.651993170074477,18.347409910458563,6.119690220999406,-16.18304111087112,5.982700742572371
3628_20220826_1030,26-08-2022_10h30_HIVE-3628.wav,3628,16.0,HIGH,419,838.0,840.0,-585.6683476687735,147.73983987877978,77.64999279584245,16.60953009471816,14.447503458770399,6.592887054941636,58.197239946535554,13.386247355658417,8.857614314367144,7.580762493835823,8.691362672067797,5.735148203659643,3.9952742605715597,4.57486932088644,20.548964326365944,6.943838510259408,1.8563969650502128,4.815042377164356,-6.603274512331143,5.090164075055291,-5.324631952629731,4.9674327747093905,16.846115166936656,6.3092137076367205,-17.379143834253192,5.872796013041443
3628_20220826_1030,26-08-2022_10h30_HIVE-3628.wav,3628,16.0,HIGH,420,840.0,842.0,-593.8590530256532,143.3447400727595,81.17638024990607,16.333591743492548,14.457031349782174,6.645597509174876,56.07811297907292,11.582436999726047,13.013608814414942,6.42144933533299,9.117780391702796,4.762951518873608,3.5982575532575773,5.355684470439135,20.435869947435894,5.885396485563521,0.5627669715630805,3.9764452184102623,-5.842533342538968,4.868282055523691,-5.690563944876213,5.019283387012794,17.24406970368341,6.598973998995441,-15.923045135011765,5.20751738298559
3628_20220826_1030,26-08-2022_10h30_HIVE-3628.wav,3628,16.0,HIGH,421,842.0,844.0,-588.3509041383003,138.9367502932875,75.63370182846644,17.158026549849005,17.96821915339002,7.380715284578673,56.7713040212565,13.072971853431156,9.779727764913703,6.615015677530603,9.456650428774733,5.381123883927453,2.674684814040083,4.780744385745974,19.27474170307274,6.808997346836773,3.581004116158677,4.860037032247408,-6.259225389434494,3.9858131044525615,-5.728713189176351,4.097093295948979,17.554505388282486,6.261877343885604,-16.406070461431035,5.772956723960783
3628_20220826_1030,26-08-2022_10h30_HIVE-3628.wav,3628,16.0,HIGH,422,844.0,846.0,-587.1031069354073,146.82555361564368,77.87037804552077,19.911462533315255,14.827876235552505,8.407042076852793,57.656665750253886,12.955954039233616,9.973660529639714,6.410808707063606,6.022866377337437,7.812315520636558,2.018168578087208,4.867434210670793,19.791157795311626,7.481449426995394,1.917279502087831,4.627244753599866,-6.551339425341628,5.186787345596051,-5.937282943326762,5.41396332814316,18.206449366787577,6.2101683393395,-16.650261798847463,5.464469841708027
3628_20220826_1030,26-08-2022_10h30_HIVE-3628.wav,3628,16.0,HIGH,423,846.0,848.0,-587.7975823500058,141.30473360299834,77.56218764342324,17.882288209081253,19.20484405467893,6.9729533039938705,57.764951327077725,12.50599764374964,9.881235703124577,5.911311312141754,9.68486846773704,5.381632896606546,3.428493860112132,5.245796662523721,19.067442928368244,5.680834369705554,1.9159358812727214,5.44941041630543,-6.5225202992067155,4.703618785999593,-5.4796055745601135,4.707034292443312,17.79140799597503,5.880661264486606,-17.573123107337242,5.766359533924809
3628_20220826_1030,26-08-2022_10h30_HIVE-3628.wav,3628,16.0,HIGH,424,848.0,850.0,-590.4565324493216,141.27897950567439,79.5798129754274,17.79749602049936,15.944027444740533,7.240241767013723,55.22071156792122,11.853770674825705,12.709566654255239,4.94765227380497,8.49242592070574,5.066730258197662,2.8306842693319156,4.204404135143248,21.733945176688337,6.536444032001855,0.9023517821172651,4.67982288491691,-5.096823378695436,4.156035510124418,-4.82833192720016,5.140270382362892,17.83958259475683,5.988723492272351,-15.304815115525873,5.898127250043241
3628_20220826_1030,26-08-2022_10h30_HIVE-3628.wav,3628,16.0,HIGH,425,850.0,852.0,-594.028223923734,146.8259536176518,81.76700943251592,16.1886577073177,15.428944416120808,7.284972765777518,55.86550968291526,10.690939493800911,12.207311408258885,6.331545233559543,7.75038492682694,5.627985062930563,2.703670074793759,4.447724176505363,21.407591240045935,6.0166525941475895,0.2449864757611944,4.18050131510761,-5.314018141330581,3.977016772814931,-5.423976007839023,4.823314042154689,18.591179865268117,6.531970408405317,-16.081622796332596,5.788390885035825
3628_20220826_1030,26-08-2022_10h30_HIVE-3628.wav,3628,16.0,HIGH,426,852.0,854.0,-590.3700384023549,141.55539394022367,76.04764547864113,17.23227916620058,17.30803085579105,7.170767730138685,55.0370576778323,12.442719651395976,9.683797283933293,6.9474559172229045,10.048999572061508,5.037250669855806,2.6694647601302455,5.494528574479661,19.02848168292504,6.397348588524881,1.9273653727197908,5.605645730184067,-7.589388950361307,6.148808469097001,-5.552337723608013,4.403054658528578,16.389068558396225,6.554793248905076,-16.74739702331184,5.944110572306117
3628_20220826_1030,26-08-2022_10h30_HIVE-3628.wav,3628,16.0,HIGH,427,854.0,856.0,-596.7284893056099,143.42752294329128,81.2777842393035,16.399115855376447,15.169889028483544,6.3875345417785,54.964494270516596,11.60772630333702,11.843944442649832,5.672958749543943,9.794220078568951,4.890335812178954,2.3721042851950167,4.469492216428431,19.392959275307035,5.409057923823961,1.5588898498258323,5.087815480282325,-5.125565335750193,4.7669563038342275,-5.199331930573331,4.94708269075074,18.463981707900867,5.74890085206538,-15.768965437789875,5.9869865798124
3628_20220826_1030,26-08-2022_10h30_HIVE-3628.wav,3628,16.0,HIGH,428,856.0,858.0,-570.9488758820122,160.65281531885438,73.14638175139936,20.735921649278485,15.862085035508445,6.11935366307845,50.47406645345272,13.97618956529347,10.830738906705726,7.002818963897748,9.311745125217007,6.62026936391534,1.799509854891286,4.530225334978088,19.316963812386714,5.983319472460473,0.49627751154335936,4.973811561310391,-4.096819714544358,7.326398321424435,-4.510565120345181,4.654106886944515,16.142241872401417,6.356758966420552,-14.913431080663015,6.05822272458371
3628_20220826_1030,26-08-2022_10h30_HIVE-3628.wav,3628,16.0,HIGH,429,858.0,860.0,-591.3800175968678,144.98250192897424,82.2188182460366,16.129318254799248,17.73982003700549,6.661214253237398,53.83411817119956,10.67107114667702,12.578659362839403,5.2905202164284075,8.50488000494404,5.140855805598225,3.0374609371365593,4.612155967241366,20.260567294866803,5.551067606837205,2.0872418631897744,4.692930401391475,-5.661961014269447,4.373067616768901,-5.317405715576459,4.736304288448722,17.283041937152344,6.165946182377848,-16.98906066288268,5.983215318354218
3628_20220826_1030,26-08-2022_10h30_HIVE-3628.wav,3628,16.0,HIGH,430,860.0,862.0,-587.0274289695323,147.8188519759418,80.22861642320079,15.413846374178712,15.094849782016121,7.525793471367879,57.51935503786971,11.332282091460018,11.200669012605127,5.7229942130993035,7.843121985414104,5.706233177025079,1.5959832789221957,5.324401619351129,21.549073036722486,5.70245066920762,2.0203314132279364,4.421258918478701,-6.515534226207477,3.648164567916311,-4.973835274178819,4.229308510703478,18.7103463239671,6.440034552834057,-17.121775602133898,6.291620203658387
3628_20220826_1030,26-08-2022_10h30_HIVE-3628.wav,3628,16.0,HIGH,431,862.0,864.0,-588.0896780926779,142.92436998029598,77.76068932067311,17.12169277939308,16.30133222444924,8.236830146151837,57.05035512511087,12.12879067633593,9.836458885643877,6.864799461754046,6.1655576930870915,6.661238529552526,2.662348292387952,4.701364448023457,21.99822851604863,6.296475984390359,1.0520607960621964,4.597158958519965,-7.094526358548662,4.913846430069058,-3.5717537015372116,4.706163399237649,17.74516022164344,5.944345229211127,-16.763280965586528,5.823894419168521
3628_20220826_1030,26-08-2022_10h30_HIVE-3628.wav,3628,16.0,HIGH,432,864.0,866.0,-579.870053745287,145.81967557834338,71.71494533611117,17.25356534884878,13.66596441366008,8.30261740912691,59.949508043635326,12.99547854484935,13.383115957990707,6.267469327913913,2.1394359574270054,8.939553851024534,3.1300056767351796,6.280199874495537,24.578470678519356,7.061864963723033,0.13193159932991316,5.6023308757410275,-7.468540817058466,5.367680388390645,-4.735369291660903,4.584094522227887,19.17351198744617,6.309538960693315,-16.00734431645729,5.847697647269357
3628_20220826_1030,26-08-2022_10h30_HIVE-3628.wav,3628,16.0,HIGH,433,866.0,868.0,-590.3008474399296,144.13675726638843,77.38792208435022,16.109552519142415,14.680941716771255,6.556310424591645,57.23526110440274,12.327791796918172,13.533958160916754,6.571764488816983,5.291516745867111,6.455293910629273,3.03002555030436,5.528299463811972,22.23867316628219,6.289639099454083,1.6996870047924542,4.550794558530175,-4.104843365168204,4.238504760034948,-4.18164500541037,4.065382908818537,18.682984826163754,6.260657007836883,-17.064468899051324,5.916835886559124
3628_20220826_1030,26-08-2022_10h30_HIVE-3628.wav,3628,16.0,HIGH,434,868.0,870.0,-593.5813805668779,137.90912120047156,79.13350672201267,18.027573096291285,18.263353854039327,6.196634354325304,55.21199595149078,11.899351400565488,12.720979619218195,6.75751650235499,9.502085437440131,5.351077964866025,2.783954217429124,5.157109348156333,18.958382855933273,6.00778234227762,1.592575544891845,4.557665313352729,-5.652404137373862,4.6810889957109385,-6.055430223087864,4.806889062750573,16.005594960111328,6.424474816702976,-14.982586303117639,5.83556976788874
3628_20220826_1030,26-08-2022_10h30_HIVE-3628.wav,3628,16.0,HIGH,435,870.0,872.0,-582.5165022515904,141.8764553154514,80.26524825568723,18.092733450611732,17.556859759973992,7.769072820279615,57.52822880602338,13.985405841374886,10.872044696204238,6.501763844097554,7.518537701246139,6.91536573661745,3.2104906379192766,4.893196523390146,20.890630601759216,7.573200294372659,3.04568284564325,4.374009636671514,-6.2773417280584525,5.141376475673276,-6.025497144054486,5.060444484842303,16.904481225279348,6.552859511135407,-16.47157143309516,6.241609565117017
3628_20220826_1030,26-08-2022_10h30_HIVE-3628.wav,3628,16.0,HIGH,436,872.0,874.0,-590.7399749473294,142.70816331526132,81.32610632355096,17.10311275287912,17.880190017122867,7.927374447909152,55.02986288122207,12.061169700612265,11.063315372577597,6.114529500128794,9.753886064134724,6.092482302928505,2.528406418203904,5.213623966785486,20.272688448720427,5.919211825318684,2.4279810888302884,5.829733334861339,-7.761395458811638,5.301135699362726,-5.956601460723034,5.148994145476467,16.58786892953022,6.185587759615005,-15.201373454814428,5.914815421416505
3628_20220826_1030,26-08-2022_10h30_HIVE-3628.wav,3628,16.0,HIGH,437,874.0,876.0,-592.1172509837885,139.7101859486847,81.21409265428363,17.128276825879208,18.145602567660895,6.165840676878376,56.26125047198595,10.678389278603339,11.867804793710857,5.500166837884439,8.45891522673495,5.73246699232328,1.81485875668967,4.5798460388505635,20.28611305881736,6.839543526398917,2.13145124971267,4.571018506637303,-5.117740655954083,4.605385356265338,-5.780857097758673,5.4577448946862885,16.633468699852084,5.982948396757693,-15.610129906828522,5.992422882396015
3628_20220826_1030,26-08-2022_10h30_HIVE-3628.wav,3628,16.0,HIGH,438,876.0,878.0,-589.4684075030755,141.847421905026,81.2968550819574,17.932228930317297,17.682004936360055,8.024261619347515,55.14062224225236,12.126598349454989,12.045852112947163,6.695930753286531,7.988639240246655,4.9408917922196105,1.4701379790656264,5.385748092267985,21.96434335851803,6.1279501706131345,2.3614916761189613,4.988473430584772,-5.718166068618387,5.154252060911209,-4.984976225043566,5.610643046311371,16.33810133626411,5.8753471262518255,-16.24938309507565,5.527644018066964
3628_20220826_1030,26-08-2022_10h30_HIVE-3628.wav,3628,16.0,HIGH,439,878.0,880.0,-591.7353622184974,143.0018967783995,80.49769170664386,17.92428675041198,17.5949071349553,6.689208890133246,56.23304153072119,12.415929032548059,10.145733993829971,7.74506837965514,9.051244217709717,5.613731919062986,2.6883130694716475,5.081795953103533,20.47390389381328,5.969082176346076,1.7811075143630284,4.619820143465444,-6.798849787522799,5.001369041917997,-5.248610246351397,4.69851755872785,17.104175250329,6.828824015318945,-15.627075240455687,5.924875137432476
3628_20220826_1030,26-08-2022_10h30_HIVE-3628.wav,3628,16.0,HIGH,440,880.0,882.0,-585.3837256102962,148.40858259513809,75.53541662365998,16.220519322945616,16.411842454201096,7.533770862218715,59.22966778550839,13.442214201420946,6.169860810854757,7.361037754868751,9.254268131853406,5.488002784199302,2.1844516272562626,4.910390950864265,17.871842032714977,6.663989466254629,4.606299197496889,5.821495380781167,-6.714788589761879,4.327313963743135,-5.5242853547465085,5.442845570108658,20.984136247856778,6.893047080696189,-17.54893760971395,6.0681259184285885
3628_20220826_1030,26-08-2022_10h30_HIVE-3628.wav,3628,16.0,HIGH,441,882.0,884.0,-590.6111892942528,143.35885202866547,78.59951590061462,16.86927105328123,18.194115882227177,6.874759613230944,56.29157644051451,12.482467959138322,9.988102544397305,7.312891927744854,7.585016344333736,6.3799795917347,1.6148773086677655,5.440861612316768,21.20964130838754,6.755416894561516,2.9490615289798434,4.826185123062183,-6.482251934367076,4.851466424226881,-5.8429992564752,5.329591330207679,18.496522049878614,6.693195733139408,-16.395688037670052,5.829351965549231
3691_20220825_1315,25-08-2022_13h15_HIVE-3691.wav,3691,14.0,HIGH,0,0.0,2.0,-417.6860308563835,117.59119374616007,172.10617233138777,45.46378783204067,-2.5691621780293437,10.67994055877406,-12.429990540031378,9.280370141617123,14.522122918362562,5.129475551920078,29.153680622166767,7.489269775570045,8.597135586778812,4.725732477762571,-2.2539533273525394,5.441624825988439,6.166558173345549,5.3435625857418545,0.7013079850023228,4.80154332098572,-8.594129381362317,6.348641177475662,14.29625419208382,5.476449551179956,4.207250861722017,4.819407161303491
3691_20220825_1315,25-08-2022_13h15_HIVE-3691.wav,3691,14.0,HIGH,1,2.0,4.0,-425.6950421779658,118.75755788084318,170.0749287172102,44.431114112523176,-2.898852674653238,13.429244721970878,-8.910734083424986,7.394725566127679,13.887061558151162,4.775015607050715,26.84244525076639,7.351445536675614,9.56146087358053,4.681300441088717,-1.6176109569206667,4.495743766560429,4.268466690839135,4.94182977023882,-0.08696055280535091,4.230339443520531,-8.758051531117879,6.053167895232067,12.154615133034781,5.156068126772918,5.164732092048002,4.559307382636997
3691_20220825_1315,25-08-2022_13h15_HIVE-3691.wav,3691,14.0,HIGH,2,4.0,6.0,-422.6270270423157,126.31824388263243,166.610872724558,42.70802151108658,-3.0235972259216246,12.959014599525174,-8.378880857457549,7.291158288918017,11.637292286603744,5.231856548686043,25.044721859648554,6.756613920591147,9.119902186485778,5.096984713603427,-0.30284822705941744,4.885655032411183,3.7967270939779136,4.4759865154668566,2.229581031148534,5.19405085459594,-10.035083775618565,6.580032293125583,16.185441471096006,7.310450374224499,4.801545747505931,5.959127045535902
3691_20220825_1315,25-08-2022_13h15_HIVE-3691.wav,3691,14.0,HIGH,3,6.0,8.0,-424.6539605698864,121.7944732193399,170.0146008199712,42.60251687810663,-3.1657387539273527,12.140835397367578,-10.299744799112409,8.161817212877718,10.755399389638708,5.974298768740362,25.587435150827012,6.822086859265378,11.872493274940295,4.596986803218954,-0.16101092161710587,5.679273252176164,2.8443036837523383,4.748164892814997,1.7410170361028001,4.835390951944668,-10.629137022757153,6.589502275650001,14.97208866981993,7.404891321918123,4.82107429275371,5.318368016808649
3691_20220825_1315,25-08-2022_13h15_HIVE-3691.wav,3691,14.0,HIGH,4,8.0,10.0,-428.68532519717365,112.85634464206052,168.57637957486372,45.38331088798092,2.056407373046072,11.740361691693593,-12.209838345144275,9.155057581174397,14.778522792445353,6.161087321162785,24.279189216618217,6.87519081023461,9.634187096395424,6.119336368111236,2.4662853112991217,3.73279650570817,5.6673508918792495,4.844007035010177,0.807404687012016,5.293988642660507,-9.623628503421319,5.7209428387510215,12.383786296265068,5.542306902687041,5.129640115557118,5.422758168805384
3691_20220825_1315,25-08-2022_13h15_HIVE-3691.wav,3691,14.0,HIGH,5,10.0,12.0,-422.33533917752436,117.71805825589684,166.27395685365167,44.879778433208045,0.6007102522652702,12.415963012897251,-11.605435594549723,9.538149575147061,14.76854034597717,6.122165288955401,27.97975891855592,8.085445348638771,11.857040169612505,6.102492868556941,-0.4430306567408343,4.942967294487546,2.908162793339511,4.67907368985891,0.708410563757083,5.006564208360398,-9.800943305649177,5.979304004464208,13.448543147486966,7.143949266989995,3.7187911217652263,4.568962521074419
3691_20220825_1315,25-08-2022_13h15_HIVE-3691.wav,3691,14.0,HIGH,6,12.0,14.0,-420.6640916748192,126.28980611389325,166.5281119766336,41.79089243840051,-0.5826337950572846,11.96402649168594,-9.586262118966653,7.982693494764622,10.247283204298647,6.362529100571032,26.8565010566722,8.351506724372218,9.88139953316921,4.343192385549558,-0.35025399889839115,4.48334394434641,3.308220365443296,5.161127425126918,1.668643863639577,5.209250557054809,-12.871243209148085,6.7918217540938635,15.623435284966352,7.324729604397545,4.065861851690802,6.7036250058192115
3691_20220825_1315,25-08-2022_13h15_HIVE-3691.wav,3691,14.0,HIGH,7,14.0,16.0,-420.38099670350925,127.76249116079636,163.7108431693019,40.94229799938713,2.2733278622160156,9.945572466946077,-10.78241780616933,8.154819114835224,12.139095744213686,5.156625991618786,24.48513894976339,6.565382796674305,10.212124003099301,6.770078066824801,0.8340272396433788,4.643515195728075,3.0555793237941784,4.945441554085763,1.1311033578150342,4.946030721688158,-11.891065167813244,8.26129941985371,16.262312854110412,7.368707981183809,3.817871756911425,6.7469275787988146
3691_20220825_1315,25-08-2022_13h15_HIVE-3691.wav,3691,14.0,HIGH,8,16.0,18.0,-420.08532834154215,122.65917845461485,164.35413910347597,43.919368691255585,2.0598967012825544,11.122866325878299,-8.673581513521118,9.096784706630297,8.752664061292384,7.29861492819511,26.298697154975155,7.757207873306095,11.666038665314973,4.19917313920911,0.483670653541878,4.552864838527294,3.6694087259220236,4.530537955518224,-2.2638962760315935,4.44959803318542,-12.571900695009814,8.332662555581454,15.25373750526415,6.668641151355878,6.032408329750579,4.894666799601765
3691_20220825_1315,25-08-2022_13h15_HIVE-3691.wav,3691,14.0,HIGH,9,18.0,20.0,-415.7839540845856,123.91586102863403,164.28460090120072,40.459891693935774,-2.0776876027717988,10.536425355242546,-7.256943139887473,7.502361444348035,10.58728093384694,6.68637047449493,24.37608917540998,7.245451835362546,10.374125360716352,5.591334355982303,-0.6637409379447948,4.155092106236822,3.3164355165096486,5.010439300463716,1.4966796768541561,5.692648832452216,-11.297134503726959,6.129430349594258,15.719003477153585,6.563052139752501,3.8753577485619384,5.446961083244088
3691_20220825_1315,25-08-2022_13h15_HIVE-3691.wav,3691,14.0,HIGH,10,20.0,22.0,-402.7687333732149,119.6670337035731,163.47034800464186,36.22174324433088,-9.01547378907074,10.862847120703652,-8.061915495410037,9.55211893510427,10.191599501668316,8.929178627933098,25.208791674646054,8.310604839772955,6.361531774429877,5.396737064596508,-0.01357505157514452,5.582370558152757,3.78047591074789,6.7152578587841,2.2542892152585945,6.178332705696953,-15.8222109033749,5.8690663716410025,15.861669398961691,7.112904292637729,3.520907585199292,4.460169237968869
3691_20220825_1315,25-08-2022_13h15_HIVE-3691.wav,3691,14.0,HIGH,11,22.0,24.0,-384.7866132843338,134.9419194744063,160.89134523555182,40.16922795640999,-1.392758683417865,10.471900151929834,-19.22630434307818,12.641023038402937,15.408958435832131,6.97708002452228,29.67265904428181,8.122780479499557,9.975085150789615,4.7308015770621905,-6.413418546163479,8.181137052624853,1.5219906874597233,4.923508959316569,2.6016080024121018,5.599105306475369,-14.465991283513368,9.252617330373221,13.089001324487581,6.750471988299694,-0.48859374542557404,8.038189824223409
3691_20220825_1315,25-08-2022_13h15_HIVE-3691.wav,3691,14.0,HIGH,12,24.0,26.0,-406.67720524443615,121.14468458146058,165.7555523203997,42.32479903239896,-1.4430527327288292,11.162302457875159,-15.137788449702535,9.721775768617107,17.06824969761324,5.907622225091786,27.848231288212354,9.011759711322936,9.19733890519093,4.6252451171178315,-5.559971894829557,6.004231825594976,0.6381272210210707,5.0371061922824065,1.6465139772698392,4.922773674647473,-10.445933851090306,6.019262287870488,13.10730877511506,7.336674345909031,4.650792429506537,5.8840962531433005
3691_20220825_1315,25-08-2022_13h15_HIVE-3691.wav,3691,14.0,HIGH,13,26.0,28.0,-397.5588610673671,131.75684433286324,158.22691829201173,42.956197649407315,-5.006401439156415,15.655295810367624,-9.936740835710646,12.564489015839989,16.022292796712637,6.19918415745398,28.670516501423176,8.933953923810748,8.82464963550982,8.442106960279174,-0.6205957629493816,7.310214109184712,0.001526828046936737,5.195425378550501,1.497364057615028,5.6914878681498005,-10.418628764663802,7.315903105927369,11.14628740188313,6.734326048377871,7.031170684979794,5.543494278918561
3691_20220825_1315,25-08-2022_13h15_HIVE-3691.wav,3691,14.0,HIGH,14,28.0,30.0,-428.6146386482247,125.46868213317701,178.01597435820642,44.687889852664014,-2.825624378532031,12.561552127347722,-15.453432592489065,8.721798377153688,15.68827264504229,4.602818118487232,30.28790543113702,7.498655425445658,9.525098420654297,5.421167143602611,-2.923116699335774,4.677500655465881,0.29184300081956477,5.074057088212427,3.236320600899232,5.42543412140476,-6.394401281574627,6.960566480397426,11.526810249964491,4.932765484382813,4.717428675911498,4.423946184490401
3691_20220825_1315,25-08-2022_13h15_HIVE-3691.wav,3691,14.0,HIGH,15,30.0,32.0,-419.791873137504,121.38737818450717,170.09081860826606,47.66590322095923,-7.537503336517195,19.7249831879166,-9.812622277848098,11.141459580596425,14.852124519402588,6.250387439099408,26.333894868899254,7.598632548438846,10.80495692411248,5.945833529559431,-1.9957246239810185,5.899170901392601,1.9339203839510877,4.636553476007461,3.364022897956781,4.810119090598525,-6.722966947445162,7.309805290484182,10.703849338398912,4.845006592856496,7.399686757415729,5.363186895608272
3691_20220825_1315,25-08-2022_13h15_HIVE-3691.wav,3691,14.0,HIGH,16,32.0,34.0,-421.47811658864407,115.33812568417562,174.9727720900486,46.873802231683484,-4.360017247813415,12.348892333444553,-15.421615748333577,7.1088198658999096,16.420009289643907,5.638913239211677,31.061029851773345,7.870796149897238,8.721625319136798,5.826828161101697,-4.701691566443712,5.852110515829306,0.39289685949800945,4.994821629050897,1.7029567486167854,4.204230870423173,-6.715138846730942,7.02543602265764,12.738321185903201,4.947083832327839,5.147697059149297,4.132406399421248
3691_20220825_1315,25-08-2022_13h15_HIVE-3691.wav,3691,14.0,HIGH,17,34.0,36.0,-421.95864747591946,123.85202741440416,170.46496483279668,44.85009273011939,-1.0648508280059383,11.094193295488777,-14.968813444423299,8.935688678342393,13.322237425337557,6.853967938669912,28.89183409462925,8.052918408733154,9.00288942235374,5.303425896748307,-5.5786393397115015,5.144528659899866,1.7984186668444864,4.633901281657207,2.2879316990200715,3.62536485340241,-6.240362974603323,6.206593982814065,14.615242647877627,6.549602726748145,4.600837767295186,4.401774812294128
3691_20220825_1315,25-08-2022_13h15_HIVE-3691.wav,3691,14.0,HIGH,18,36.0,38.0,-425.8904954327658,114.89468734224646,174.55379348140087,45.67625908046917,-1.1178468679031133,11.956881992480158,-18.78164398909461,9.116800169432025,16.83140457319442,5.965050203654277,30.970715505315592,7.7854139210487885,9.838327665814148,5.839161631119068,-4.094510789149904,5.731757527360715,1.3131093718485185,4.62634002987107,1.1218125509635006,4.6415896272232455,-4.354029573342354,5.309592373764124,12.84541706862589,6.142836324084566,3.3556896912902037,3.7673547317637337
3691_20220825_1315,25-08-2022_13h15_HIVE-3691.wav,3691,14.0,HIGH,19,38.0,40.0,-422.3275927753282,111.57145907448695,176.13194417543116,47.042216381530245,-2.5621686442780134,11.775593174805932,-15.875667312032101,8.578948363684319,17.023384656729977,6.181362932075917,30.811599285726526,8.6247614862147,7.968835162526408,4.351066980999573,-3.213574081697023,5.055901163265386,2.260350186601123,4.410783003175286,0.7873215157356392,4.694404725296672,-4.1114368429449435,5.205575979355223,11.505291710574125,4.604504158872964,4.112177027618978,5.2855355748850545
3691_20220825_1315,25-08-2022_13h15_HIVE-3691.wav,3691,14.0,HIGH,20,40.0,42.0,-412.49375330551317,121.67324744298197,164.84536093172795,45.395196844868586,-0.047737119785836876,13.008973525681665,-10.579745217951443,10.487393702611698,13.461054527374124,6.067842108540239,26.342905023505725,7.3226675385244215,9.136970468356594,4.641108858803681,-1.5156590214613823,5.354737951814375,1.6205484295690133,5.044738306342217,0.04677688337799669,4.191405593461164,-6.398862600467337,5.960974237837842,12.95242413297658,6.130545561283586,5.373087000321938,5.3229556260130115
3691_20220825_1315,25-08-2022_13h15_HIVE-3691.wav,3691,14.0,HIGH,21,42.0,44.0,-417.0171322193633,124.73403402758954,170.81118276553593,42.325734926906605,-2.2876488186845245,11.778355425781793,-12.3723827336598,8.146843978775468,13.672115378583316,5.9088373743403215,29.018138653528045,7.808180289007831,9.528166609859934,5.567756291393744,-2.0795370865070293,5.651946037166851,1.654243119359489,4.143332540806133,2.061877091043635,4.438253988212299,-8.074218939774267,6.072214459301911,15.913850249560591,7.416134112228819,1.8853164972694547,3.448986918850762
3691_20220825_1315,25-08-2022_13h15_HIVE-3691.wav,3691,14.0,HIGH,22,44.0,46.0,-420.0679116140758,116.4813445526157,173.42212244885837,44.58239346971438,-5.666921148041097,11.927477121439397,-12.837202379063637,8.53402830037015,16.629310940183313,5.9837778620852635,29.238338034796023,7.489191793860725,9.207578148204107,4.768085148114285,-0.9547743918452682,5.195107105150671,1.6439218588045843,4.523680881629655,1.4422517641982477,4.508241424104415,-6.903565418662781,5.079094985608755,14.089309478510575,5.985754940057553,4.79678662475762,5.255839100467378
3691_20220825_1315,25-08-2022_13h15_HIVE-3691.wav,3691,14.0,HIGH,23,46.0,48.0,-424.9428773590262,115.13305542676183,169.60794123132487,47.18244370702422,-2.2240588738456326,13.211138976843062,-14.251666527119502,9.344270155689978,14.8335000479051,4.486308432827746,31.187908738612215,7.487281880963682,10.697075557647361,5.693273802501858,-2.5627452993092725,4.787647527503718,1.2034568443289209,4.3478960511811815,1.7865739336502091,4.232354842480109,-4.715180587123395,6.718282151042936,13.344935627288415,5.664090333080537,4.840947168468757,4.540133647703585
3691_20220825_1315,25-08-2022_13h15_HIVE-3691.wav,3691,14.0,HIGH,24,48.0,50.0,-429.16236873799664,119.94280751265984,174.1389299652394,44.81146095307921,-7.057809625972956,15.068684101506525,-14.017180751104647,8.860735857922522,16.909437130095014,5.755995401638323,28.251158899714593,8.250339578498897,8.84498408523737,5.63797702777979,-0.6435441615865324,4.377033280242824,2.2511751090976215,4.86533522358226,1.9610358513952821,5.050834859210897,-7.297495247100022,5.756893352167102,11.675820294371686,5.018096846169194,6.959448247774015,5.388122076720738
3691_20220825_1315,25-08-2022_13h15_HIVE-3691.wav,3691,14.0,HIGH,25,50.0,52.0,-428.2501758594877,116.59855370205229,173.2462655033655,44.2942859785185,-4.9026094254006605,12.649039649233657,-12.967646668618587,7.392012253116268,13.872055120067417,5.916662551791052,28.821621158559434,7.791073945731959,7.072069050113859,4.963732745856,0.43230142104070435,4.994382968810982,3.2345203655311368,4.565146769263137,1.3737297052035724,4.436521744271536,-6.6141412408045115,6.127903888649789,15.057768699554044,6.053629616163879,4.268608388654632,4.382863362513309
3691_20220825_1315,25-08-2022_13h15_HIVE-3691.wav,3691,14.0,HIGH,26,52.0,54.0,-416.2930371499886,128.5056200962572,167.79476571035795,45.14548630807579,-1.5455648155092072,13.193285517769826,-11.897172979914124,7.334961764820997,13.755655301325005,5.335708812891004,26.236033469206667,6.851299698638293,8.195661487968687,5.803693864215674,-0.1971050351711183,4.777440947959441,5.093377212866175,4.67107093006361,1.6951206860272239,4.700362367707673,-8.065438130846692,8.614551647388794,13.749995951892585,6.205134239920391,5.105776303435386,5.477568816021113
3691_20220825_1315,25-08-2022_13h15_HIVE-3691.wav,3691,14.0,HIGH,27,54.0,56.0,-420.3246515972406,119.4065740669657,172.70821248312538,45.93007832939954,-3.647318213115458,12.120334752537907,-17.908999566249854,11.404635047720108,21.52520369775717,10.30160783389045,26.221664999920367,9.917786479592785,7.701668187643951,4.208347360686118,-3.1650003908478648,5.266918438631024,3.7472731255094165,5.622148435078691,2.0952403851357837,4.225036876363769,-6.041571012597255,5.827563004878096,12.451507046532114,5.977118389195628,3.822661128716834,4.429678928996619
3691_20220825_1315,25-08-2022_13h15_HIVE-3691.wav,3691,14.0,HIGH,28,56.0,58.0,-423.1301062580149,117.91800755924196,176.16104409928766,46.012098350581155,-5.610223423348762,11.71177329857835,-17.3870980955325,11.601094503031089,20.48794750315889,8.632231185244782,30.23611327994109,8.655377801853556,7.8297388585231635,6.2677992990160805,-3.3332225087311933,6.235896547387201,4.868040768314327,4.742462441505929,2.365007522045415,4.319517179804852,-6.502927959986628,5.773851731599031,11.905978818054813,5.949849190567214,2.8167579712550515,3.903724350935188
3691_20220825_1315,25-08-2022_13h15_HIVE-3691.wav,3691,14.0,HIGH,29,58.0,60.0,-427.80926263958236,112.45653525232099,172.33019748660095,48.18533527017112,-2.584620193398771,11.889354247909129,-14.278292881248785,8.107919343999546,16.947233919583084,6.427779353557565,28.51944117991042,7.758000077156858,7.582006559891583,5.568213336127276,-2.06176566276368,5.081196428991129,2.4005684027397503,4.206992271712886,1.0076997702286556,4.570070832985195,-3.6041447133573477,5.822900727149368,12.46172523518279,4.889689435857163,6.106080514972961,5.113077461536228
3691_20220825_1315,25-08-2022_13h15_HIVE-3691.wav,3691,14.0,HIGH,30,60.0,62.0,-425.28013847657866,118.71078833450234,168.6250483286608,48.25367001103493,3.272751673408123,11.879758300733663,-12.554173990270815,7.856970059262566,14.117825115343967,5.5485927810737,27.149471481134803,7.434544551476674,10.20655989143811,5.605023042239854,-0.6666202324968452,4.05281255594514,2.222113825587686,5.470822266535277,1.805665979398628,5.470155638364398,-7.053730266056911,5.5623866130021105,11.313350784305756,5.261802624155219,5.162381411777221,4.877712381926502
3691_20220825_1315,25-08-2022_13h15_HIVE-3691.wav,3691,14.0,HIGH,31,62.0,64.0,-436.22053605957916,120.72445883702565,176.3510657197291,46.748092992534175,1.3314148855938188,11.328874530181867,-14.467850250273079,8.048781232842439,12.437885591222,6.094377585972123,26.662610326979696,7.496980887406901,9.93747974830193,4.855190926496231,1.3175522782027451,4.111988316337835,3.9952373134300316,4.812320062898246,1.7500799799438203,5.742261911715264,-8.879356963108565,5.6939627180761985,11.120581068075849,5.190481514618402,6.078981250003608,4.8115144541915225
3691_20220825_1315,25-08-2022_13h15_HIVE-3691.wav,3691,14.0,HIGH,32,64.0,66.0,-412.74351541847113,122.70526669427603,164.17884547911484,46.75010217907856,0.1535508782176316,14.204196340734025,-13.498912556773105,9.815360565913666,16.99134883495394,8.345806135412403,21.91009319963882,8.010429208462588,9.253454766227378,7.4886667044199084,0.8237073750327714,5.644025267691489,4.7352363969834945,6.918324894679649,0.42996493753341125,5.303908974033562,-9.19531994292008,7.198118491714307,14.487703939302998,6.320362063478471,6.435032112447144,4.873581819747615
3691_20220825_1315,25-08-2022_13h15_HIVE-3691.wav,3691,14.0,HIGH,33,66.0,68.0,-428.6502822400672,114.69076592530031,169.41312049261208,42.54494361022423,0.6051891265203343,11.536532582357452,-11.021734507804998,9.422904080036119,12.519264790340559,5.663773751758031,27.65974376080497,7.577184158091305,10.439579968020174,6.550906599611279,1.0568017460845707,4.440453587344494,3.510085485364299,4.563921436775548,3.5706157784339254,6.415292665520041,-6.1727962674318375,7.81033215938979,14.006798019079273,6.276127016721549,7.744983767667242,5.839136860556355
3691_20220825_1315,25-08-2022_13h15_HIVE-3691.wav,3691,14.0,HIGH,34,68.0,70.0,-429.56468140026107,115.58431143701488,169.0373480176633,43.0998895752564,2.3548752766882823,9.735794939385043,-11.740773920396627,8.901964727159847,10.841411347553267,5.476885104952221,28.488424346783617,8.527485646494302,10.254595442791864,4.702686142795709,-0.10356760417337015,5.2786097272261205,4.349172125606905,5.472194951959814,-0.14083366064592703,5.234167628821768,-6.347378067761267,5.425201484395923,13.554305614521654,7.979915353058523,5.472951410852203,4.760060923764951
3691_20220825_1315,25-08-2022_13h15_HIVE-3691.wav,3691,14.0,HIGH,35,70.0,72.0,-423.9102696782963,115.41329570410561,166.38741053859928,47.21242420405094,-1.9750606542713698,13.16086454751479,-10.092129894090975,7.94688722275853,12.74089175147,6.383639637507712,25.85102715128687,6.678272069109604,9.80049935551674,5.6337210618828,-0.16106022217406318,5.191556467015614,4.779971261345144,5.549365503785946,0.6632587390885789,4.375262113677951,-5.988143691053811,6.3563311352083955,12.405736344523108,5.0806508703685145,5.679146356614374,5.177884860817999
3691_20220825_1315,25-08-2022_13h15_HIVE-3691.wav,3691,14.0,HIGH,36,72.0,74.0,-413.2532498146638,114.73685313617007,163.78379103160188,46.7393273576847,-1.4524358891819158,13.549780534970592,-10.682650554211058,8.52475413853992,16.44056896239043,8.285944392342643,26.705431119287393,9.919662826120378,8.92285663062019,7.472328559325017,0.1164123109831189,5.55561492642375,3.0038100245483554,4.6411292272577445,0.6409112461907921,5.145308789661836,-6.74267066125526,6.340659071188604,11.614380704904002,5.9470192921749,7.027032786875198,4.11641705032734
3691_20220825_1315,25-08-2022_13h15_HIVE-3691.wav,3691,14.0,HIGH,37,74.0,76.0,-418.09110014923147,130.8877341615228,165.18998172285367,43.084922271037286,-2.6230678368166007,14.406527545865975,-10.166899510454911,10.717539262521225,14.373213991593845,6.341402466467983,25.624551719878973,8.315314437371569,10.007276960082471,5.955691474651176,0.8716097502531049,5.017890914976923,2.370209147910713,5.991592761019899,2.6667592389423387,6.122347938026777,-8.76093627889706,7.837655939825459,11.765652495334542,6.097903199614078,6.786348385067622,4.937850600763921
3691_20220825_1315,25-08-2022_13h15_HIVE-3691.wav,3691,14.0,HIGH,38,76.0,78.0,-422.1087644981505,123.69936633279582,165.33146527908926,44.508440339573035,-3.513671748336142,13.741078418428865,-11.439126130368646,7.719640334379316,12.339479273661599,5.810076588470838,28.75685285165696,8.382890574847487,9.256847226432463,5.452847854459065,-1.1288551053840332,4.938255363976167,1.6423657028613783,5.193161897425771,3.5011150147444816,4.792240590247669,-7.807615100283591,6.661056102381305,12.684083426227112,6.02358097405019,7.04768841640294,5.191052644195641
3691_20220825_1315,25-08-2022_13h15_HIVE-3691.wav,3691,14.0,HIGH,39,78.0,80.0,-336.806299341341,158.02202531182914,142.2444004024329,50.24351076175808,-4.898953426653635,20.121131426115475,-9.452612515821722,11.33826086694974,16.22252680027883,8.927486263368648,17.557039202139006,9.63719083343314,6.896185873723113,8.624686300756284,-2.016661011314927,6.671142555735023,7.087947817927135,6.754791627753133,0.8165432734757307,4.2621515290859335,-14.048791067643437,13.67850767847611,11.157519539830215,5.984458094240739,3.8467471427568283,6.563802034947508
3691_20220825_1315,25-08-2022_13h15_HIVE-3691.wav,3691,14.0,HIGH,40,80.0,82.0,-421.20802146836866,121.88402582005531,165.9983247612056,47.008372403023614,-1.8683151472441664,15.380145700637117,-11.286078725615502,10.268131025285188,16.54749999127464,7.232386194203378,26.475241703751763,8.294081355309936,12.612451586204648,4.91850906295509,-0.5276614145603571,4.746680593721523,3.591979893545558,4.765912427795813,1.6754337975252682,5.315355789061756,-5.491833095525009,6.496458955570872,12.178875030446529,5.310259120249063,6.267352103611759,4.704257691117464
3691_20220825_1315,25-08-2022_13h15_HIVE-3691.wav,3691,14.0,HIGH,41,82.0,84.0,-421.209881481782,122.22683060866116,167.98760145781648,46.356950853944745,-3.0977391652053647,13.235789835067921,-13.448762949982097,7.686749151481113,14.39032679902541,6.995452118772176,28.437723874536246,7.798282439376354,8.969733633066287,7.415997088604485,-1.2675576020779147,4.816894785171401,3.4608563502848635,5.826243693234493,1.5249221166920075,5.082792297520864,-6.030333489559091,6.685454510486849,12.864183361614907,4.910429125979083,5.862650600517454,5.569190670213294
3691_20220825_1315,25-08-2022_13h15_HIVE-3691.wav,3691,14.0,HIGH,42,84.0,86.0,-422.77258462492574,122.00950185219084,168.32344195727444,45.372982101805476,-2.5821278142050335,11.989900347309831,-14.42171019290393,8.744073815265036,15.387554288310177,7.584878378770819,27.097011249612212,7.968361337343457,9.11355310247575,6.125463221121412,-0.5512385755901669,4.58158759658673,3.7217264359554223,5.670275852362709,2.8247416047820404,4.554143996288726,-7.966504726414919,6.713169085992663,13.310555158500183,5.611058170394408,5.338856367032646,5.888808702644375
3691_20220825_1315,25-08-2022_13h15_HIVE-3691.wav,3691,14.0,HIGH,43,86.0,88.0,-430.6227300211664,121.63125157375957,172.08820966881535,44.48593001667935,-1.699840977066268,12.055595494788726,-14.32254221478913,8.732219406651492,16.49239026521119,7.3587004003353025,28.222253765103257,7.578373931290519,9.32154533323992,4.586630909650276,-1.4842766888888057,4.806649675655078,3.4512625064772413,4.759664197642178,1.7628246530363496,5.255507109085946,-7.815015503549713,6.377778722969497,12.67763921918934,5.75974416174942,3.696118147920101,4.785917787547316
3691_20220825_1315,25-08-2022_13h15_HIVE-3691.wav,3691,14.0,HIGH,44,88.0,90.0,-415.37851782227347,115.83039680511452,164.95608196642578,46.936667325706864,-4.554002153458506,14.550405849091682,-11.408017105986989,10.213963290054892,13.10336578513711,5.854506782567374,25.283788921428535,9.660652243869036,10.387265740649442,6.02129340065888,-0.27506867264698653,5.219746531952072,5.311679702343787,5.077217333378594,1.8341810743956264,4.35391265070413,-5.4354694438057125,7.040859286407239,12.09196643840065,5.97090712528471,5.322120835538518,5.155771896551274
3691_20220825_1315,25-08-2022_13h15_HIVE-3691.wav,3691,14.0,HIGH,45,90.0,92.0,-419.96369730486833,116.45733528199905,171.21722372749483,43.533971736641526,-6.49811516042665,14.285140612231046,-10.759343060920179,9.001654649883179,15.961927090227134,6.706102495730018,24.533245461878025,7.9619560715566005,7.26366314831732,5.961198128904814,-0.04978586835621041,5.813624222801834,5.001920298323534,5.852661525792363,0.07603978972380104,4.47806825730095,-8.952535036561189,6.897785235855866,11.774108100202625,6.157383012296703,4.1371820581134156,4.659759783359911
3691_20220825_1315,25-08-2022_13h15_HIVE-3691.wav,3691,14.0,HIGH,46,92.0,94.0,-419.92762262858787,121.1494661819783,171.43542042123656,43.96266831481781,-0.12669186482105724,10.62458153253932,-15.90588888748895,9.150475501282022,14.848030024260474,5.974312713613397,22.65630129436625,7.969500421717585,7.527077612440163,5.33872466007504,-1.444245448623422,5.432750659420141,4.019536959801058,4.657066961622886,1.0228853197151624,4.621186964322236,-9.705526070117942,5.40666475043364,12.47540729939518,6.173202107326993,2.5492419680119913,6.234209480299091
3691_20220825_1315,25-08-2022_13h15_HIVE-3691.wav,3691,14.0,HIGH,47,94.0,96.0,-415.16379216068987,118.89723431404796,167.77647957876002,47.213565852685264,-3.0920685654148765,14.455263502525488,-15.421844597405672,10.10877603059462,15.648021014391329,7.7826273087831295,28.14552257532547,8.381401875266548,10.007830594000774,5.753643498147698,-2.033429672635379,4.973696857388327,4.0328510516575955,3.781506966481286,2.1097906954570695,4.591905703025912,-8.015077727315505,7.176132050453571,12.44025426292363,6.259001700105921,6.083729891284353,5.064983735773939
3691_20220825_1315,25-08-2022_13h15_HIVE-3691.wav,3691,14.0,HIGH,48,96.0,98.0,-404.0591883427713,133.8689591312958,166.64676822073457,43.932266654890746,-7.3614787404085185,16.873470159010115,-11.704584943282567,13.761021850285216,15.29383349888721,5.9842578090653324,25.249154430046286,8.887637423000676,9.931101395467497,7.027163328268035,-3.7354800897898226,6.042926181509005,3.384125240400026,4.998709584753787,3.2481862159766717,4.89449108498064,-11.444444897315716,8.56055981742104,11.867161622591436,5.772732944962889,7.347415640773093,5.666064616151523
3691_20220825_1315,25-08-2022_13h15_HIVE-3691.wav,3691,14.0,HIGH,49,98.0,100.0,-413.4084636914221,121.82162736830863,169.20476921160292,43.658233680227234,-3.5787290519443324,9.437211935674096,-14.170150282311425,8.411923301172566,14.754333442528397,6.865431149554956,25.678485630000928,7.606165836217417,10.10205454763011,5.216964621345267,-3.241666504331309,5.542544228996573,2.787784832392183,4.780698429957313,1.0348811704380039,5.017649114510245,-7.113228760161447,6.039193285127112,11.869528346303815,4.707744680186525,7.505437939844394,3.998786179350123
3691_20220825_1315,25-08-2022_13h15_HIVE-3691.wav,3691,14.0,HIGH,50,100.0,102.0,-421.3287601365088,114.33622930224855,172.39271948615007,44.75034482537881,-4.298571967829117,13.53893834769423,-14.695645427982328,8.894632943821291,13.075234738942555,5.381154918032848,29.491746640045573,7.883085327279236,10.228230703093358,4.9880153613086815,-2.171092713060992,5.955820590665625,5.813540897096924,4.520780154827079,2.692969640967018,4.54520666107466,-6.419807318540481,5.97016947460663,13.291915088454388,5.149605141015433,8.393502024424853,4.463393584780884
3691_20220825_1315,25-08-2022_13h15_HIVE-3691.wav,3691,14.0,HIGH,51,102.0,104.0,-424.6319459813861,122.7925760315729,174.37371807887104,44.82542493422017,-6.920960068580743,14.213725086039705,-12.057393308529617,8.683906378143803,12.063761226140642,5.9821048743870975,29.25524848971985,7.224683363498581,8.854592368091048,5.207876160700492,-1.566332323616569,4.525161646648979,6.458163437916899,4.281077922786794,2.1697069542397402,5.292916379345932,-8.53765951872453,6.417096352094046,12.517749401406782,5.951659458011384,7.472486482843645,4.6277596522002185
3691_20220825_1315,25-08-2022_13h15_HIVE-3691.wav,3691,14.0,HIGH,52,104.0,106.0,-422.9251084091887,120.20591199284983,175.11233556314227,45.26407604776299,-5.375243389900186,12.360602077891016,-14.31968728246894,8.364096965885889,13.112921310128922,5.242134495751109,29.225974102967776,8.408586330362553,10.19282783037998,5.63161843367427,-0.7512553697105947,4.0826994165767525,5.0769919829167,5.044610467473385,1.464166463180478,4.356957579334856,-7.444293698648933,5.486444432921927,13.73019637883825,5.19061981381523,7.44850018558417,3.748746754406275
3691_20220825_1315,25-08-2022_13h15_HIVE-3691.wav,3691,14.0,HIGH,53,106.0,108.0,-418.78737626512316,112.33893203393622,174.38462531881981,47.098905193198185,-5.370147797277891,12.683958598814801,-13.55920548333044,8.712224514876302,12.324719321307565,5.137346448043578,29.349181953818015,7.577625006137606,10.01716310753704,6.224542123481985,-2.2318525732276098,4.9732956882495705,6.342858977598068,4.549482115478775,1.370878861721549,5.067606077835297,-9.242009346475346,6.184261198766651,11.465108374671697,5.174546906041615,9.089327016774824,5.381012259791367
3691_20220825_1315,25-08-2022_13h15_HIVE-3691.wav,3691,14.0,HIGH,54,108.0,110.0,-424.03672278096764,115.44583214450978,174.47652482777062,46.64799030271148,-4.733384704838737,12.648904566402027,-11.339454804586726,7.668705244274102,14.331653417710143,4.874203957234954,30.00636821469205,7.376825819249395,7.867473795670865,4.667158856735828,-1.1400078638446396,4.769297851250638,8.467448638774234,5.754456507754961,1.9615253529305907,4.014249139617869,-8.970573183996851,5.23478792663965,11.154680973055298,5.159113416383755,7.283070160030726,4.8349126697311
3691_20220825_1315,25-08-2022_13h15_HIVE-3691.wav,3691,14.0,HIGH,55,110.0,112.0,-422.88329394949847,116.52484854853944,174.3214644954537,45.975907764909984,-6.373409962719776,11.92618394074962,-11.131455253492549,8.617314977489807,11.773478185777812,5.820030984964469,29.92695527643757,7.852925301557804,7.769850780327229,5.252265639439634,-2.111015944043852,5.197883142496975,7.29340370561615,5.706936480763935,3.338270625308727,4.46452649825804,-7.944718887188053,5.573961921252951,11.423728810882805,4.791352004973143,9.335654146156202,4.5177575830607655
3691_20220825_1315,25-08-2022_13h15_HIVE-3691.wav,3691,14.0,HIGH,56,112.0,114.0,-417.85412175043984,117.99119607712905,174.30954880938938,45.2065015421237,-6.457141267233413,13.12377555908385,-14.146206350076703,7.236688941313387,12.856088804263285,5.068417176424334,30.83469361926975,7.346921591944428,7.537234946077995,4.251035736770736,-0.904657290546889,4.194526417481886,8.019664725858226,4.5846595763580815,2.428477879325659,3.9536816556011174,-6.9284657349799685,6.532169273247428,11.684719297679564,4.631029288316075,6.74455025900587,4.892124782408023
3691_20220825_1315,25-08-2022_13h15_HIVE-3691.wav,3691,14.0,HIGH,57,114.0,116.0,-409.05792221733304,122.06307454599474,169.57080608345626,43.24243686978844,-9.676931517927772,13.903241764942052,-12.779740527960936,9.467494954877097,12.627726612787384,5.707764641033017,26.649198053863586,9.61072848881619,9.185802308483854,5.739826152466313,-0.4531733860144916,5.423575984268631,6.6211835446669856,5.054413888428963,3.9591315123331867,4.617655109625978,-9.521970488682442,6.150706036256428,12.012500489337091,5.826113547210233,8.028073096234955,5.697683354463446
3691_20220825_1315,25-08-2022_13h15_HIVE-3691.wav,3691,14.0,HIGH,58,116.0,118.0,-415.14897300487183,122.4872905521313,173.9732809458222,45.7115287106596,-6.790192050027304,11.777546937133813,-12.767663968157981,8.340077569132802,13.730298473827471,6.262763562825034,27.951588074873015,7.955542521319095,6.682809834161878,4.778131075258871,-1.7725777425679496,4.866696398789357,4.539709028738313,4.786892596013127,1.7238700634590292,4.604780477309012,-8.448394271740199,6.192053726600415,12.175442333635573,5.479228447185345,7.338759576573235,4.210368625354854
3691_20220825_1315,25-08-2022_13h15_HIVE-3691.wav,3691,14.0,HIGH,59,118.0,120.0,-406.91072845158953,120.47497402323508,170.0051798097669,46.50289534537343,-5.904470911996603,12.153933909756567,-13.419549166590546,8.245335623453617,13.032231245675753,6.909040253023177,28.608085530283503,7.762243901781599,8.77177438072178,4.811210357540635,-0.5068705787234992,5.191902138792095,7.247567312373368,5.45616616776555,-0.17299965563588168,4.484173624295248,-8.7991346813666,6.488990484071124,11.835449006745346,5.191305551932856,7.5279061884386005,5.296757801476677
3691_20220825_1315,25-08-2022_13h15_HIVE-3691.wav,3691,14.0,HIGH,60,120.0,122.0,-395.9072520832663,132.68558982638183,166.2351542118359,45.945154941488646,-9.650819154859649,13.75105197966354,-14.069909023748552,8.394827272846126,11.797879018527285,6.46241400521739,26.406724593350784,10.297518897303258,5.388392391536953,5.790961086511474,-2.4126423409943727,5.249032821017968,6.104679455055981,6.2012165471098095,1.0241716679388317,4.89464009646399,-12.237656924025124,7.318514593008718,12.912891291815177,5.784803466222866,7.305618293424213,4.668448451498399
3691_20220825_1315,25-08-2022_13h15_HIVE-3691.wav,3691,14.0,HIGH,61,122.0,124.0,-410.79302267720976,119.75343157943553,168.76103770728574,43.76554905531636,-14.645696755495011,17.776419450227287,-9.354581050466953,13.524441918258216,13.537889967094694,8.13447923654077,25.705019687436415,9.803423237766227,7.558958420767085,4.996388867285,-0.5815480493196081,5.1352329592887065,5.8859528799398,5.672310727785823,4.084686858727262,6.077824761099101,-10.764613292559243,6.186196535568897,12.402830203262692,5.923596249984484,10.460919542503047,6.099741532055587
3691_20220825_1315,25-08-2022_13h15_HIVE-3691.wav,3691,14.0,HIGH,62,124.0,126.0,-398.4379097123669,136.9561495912361,165.90001181791797,41.387928037096074,-8.125512277004772,12.307084341584224,-20.504646087271002,10.519288705971858,13.093777761732428,5.871570770275889,29.91270160018163,7.01846105885384,6.216800237222964,5.577823625647113,-4.229593695257371,6.65883082010457,3.6443082450847326,7.1408548741901,4.587409883817365,5.324856222960037,-12.17271870218986,7.902944823941143,15.05212485369676,6.834146495381175,5.161962844400796,6.581549617368423
3691_20220825_1315,25-08-2022_13h15_HIVE-3691.wav,3691,14.0,HIGH,63,126.0,128.0,-405.9878452279902,129.52079470478455,170.12093869309868,42.338033948452555,-11.446507258070358,11.571992366965654,-15.501748684152203,8.622116437887172,12.175987092467759,5.870923147618165,26.38408030943148,7.673410222958379,8.245737529649677,5.109444549003846,-0.58773312530231,5.93185286373498,3.6898087434903655,5.9819292974456735,2.728205328256332,5.739847721672446,-12.089011991195534,6.527067980401118,13.293421123340348,6.524523465640703,5.136836892883205,4.578077954828106
3691_20220825_1315,25-08-2022_13h15_HIVE-3691.wav,3691,14.0,HIGH,64,128.0,130.0,-415.1973681225295,121.74958558279958,171.97900490481442,45.48821419948031,-10.181907885525089,13.254059665445318,-14.512766636559531,9.33083211360388,12.331589249066703,5.724816899651975,29.702964560736778,7.562591173778325,8.516989025025282,4.731341248660582,-1.4883707855926158,4.563071943928769,5.022492581802726,5.145421346217397,2.612522673019529,4.484775640507508,-10.784715323473284,7.222802870144526,13.047732862681162,5.576855012955805,6.727564059134497,4.4733430436317345
3691_20220825_1315,25-08-2022_13h15_HIVE-3691.wav,3691,14.0,HIGH,65,130.0,132.0,-402.01938272000825,127.50401390025316,167.15819952279122,42.71128362721614,-10.257257275683855,16.115246603785277,-12.960060358080213,12.94560400311802,12.199182206017987,5.684565980038003,26.88811380376133,9.354334513370288,11.180055397116474,7.342674465833975,-0.2551063805174411,5.362756142505702,4.957623976786453,4.99009833586822,3.378817767999074,4.685464797404647,-10.933816388037389,7.0368818183958775,12.987651354786138,6.389766554758299,7.383636483160253,6.16116764190865
3691_20220825_1315,25-08-2022_13h15_HIVE-3691.wav,3691,14.0,HIGH,66,132.0,134.0,-408.62626642650184,125.28297916246932,169.71429188726916,43.74169779230186,-6.178543390435334,12.395660752107371,-14.416191845490337,8.258801367029978,12.159000216664921,4.587994959935836,28.478849287190076,7.979756998265819,6.255359284024504,5.360897874386351,-2.640450051773923,5.533997883844931,4.7618033487451985,4.4186261217677,2.3881095204649947,4.414300244517417,-12.539449015946847,6.550216521789647,13.274838667258827,6.87964165678,5.654650939134483,6.450552845785426
3691_20220825_1315,25-08-2022_13h15_HIVE-3691.wav,3691,14.0,HIGH,67,134.0,136.0,-412.6024798312056,125.32599039142147,171.56572436076152,44.667818669205104,-8.561192617576813,13.5077719736007,-12.310099859013619,6.749837675608728,13.63559565252944,4.943939596930748,26.472978709842366,8.698922969945732,7.784899390163214,4.556874386282933,-2.339747185889199,6.214717577619182,5.970549219686708,7.097522069641413,0.5194187748765347,4.91190965388463,-10.180781025575275,5.628720435535776,11.808376881994905,5.760135182976837,7.733877341863022,4.573485405329899
3691_20220825_1315,25-08-2022_13h15_HIVE-3691.wav,3691,14.0,HIGH,68,136.0,138.0,-417.86811000045225,120.35220834847398,172.72742693698692,45.330101401905836,-5.680767921445618,11.571108796545019,-15.872202581517055,8.56150456796061,15.243507479053761,5.4834763849038355,29.043033863012745,7.067980151822791,7.792173565872377,4.708404241713237,-1.5888934934389676,5.01286692917752,6.56279427288593,5.061986411312119,2.5544980292311923,4.1139650088043584,-11.367402133712053,6.483521832677033,12.33961259083879,5.296998628846329,7.281030982639003,5.7804410087905875
3691_20220825_1315,25-08-2022_13h15_HIVE-3691.wav,3691,14.0,HIGH,69,138.0,140.0,-414.64425664174917,121.19467666882277,171.7731550601454,44.55193991520589,-10.24768756949369,13.182267620856466,-13.548758089415132,7.719514619585569,13.280334388178467,4.9634247920052985,29.35114367571028,6.994366156956645,8.251165787154273,4.988620013886046,-1.0105505513216269,5.55787393374083,7.0723245454112655,5.1675013865449335,3.8500987462423204,5.058536125660418,-11.51296834313388,5.82729550996425,12.931259055678323,5.763920383123461,7.613959985798806,5.207322653589501
3691_20220825_1315,25-08-2022_13h15_HIVE-3691.wav,3691,14.0,HIGH,70,140.0,142.0,-409.34698170086983,126.83501259319051,168.83130926428507,43.88911761063524,-7.2761869285708265,11.221828673845614,-15.380996089790328,7.874208349156719,13.092044934556315,7.5491059970539816,26.42555003361798,8.634896138484143,7.506057804299279,5.1361107561511155,-0.44793207816387864,5.225632729693424,6.764004066046913,6.812481073290434,3.6550663683196016,5.679034691092583,-11.694799684038086,6.184911619197727,13.387490147796049,6.739711152169409,5.21481898212003,5.445484732410727
3691_20220825_1315,25-08-2022_13h15_HIVE-3691.wav,3691,14.0,HIGH,71,142.0,144.0,-415.88401896653835,124.19035072840663,170.08932193115268,45.21699683465808,-6.692496603780578,15.252812759300221,-10.529066499058436,8.829996134669068,14.342022059311109,6.614248209533937,26.81297839373174,8.376473831888081,7.83680997577002,6.072550176503635,0.8244505681921622,4.694579105185098,6.955514102932529,4.702363966229697,3.3995520991492083,4.792612863170215,-10.847979692313308,6.290911818529711,11.226631878029567,5.978185625625504,8.101028463441068,5.27395236981865
3691_20220825_1315,25-08-2022_13h15_HIVE-3691.wav,3691,14.0,HIGH,72,144.0,146.0,-419.5938199584573,119.44545885118701,171.44034190965095,45.33708386495959,-8.194698262510173,13.036498857298067,-9.743021195599818,7.006339929779442,14.385103097487535,5.82282476176568,28.256598547808768,6.541191588291893,8.497694814223298,4.29653257990913,-1.0194882091568789,5.039332922507541,9.291529690484484,5.2136735640267515,3.2964385451807665,4.840590766355908,-10.797517179990969,6.327048824808153,11.249241839505995,4.545534145233009,9.791255279735118,5.504057386068576
3691_20220825_1315,25-08-2022_13h15_HIVE-3691.wav,3691,14.0,HIGH,73,146.0,148.0,-418.35983207327337,123.93564218281921,166.07257121650701,44.25726993916152,-4.7429438075712405,11.77141328166468,-11.68729940667372,8.116520930955705,12.421491193652395,6.24419549522649,26.44673328217127,7.694492579674781,8.979767231798288,4.667811072073184,-0.2835398494630117,4.282839277880392,6.175261526670491,5.963520969654074,1.5400164286267322,4.497215674323356,-11.190446068608956,6.183255901962229,11.90354460216895,5.740843857009754,8.736439871112319,4.9969014466835455
3691_20220825_1315,25-08-2022_13h15_HIVE-3691.wav,3691,14.0,HIGH,74,148.0,150.0,-419.42517154928856,126.48170332584817,170.02137994314964,42.76631858300614,-5.216406375547039,12.749328905778167,-14.208669585083443,8.987632845481848,13.03748663793591,6.874060238992719,27.720299914338394,7.79818917947009,10.9909226174041,4.878465627212936,-0.6117524047579264,5.537942148109563,5.301508233360165,5.720778203437718,4.2366014030487555,5.810282975727471,-11.548267683894508,6.642497270708258,15.14201439127503,6.771201949003705,5.955251625873465,5.066853798508868
3691_20220825_1315,25-08-2022_13h15_HIVE-3691.wav,3691,14.0,HIGH,75,150.0,152.0,-406.89270808015596,122.11523463911631,166.99489106828872,41.69439624034609,-7.254043996234769,11.598349914180298,-11.493886331591938,7.987304409108161,14.01581954248074,7.428715277167843,26.946624455414966,9.68012194740368,7.978235579384905,5.020022147807213,-0.8420909401937164,4.047271443619413,6.435401352457563,5.0370117594041,1.0604723950353776,5.313642888148495,-10.94880342108852,5.925376900245404,13.400442384126006,6.278163795188063,6.177891357270815,5.04153003832752
3691_20220825_1315,25-08-2022_13h15_HIVE-3691.wav,3691,14.0,HIGH,76,152.0,154.0,-408.32134572081605,124.25923689667516,166.54271260398204,42.39012693922139,-8.176613551846973,14.70571006223785,-7.3847644483240895,12.711772217992944,14.807771203048771,7.277528085659023,23.09466080739073,8.931931863355503,11.018106401967925,3.9032378208439176,-1.739726328345393,4.953858497457785,4.471343433206368,5.647712026338922,3.2899670890893056,6.783956616304766,-11.248713213560556,6.591486574547557,12.066197899610389,6.063245438504298,8.158715724096266,4.8879101207128
3691_20220825_1315,25-08-2022_13h15_HIVE-3691.wav,3691,14.0,HIGH,77,154.0,156.0,-416.8642595421664,123.86377244166876,171.94261616095474,42.89458244219086,-8.342950363180416,13.071465008149081,-13.748876386465115,9.009549979394416,10.394099079246882,5.264847408697032,30.677171682570414,8.053230757813761,9.38036471264822,4.890426972417564,-1.5186310947013202,5.057714635776768,5.539414334051917,4.730903790871567,5.4519035733495205,5.509368595468305,-12.526626096910007,7.017289987915211,14.20287510533932,6.927534413200937,7.110999285116761,4.17693241033946
3691_20220825_1315,25-08-2022_13h15_HIVE-3691.wav,3691,14.0,HIGH,78,156.0,158.0,-405.2044138280563,130.7281619954467,167.20770683614674,42.88964991331752,-6.577309262385423,13.140549782797967,-13.919334853123507,11.74291833755103,13.175377990044026,5.550380741352547,29.457660585105646,8.550913526677826,11.306917933597866,5.000767230718007,-3.178733443639926,5.524070351006734,4.292039676913528,5.34572224176893,5.468887880291674,4.825041973529533,-11.129246426951791,7.6485372314062054,13.184542637774873,6.678306760815338,7.972550427608999,4.502971070894207
3691_20220825_1315,25-08-2022_13h15_HIVE-3691.wav,3691,14.0,HIGH,79,158.0,160.0,-417.3337005814667,122.46088435191947,170.65818625928983,43.88747085676015,-6.037660150849033,14.103898281826817,-11.353897169521638,9.36466447051401,12.530517894949398,5.410579496003936,29.313612348942605,8.040079140623273,8.226599906649684,6.709533699757857,-0.9791494717444831,5.661652661599051,4.183885237285024,4.860464004936811,4.14181245393623,4.818437910413522,-11.434220286699667,6.897366193188982,12.741260016161432,5.300563095961667,8.886642528835571,4.759489542135702
3691_20220825_1315,25-08-2022_13h15_HIVE-3691.wav,3691,14.0,HIGH,80,160.0,162.0,-413.9887809442145,124.49444033704233,169.66804800398293,42.09131530844731,-6.047307632719939,11.229999442547754,-13.880600080248572,7.455489158645296,12.004096531777426,5.614122716730646,28.074024443995285,6.381989980244145,10.313465289203505,5.219122154516264,-2.525359385397427,4.45931587187476,3.9441425941439046,5.124813487401294,5.114892918424516,5.93107564976569,-12.321547494751846,6.615768630992107,13.286795883585366,5.913036898425997,7.384357282371055,5.538705726956529
3691_20220825_1315,25-08-2022_13h15_HIVE-3691.wav,3691,14.0,HIGH,81,162.0,164.0,-417.7635236023431,119.80865320816173,173.90705991671175,45.80973030643075,-5.4188399818557755,11.479601685440175,-12.919009270757332,7.011362187404176,11.014416776856836,5.539854667113937,29.059812284974612,7.33733823887289,8.877226377466108,5.491226441240746,-0.5929318219791234,5.320801189817955,5.972343493841342,4.587666947725757,1.6051680427080568,4.5638584802513416,-12.19873721318705,7.338725527322521,12.218633811410298,5.613981675436604,7.853982142676981,4.4308715057299235
3691_20220825_1315,25-08-2022_13h15_HIVE-3691.wav,3691,14.0,HIGH,82,164.0,166.0,-415.214686451186,117.85357602963707,176.467141226099,45.02217996928716,-5.8003164086538,12.809657511257674,-14.832855672637274,8.15681220509402,14.253016417979362,5.721409703122269,31.19243554595048,7.356577003473019,7.946857462538347,4.235966611063926,-3.5379909824667157,4.988843722727164,4.978069431525442,4.047051589775177,3.286087354750752,4.194345947918512,-10.810164620870307,6.327851858719149,14.303164564297358,6.420773227161882,6.848002884017372,4.338266338725701
3691_20220825_1315,25-08-2022_13h15_HIVE-3691.wav,3691,14.0,HIGH,83,166.0,168.0,-408.98554209229326,123.80832685713487,172.44255610775284,43.22014153382827,-10.200371597344162,12.70416542606803,-11.195358811167653,9.157757511319941,15.488432497749582,5.463936891930977,29.808713872644002,8.79676617774775,10.608034889460805,5.028703210095993,-1.9287505853712814,5.687716631600703,5.473453210790189,5.1350650052240265,6.232228303333866,5.298293880012095,-11.543564101634857,5.716050519842465,12.99650505059116,5.569363358680741,7.138567152916209,5.3324432235043275
3691_20220825_1315,25-08-2022_13h15_HIVE-3691.wav,3691,14.0,HIGH,84,168.0,170.0,-405.8721180111861,123.70528057014442,166.5764365624095,44.39098883679045,-8.473115509116406,15.355439034903677,-9.372271226738789,13.632611901776125,14.385339740977535,6.131881692784239,27.55986470700781,6.984341209250592,11.124114389486458,5.524438476137978,-0.6741195027712483,5.171125950002943,4.1435986135750955,4.987832948097407,6.172405957965067,6.494137137100121,-11.761986291840895,7.5123731737916275,12.966719415010836,5.843624690751338,9.544727485390458,6.0350818053953335
3691_20220825_1315,25-08-2022_13h15_HIVE-3691.wav,3691,14.0,HIGH,85,170.0,172.0,-416.3956869693469,116.55405899433876,172.93101092308544,46.862316298962284,-4.31525493921241,12.95277206880148,-13.666456932345808,8.067884201621151,14.019796377399102,4.661022077185652,30.691891734372987,7.065804371872833,10.940912247573959,4.320130936193663,-0.7587454393419152,4.21173692481077,6.267484678736397,4.970264794443267,4.451296299377007,5.102965385328221,-9.378155406323113,7.13510832466591,14.217611257644187,6.1217975858066636,6.967111502985929,5.093416110804591
3691_20220825_1315,25-08-2022_13h15_HIVE-3691.wav,3691,14.0,HIGH,86,172.0,174.0,-408.685795714227,128.54574647673056,173.0247091974672,43.32337119800177,-9.554214649284937,14.013603796732088,-9.578157694064856,10.19963780456121,14.123200968433332,5.748463737964889,29.249809023250762,8.7960912473209,8.104149283140293,5.4930452629212025,-0.5180631134540195,5.672471164805907,5.420331043704708,4.672124388674957,3.934294055326156,5.113466060332787,-11.004878200306148,6.573953059533648,12.942260834731945,6.81645541327867,7.876816983390157,4.937872811221781
3691_20220825_1315,25-08-2022_13h15_HIVE-3691.wav,3691,14.0,HIGH,87,174.0,176.0,-410.4671229263288,122.48965388877401,170.3647281327927,44.3418482834245,-4.835636642668052,14.521330852718178,-12.104323813312625,10.235420104355928,14.731940133445239,5.22002089553087,32.61032150573172,8.170448234826457,7.298148050487746,6.148038021342527,0.9795498705400238,5.947969378235037,5.0168903007832375,5.462834662215803,2.0971795096490338,4.264886098135742,-10.418010235183758,6.76119082832662,12.578183298214746,5.748139730696505,6.314386749397764,5.807227237299187
3691_20220825_1315,25-08-2022_13h15_HIVE-3691.wav,3691,14.0,HIGH,88,176.0,178.0,-411.5466539895299,118.8843530300953,175.42249869276114,44.925165672790236,-5.146161124671854,11.679304488343478,-12.94634827581003,7.618988520105252,13.60175421781056,5.290103710524633,32.749608467176984,8.135093149988693,9.721950094068912,5.338994044756176,-1.1443817711871147,5.51560105103468,5.638860267579847,3.959202540584219,3.59213471681955,4.133583525730774,-11.028946949980828,7.3440423503388805,12.593406802776363,6.4371383824295805,5.4573250102538005,4.23491942767712
3691_20220825_1315,25-08-2022_13h15_HIVE-3691.wav,3691,14.0,HIGH,89,178.0,180.0,-418.41414619657434,123.18778440683315,178.55009608111376,44.70138880801391,-3.6443459911040024,11.428651078838621,-11.7245289157574,7.767078087640257,13.920074526663328,5.045259751628669,33.41360328463875,7.917028396769685,8.940761439563698,4.424586557975183,-0.9223087683528817,5.441610337900257,4.813127181795102,4.856142806691318,2.5805312380493883,4.652967297218575,-12.021578670527187,6.349298451062864,13.37088051706193,7.096564597701117,4.523133862060419,4.457619098145165
3691_20220825_1315,25-08-2022_13h15_HIVE-3691.wav,3691,14.0,HIGH,90,180.0,182.0,-400.8196764441021,119.83127172163753,175.31282256603717,45.491294475609095,-9.34152891685543,14.17610388943742,-10.255481481663807,8.567240478252454,16.172539629005485,6.681817465749438,27.53643935708197,10.242145922195885,7.701083820126135,4.672007605529746,-1.3840515994461347,4.626117811844566,7.514538299030997,4.934040952178139,0.8618454344813266,4.365624038109627,-10.264477339837256,5.893920729892279,12.603317140225167,6.036536066565089,6.68628360397386,4.533406737620864
3691_20220825_1315,25-08-2022_13h15_HIVE-3691.wav,3691,14.0,HIGH,91,182.0,184.0,-410.6590014287389,118.5961530535527,176.26031849375826,46.05674292859594,-3.1060302899312684,11.389753728140908,-12.289944398250555,7.356921854412537,15.41552580076145,5.37592967923124,31.625877243440115,7.476278729665462,9.236689918671544,4.679273632777411,-2.2608125049038414,5.55886377407738,6.611532702244603,4.499888055652064,3.2487250252826567,3.982786851103072,-10.892698192987623,6.4788527230810065,13.215062638760552,5.473492924751292,6.9828231361935575,4.466976157377989
3691_20220825_1315,25-08-2022_13h15_HIVE-3691.wav,3691,14.0,HIGH,92,184.0,186.0,-398.524444512464,132.85074398720258,171.1127365997211,43.308143777039035,-11.068335487598112,14.337996102482027,-11.969015236664891,9.198273692261512,15.781342843312945,6.598340668794618,25.804488433965684,8.54462674496107,7.274225032366344,5.008769838652592,-0.9305776384736868,5.630705356014336,5.544947769223778,5.498645740060405,2.744714180928714,5.197210341016626,-11.175459289949362,7.1391647325957255,14.738200649957307,7.525219638502794,5.6267652648937005,5.494693352401893
3691_20220825_1315,25-08-2022_13h15_HIVE-3691.wav,3691,14.0,HIGH,93,186.0,188.0,-412.91478278994634,118.53937919805445,169.26038972495374,44.89508750693772,-5.202229445149553,11.546775888753164,-13.718979505141311,7.398727427710429,13.503219968420357,5.370065042262124,29.963276812770776,7.443213883768602,9.50330474737601,4.834179988001406,-2.1431995235685006,4.553287410632935,8.249475257246262,4.261399809398746,3.8923516552534143,4.44516135594871,-9.42932032800064,6.318688401943042,13.731309392888035,5.323848015361149,8.39792081544237,4.267221344980857
3691_20220825_1315,25-08-2022_13h15_HIVE-3691.wav,3691,14.0,HIGH,94,188.0,190.0,-413.0659772012546,118.18979545217647,168.5467917907878,43.36127901369021,-5.9246430324964106,10.839719566674221,-11.540626054076395,6.509899067799619,11.597166701349298,5.769742982924848,30.92561388855733,8.771113970986079,10.063044251318473,5.586905029939611,-4.012370742832577,5.87769540995387,6.807131908097325,5.022773065376786,5.016607618918261,5.014378907565314,-9.007133648435437,6.858531328687918,13.594945231637686,5.782822414673018,6.454410865308867,4.658350790461424
3691_20220825_1315,25-08-2022_13h15_HIVE-3691.wav,3691,14.0,HIGH,95,190.0,192.0,-401.6958239060551,132.18440650518704,163.19853551788245,42.1887783436981,-5.579829237292287,11.221468558757243,-15.452262223925569,8.778523501118471,13.383060882519473,6.3657988246055055,31.96230462118623,9.661381832508402,10.08131336084941,5.003595193744138,-6.002170124216415,5.34387799658837,6.2199372341193255,5.907892308302559,4.618031205231059,5.034111236648128,-12.813051019210201,9.564517358858629,16.522513512293656,7.477781805204069,4.145264285373874,7.005907390339745
3691_20220825_1315,25-08-2022_13h15_HIVE-3691.wav,3691,14.0,HIGH,96,192.0,194.0,-398.1893886559516,122.11156135088977,167.20874019332524,44.434389441761546,-11.334028443766952,14.573746365278101,-11.511014335613037,10.419176331442086,13.130842692296868,6.7061341324222035,26.50176577309419,9.507484738624978,8.990851006972887,5.856206818147227,-2.4173637788245683,6.6643101353658825,7.436367546905688,5.719580546651617,2.5085635114798226,4.67851431479195,-8.373357742866956,6.051572179960297,12.845416270106695,5.775315864381353,6.896662923417994,4.438678972607746
3691_20220825_1315,25-08-2022_13h15_HIVE-3691.wav,3691,14.0,HIGH,97,194.0,196.0,-402.44291380377814,125.66250733445636,169.74447255112082,43.62683759215509,-10.479639947623989,15.467927438210753,-15.281287352568935,9.325361200218593,10.990125710110165,5.049652915538609,30.60077794003768,9.525757604905722,10.114878348615665,5.195292222298054,-2.7248865941119287,4.621386040501226,6.447953652198524,4.985709722159567,4.688881211433029,6.238568924381022,-10.586930302533268,7.834268077634279,13.464593667776255,6.323195053698078,5.51818887550598,4.915522586463086
3691_20220825_1315,25-08-2022_13h15_HIVE-3691.wav,3691,14.0,HIGH,98,196.0,198.0,-413.51795628300374,129.08008341692076,171.64768005823495,42.21844045444939,-8.53077106099873,13.074133845936789,-11.838369231717476,8.187476230867459,12.042534589489529,5.153824604313237,29.149673919641522,7.920609742922812,10.288527646182136,4.7677312807886425,-2.3201984489556295,5.157149400257667,5.6319874143489805,6.1237818305015805,2.9056423491596215,4.379470564134001,-9.66066073290895,5.888428267318077,12.800426886803432,6.243006550940094,6.135605333311958,4.580290822041551
3691_20220825_1315,25-08-2022_13h15_HIVE-3691.wav,3691,14.0,HIGH,99,198.0,200.0,-409.2139249552379,121.39393675297696,166.25668427894715,43.607318605593065,-3.3368239399357758,11.362431299483715,-14.312884312889432,8.292174538963348,13.998841772343914,5.581075803555694,28.92324842588133,7.668653859506678,11.180513018157137,4.120507184539504,-3.1146355719532264,4.679289169981067,8.413138493404674,5.253356480331603,4.307196072081378,4.173426881838353,-9.31157311039345,6.91416488307525,12.568856462099433,5.371655651958282,6.351943875922849,5.098498904694124
3691_20220825_1315,25-08-2022_13h15_HIVE-3691.wav,3691,14.0,HIGH,100,200.0,202.0,-409.3180071868963,120.51910957164684,171.32555212229605,42.47842815087619,-7.301862999508558,12.20614079101215,-13.232654314910638,8.789056086839674,15.27319860701812,5.715993928918586,30.366179242734177,8.286549914486637,9.78799794052213,4.539210240562022,-3.3153536055709214,5.5370478664250085,5.641071808046259,5.038870099547473,3.206453218246098,4.246952531960364,-10.254570564171212,7.571892008989626,11.930177618266942,5.8547448162799345,5.471907127835012,4.54497903052558
3691_20220825_1315,25-08-2022_13h15_HIVE-3691.wav,3691,14.0,HIGH,101,202.0,204.0,-406.8457645007358,126.42700231713003,158.09400370621637,44.42355935175122,-5.179390223345959,11.333058609157192,-9.517826942217416,7.5672104242648,11.891941155132368,6.644361994349927,32.00439090584684,8.63806980985175,7.319004498481507,7.2737246521118015,0.5472334500533931,8.081738674374575,6.192562772482864,5.806271159601044,5.336939018961527,6.003240861394462,-9.590972781337758,5.016808248847083,13.56391842760442,6.1175912079540655,9.097382084782856,5.284721801896824
3691_20220825_1315,25-08-2022_13h15_HIVE-3691.wav,3691,14.0,HIGH,102,204.0,206.0,-403.5430982202012,126.71529906609645,166.28758790811088,44.430958875062366,-7.686632222574413,16.135482942399523,-15.39402953458939,8.421610439284043,14.301716212110371,5.338774947141415,34.36824128880937,8.316350672419372,9.832252598419936,5.968932655276146,-3.339770181240146,6.395841442282788,6.1228987070398455,5.652148538558703,4.557297389973402,4.224084195723159,-9.858724034271788,7.291973154533601,12.47373181246725,6.770489699685399,7.436561886655154,5.971357725100468
3691_20220825_1315,25-08-2022_13h15_HIVE-3691.wav,3691,14.0,HIGH,103,206.0,208.0,-404.6123774876272,122.02333256385113,166.4440397615725,41.67309970182193,-11.166731902840787,14.390411995954361,-5.936619620350222,12.358039552585723,10.215327029507124,5.151633654949151,27.439930648945666,7.403213862489371,12.518872717188511,6.109768002339907,0.4533009708213222,6.1687807413437685,4.547874527275906,4.593507413114746,6.568057331614674,5.398445676255572,-12.31407427599287,7.904225835836715,10.886627076220163,5.3446656861094315,10.659218110773438,6.20716893113973
3691_20220825_1315,25-08-2022_13h15_HIVE-3691.wav,3691,14.0,HIGH,104,208.0,210.0,-417.3915278563362,117.2906877488939,169.33692828022635,45.03863368807076,-6.435970997213174,13.927502178718326,-9.902859607008157,12.130739734269369,11.106909108132859,5.672464477380559,29.3542857714781,8.368096440869227,12.24903595575858,5.463740322930545,-1.7855574196560833,5.066212853405991,5.38971402831191,4.644257160965672,3.4647332209622475,5.206531106348088,-8.496940024766682,5.99144869724839,12.851197551043912,5.610533354910885,8.37234279480835,5.519369717171555
3691_20220825_1315,25-08-2022_13h15_HIVE-3691.wav,3691,14.0,HIGH,105,210.0,212.0,-411.9040571280632,116.11936841390798,165.7297139769793,46.753287105604244,-7.62095420742744,13.85247880946552,-10.737496084483459,12.412183461221598,11.908872228706418,5.489386743469322,30.740458346457324,8.626639498336688,11.799543057417528,7.634629302701813,-1.8733349317448442,4.339605493218304,5.028056146887712,4.8520079185483,5.8769354135531575,5.239580492334723,-6.986127154353402,6.074525070922495,13.254615250206978,5.531560606667442,7.4682868475985025,6.274023322963757
3691_20220825_1315,25-08-2022_13h15_HIVE-3691.wav,3691,14.0,HIGH,106,212.0,214.0,-415.69851275982126,119.0628286525762,170.36883908441973,45.03738946418872,-6.450082683297483,11.504494419004736,-14.568539404276146,8.406324075000244,12.67397548551253,5.28392581865432,33.219379652091526,7.903390067057838,7.70296436414509,4.781925355569642,-2.0253242643846727,5.587022373313472,6.325675938670297,4.719901247629823,4.242505342192169,4.464096037693584,-8.256129283174,6.145256643375962,12.712775679820341,6.002978509682505,8.848611968973774,4.527443581137756
3691_20220825_1315,25-08-2022_13h15_HIVE-3691.wav,3691,14.0,HIGH,107,214.0,216.0,-412.7816826205554,118.41590401663909,167.22581633443522,44.64826556362149,-9.659011961338273,13.224006759880217,-12.878079675788301,9.037222119352549,13.119120834936608,5.302648996800716,33.086231729831674,7.962502817755762,8.585525237056967,4.317678894540904,-0.632654905366421,4.942581208669813,6.495914138238457,4.64774781868536,4.146290099332327,4.729645201129177,-6.301760524268666,5.461892530451702,11.630728051457645,4.460486714536846,8.837731064643863,4.8352278266530595
3691_20220825_1315,25-08-2022_13h15_HIVE-3691.wav,3691,14.0,HIGH,108,216.0,218.0,-414.15379556537056,123.85439638148189,169.86548069700825,43.46614735363299,-8.671092703395201,13.58911964798448,-10.405658974070858,8.863365242508248,12.288227116879074,5.669842976361365,30.215638296378245,7.313281899936137,9.189198214550295,5.484887540143815,-1.3530003462404374,4.980279009538865,5.336482004784173,4.965457151804768,4.507259954642908,4.941471732504689,-8.509591601143802,6.606099914895074,12.969018097637736,5.060180582500088,9.187006336421478,5.056067040784722
3691_20220825_1315,25-08-2022_13h15_HIVE-3691.wav,3691,14.0,HIGH,109,218.0,220.0,-407.57551246021427,118.3410319077548,168.2951032937431,46.76436780357756,-9.960411306909146,15.283685765385767,-7.488854050147806,12.148022018049415,11.142805769652313,5.764191077929128,29.763047767106755,7.811798555151397,11.555241757408828,4.805379498094235,-2.764601683914295,4.44496785941247,4.6947687428204965,4.448889918881287,5.106013470178381,4.331807379657839,-9.11010342407082,7.0761191646891435,12.228535285012585,5.100102946435868,9.875999565894142,5.528300550050919
3691_20220825_1315,25-08-2022_13h15_HIVE-3691.wav,3691,14.0,HIGH,110,220.0,222.0,-396.07379325392134,127.58066768798312,164.3121668980295,42.88651750697084,-11.898138753973795,14.70012116701518,-8.17809970277097,10.943276339662983,12.608849051307725,5.288335880989904,24.98638983447382,9.81421766679901,10.042621051920058,5.297423727968792,-2.055729871577396,5.763052175926342,5.315758981179647,5.100408463167699,5.321914566576297,6.140413810246068,-10.30039815609601,6.700153624712535,11.784076937047487,4.583116522033438,9.298504066994358,5.102122771644985
3691_20220825_1315,25-08-2022_13h15_HIVE-3691.wav,3691,14.0,HIGH,111,222.0,224.0,-386.92689099561426,121.4941955763703,156.0647851462684,48.08853116336305,-9.52610320566694,12.354919252667775,-8.189065764615028,12.410268241498093,10.523022944976422,5.78689940119611,29.253880753232455,8.63067294934263,8.681905225374326,5.244964999235577,0.013232555306329654,7.085723310491694,4.10666106598937,7.584318457364824,3.708942085971682,4.547205707721152,-9.950664321348622,6.248445738643118,11.321039124265363,4.601702484740897,6.3075184715037595,6.087393396992308
3691_20220825_1315,25-08-2022_13h15_HIVE-3691.wav,3691,14.0,HIGH,112,224.0,226.0,-416.5245417819941,120.85130713941608,170.50058646419473,43.53259014086484,-11.40461261062487,12.10291989720592,-12.72368491010416,8.297147052316031,11.567141566061272,4.891518559549915,29.876908248273953,7.646198306801232,9.710767682173191,5.286879818454142,-1.8734082382200263,4.770304799416513,5.674067179179946,5.1993017482235535,4.633074136570819,4.680727348982934,-8.944067814867415,5.23046270711521,11.923523635040842,5.407889514869048,7.39084922980081,4.551912776563948
3691_20220825_1315,25-08-2022_13h15_HIVE-3691.wav,3691,14.0,HIGH,113,226.0,228.0,-410.26231885437153,121.98649108423746,169.01895227980899,42.891578290732774,-9.398445207828418,13.236011755045187,-9.157377880738277,7.509265456314951,13.031153232328387,5.141854019346122,29.118804637172314,7.584164583647249,8.116651026024439,6.629906375635702,0.17785042954508434,5.294536634020294,5.137706012695633,4.988165808012968,1.9104499654608533,4.285709255553946,-9.947693297674506,6.1738887208375655,12.74089513303326,5.055257136600039,8.08112824056401,5.0148326972833654
3691_20220825_1315,25-08-2022_13h15_HIVE-3691.wav,3691,14.0,HIGH,114,228.0,230.0,-406.79784300224526,122.51405524266075,167.29526566907327,44.97094436128113,-6.733256194423514,13.95740720407935,-13.178905175346308,8.789562804614699,14.036205087445307,7.913680095704542,29.13858247799322,8.708538866789723,9.707361184567315,5.460182151522261,-4.252902423628809,6.377302606804412,6.923190567358033,5.56378561551588,3.097964169913061,3.963735381948064,-9.318427865290273,5.850191917373569,13.231305308177108,5.8567822048783755,7.56762495191717,5.4245149768777985
3691_20220825_1315,25-08-2022_13h15_HIVE-3691.wav,3691,14.0,HIGH,115,230.0,232.0,-412.3181546798731,120.48927085381212,169.5416373333925,45.09017515808455,-9.766550935117765,13.614023542570859,-10.50117817445079,10.1215018408339,11.380235537534066,6.869609203007879,31.282502781877653,8.272646908718688,10.309175084547228,5.59550400092972,-4.594774257468573,5.552277010299267,4.796411952549629,4.680068298991544,4.605939431323569,5.705760791977131,-8.741509992820745,5.969053829413986,13.461317425938647,5.914971306271465,8.401008725115704,4.30949194167568
3691_20220825_1315,25-08-2022_13h15_HIVE-3691.wav,3691,14.0,HIGH,116,232.0,234.0,-409.56303581886726,119.34459510477335,170.2263641223318,43.53014710160506,-7.27208257120987,13.44718849354102,-12.149054612789957,8.920190516559332,11.49114701660558,5.395594392407884,29.096359623733033,8.696138564701135,11.793874843322143,5.1059625592048565,-2.5357906068732263,5.513276794192223,6.772276130145747,5.01497386653946,5.21350498331965,4.54938909016951,-10.473381241966768,6.1077352518888155,11.50077417175026,5.998211741030182,9.18309444829681,4.882568490493133
3691_20220825_1315,25-08-2022_13h15_HIVE-3691.wav,3691,14.0,HIGH,117,234.0,236.0,-412.9945022587137,120.0560780683913,169.16973477035157,43.45260700084563,-6.141573095545729,12.85614718272971,-11.413332125658128,9.940481474581091,10.043800623901058,5.796067036883126,27.860379664775625,9.581684319104198,10.044486888426695,6.044909856294539,-1.2759099860557912,4.63759376060361,6.994417180533364,5.058955469813955,3.7261950383151987,4.687024974110719,-10.868665695550312,5.434082042421176,12.018628430422456,6.77478397904465,9.630579067522952,5.1914125310371055
3691_20220825_1315,25-08-2022_13h15_HIVE-3691.wav,3691,14.0,HIGH,118,236.0,238.0,-413.55927418108257,123.87384166714985,171.76945290503858,44.03968740176768,-10.301063375146335,13.176710077171318,-12.776273784042532,6.923100628128041,10.516904994156079,5.489805792877368,32.476052855073654,7.876370832236504,11.259212175359684,4.867139572346076,-0.6899091080748007,5.229162200531306,6.269235747489864,4.0259383470304915,6.743120874892164,5.855707637179314,-9.108732115661903,5.972664358482874,12.290492515326571,5.190694719262051,8.596217880381694,3.6091929121684325
3691_20220825_1315,25-08-2022_13h15_HIVE-3691.wav,3691,14.0,HIGH,119,238.0,240.0,-412.8540666292981,118.29005619417615,171.2082399934197,45.18663485147947,-5.981784683940133,12.846064847956884,-13.616791049578813,7.328137026614074,12.528757056772308,5.8056773830728865,29.77400108082578,7.849583421400208,9.736712357531927,4.374362158544689,-1.9478233981804745,4.72985512339461,6.781561740052482,4.778498402260992,1.9440041154988312,4.950792280823894,-9.140418031433011,6.623961476902531,13.564327408610733,5.909466830605611,8.564300485825612,4.621472746878299
3691_20220825_1315,25-08-2022_13h15_HIVE-3691.wav,3691,14.0,HIGH,120,240.0,242.0,-419.82899430751223,121.30812447029318,176.32317242982688,43.653397409529866,-7.6923615805229675,11.725293692046495,-12.970066413603652,7.910936405677322,12.08579753862824,4.283989088498862,30.958762236992158,7.533925093935143,7.5282351775087575,4.064606743135534,-1.7458674931381475,4.00074601541211,6.821278174343236,4.9158591585690194,1.701420524341559,4.817623574587639,-8.731882844258115,5.7421068394446255,13.667679777810095,5.560265068842484,6.340090076518873,4.219254369147207
3691_20220825_1315,25-08-2022_13h15_HIVE-3691.wav,3691,14.0,HIGH,121,242.0,244.0,-413.8145047461653,117.1800349896967,173.46652108720707,43.69904208805676,-7.019127886839739,12.869455881583697,-12.167911049874915,8.658311559529503,13.499432752462667,5.15619386614584,31.394826637036648,7.4870819914991555,7.416591562036232,5.056667800544598,-1.8441289715908462,5.196436733267467,5.952265176212532,5.22989113394636,0.5490993620120904,4.325115586375764,-9.410471576391378,6.476123898171058,13.245973205048603,5.229655492125733,7.360763034669629,5.261412096472047
3691_20220825_1315,25-08-2022_13h15_HIVE-3691.wav,3691,14.0,HIGH,122,244.0,246.0,-409.0997554141929,120.32890090879555,171.42646203215753,42.53086778595498,-5.532379761573528,11.915517479069585,-17.284306774218074,9.57602644358503,15.107192138683363,7.417851346614839,30.514807975033225,10.138152338833432,9.034700099872415,4.745947681851272,-5.271159891256796,4.7582672291125645,7.2784477932582545,6.128649913730893,2.430473207703054,6.176445242475062,-9.52579417422885,6.660129667731871,16.302209611229117,7.4866279090857,4.292683870961248,5.436706299587666
3691_20220825_1315,25-08-2022_13h15_HIVE-3691.wav,3691,14.0,HIGH,123,246.0,248.0,-410.53291394198874,124.66402349361161,171.25578779330758,43.350953756581035,-3.7443935126879984,11.851264698211875,-13.34561619995275,10.300165244027617,15.252906792808663,5.826985903571247,26.181886750737377,6.724259467836036,8.761742064441734,4.5595034941094745,-2.981439339084102,5.081050211934663,5.735326622411996,4.792811612225553,3.408601317436854,5.383132920619125,-9.612355291100219,5.834265812394485,12.805544454242815,5.4798272282208,7.7408258214704,5.463924694162709
3691_20220825_1315,25-08-2022_13h15_HIVE-3691.wav,3691,14.0,HIGH,124,248.0,250.0,-405.69770961998245,119.41013603465333,168.01996048577084,43.44176361829012,-0.6404411727027848,11.609126199255915,-11.717201585838339,9.303011815721224,13.6106869321276,6.60427057895818,20.50266342735254,8.585509299246306,9.884519784924434,4.088002303025098,-1.217646964212542,6.415999297404901,6.7705324330644245,4.686586297832769,2.852418301211372,4.4901889922820555,-11.697481847216652,7.239875945218816,9.873786968201701,5.163820585935685,7.546374323542126,4.888855380655342
3691_20220825_1315,25-08-2022_13h15_HIVE-3691.wav,3691,14.0,HIGH,125,250.0,252.0,-408.8921041261529,127.60169512421864,166.89236152670958,42.059312897117465,-7.4805888823114515,13.000954158793832,-12.033466215094725,10.376618903896286,12.886057217197852,6.85530295549291,28.64565103023975,8.409332518853647,9.343413464818163,5.897268651468032,-2.4844893435459072,5.993918182566984,4.224798575755153,4.543241293464344,4.170349212963136,5.762802174993605,-10.638740546352457,6.194147623304719,11.323424989014475,5.359485081608374,9.755755137989633,5.353809623160684
3691_20220825_1315,25-08-2022_13h15_HIVE-3691.wav,3691,14.0,HIGH,126,252.0,254.0,-412.8300638226348,125.7980790016047,168.7872961316767,43.548683351114185,-8.13164314577373,12.656481411228363,-17.014506698020817,10.914850045894568,14.214597408130244,6.967707045767757,31.538199740597538,8.151949709834755,10.972742651735778,6.010911526412063,-1.4852508600866214,5.028553423711675,5.658684788689022,5.48805264439705,4.401951685098433,4.787613438496123,-10.279197746984481,6.857807738110702,14.065264503702657,6.0107033788687385,7.046844668916174,5.164666953703067
3691_20220825_1315,25-08-2022_13h15_HIVE-3691.wav,3691,14.0,HIGH,127,254.0,256.0,-402.48859156154873,125.39102225646043,167.4279987938707,43.52979754829818,-12.568675786857412,14.744450710687547,-11.93236256180514,12.212239614793107,13.23580581385229,6.335260741509523,28.973874668534144,9.510788864516755,11.43776087877299,5.993046285038541,-3.5582632240290235,5.74837408802023,3.215458258002945,5.126331449964127,6.890774206925122,6.109599322062741,-11.841711442024247,7.736394914230042,12.713543729297752,6.459130569028448,7.847839467770241,6.469212983194306
3691_20220825_1315,25-08-2022_13h15_HIVE-3691.wav,3691,14.0,HIGH,128,256.0,258.0,-414.2546220188861,121.33650189575229,168.26326021672858,44.51792421029853,-4.569061253654215,12.713894266562738,-15.460811861639954,9.282437421740456,11.577420807898184,5.312118629649737,28.90198657010259,8.516713759732312,11.37366948120724,5.5082015965430795,-0.7800205887591045,5.023253888194434,2.546487970952449,5.053336347882328,5.15505037424856,4.795937332173165,-7.312709152318002,5.968694627882207,12.860262812234032,5.906885017280611,7.149443031691684,5.014766842662442
3691_20220825_1315,25-08-2022_13h15_HIVE-3691.wav,3691,14.0,HIGH,129,258.0,260.0,-418.45210515083056,117.75518185327947,172.69719932535062,46.865601407368565,-6.287805373440205,15.043120044496805,-14.413727808129549,7.898358506184853,12.247671219481454,6.577936382854179,28.193456951466207,7.920234172428693,9.243685891540725,5.803991062689027,-0.14287563234000836,4.925638660091999,5.121726940304859,4.5119188740653975,1.3817479862201034,4.937440411149611,-5.79721906308812,5.399564034540715,14.774714738712838,5.582026662045311,8.602171674566236,4.7072229943649
3691_20220825_1315,25-08-2022_13h15_HIVE-3691.wav,3691,14.0,HIGH,130,260.0,262.0,-415.926328589726,120.0807899481032,170.72077416578531,43.060140808930186,-7.8702909202848135,13.464129216114559,-10.277358887418474,9.420149043197776,11.1305958168744,4.509374695063379,27.1117222862285,7.988277984097519,10.659961923338777,4.641157807723098,-1.9863402310406464,5.668292597501102,2.829412052628413,5.16265776318755,3.4866420676623995,6.011629717539894,-7.548632186240166,5.890883531753862,15.385484244015762,6.049464410519561,8.560019201432386,4.578002743039916
3691_20220825_1315,25-08-2022_13h15_HIVE-3691.wav,3691,14.0,HIGH,131,262.0,264.0,-406.46568237417813,119.92988827494732,167.55749513060456,44.35697891164717,-5.731010243049312,11.60207629426934,-12.532000999229957,8.447229166919632,15.582426047256538,5.6690426677006895,26.188917222245152,8.07783949437212,10.318535254562743,5.129348223056172,-1.7967722877535903,5.646553452096205,3.9347948908259913,5.2580321195065025,3.0559071855644686,4.816668021834622,-8.393280951704655,7.140359111029087,13.831862597386992,5.417827954648033,9.43279939577449,5.191581792233678
3691_20220825_1315,25-08-2022_13h15_HIVE-3691.wav,3691,14.0,HIGH,132,264.0,266.0,-411.40283269511855,122.85167553046368,174.32718362373865,43.01949768994608,-9.237532406236134,12.121038883491105,-14.863941036323205,8.139905360319203,14.646664917379182,5.252067369988877,28.511948910537313,8.83745512041159,8.281483327028237,4.651604231024319,-1.9014282874844572,5.129494703302799,4.599719745783728,4.832003347995616,3.5973372465022093,4.859006211491724,-9.058995007081899,5.698773858111878,14.543587944348694,5.6076023798148125,7.032379523936701,4.8255137907364665
3691_20220825_1315,25-08-2022_13h15_HIVE-3691.wav,3691,14.0,HIGH,133,266.0,268.0,-408.1353391437919,122.50984134453205,169.05668315580033,44.60166410217531,-7.484386374569516,12.55562435499966,-12.445417378437634,8.273078920714141,13.581154522448564,6.0612641858734815,27.7919451451993,7.476477258642537,9.255088278535741,4.778144297771532,-1.2975862897579864,4.684608625071519,4.533911682013185,5.715258079323419,2.9150359101268175,5.280212418193429,-10.48194787365798,6.036500859712609,13.332826170809945,5.548784502765973,7.668750730017127,5.6911516561622335
3691_20220825_1315,25-08-2022_13h15_HIVE-3691.wav,3691,14.0,HIGH,134,268.0,270.0,-406.05777649268134,124.23906019145102,168.44766911626076,43.78931477781764,-7.827453416978051,13.47222219258752,-14.115235400212114,8.074128749299671,14.903735408305922,5.179400431321466,27.137349178806996,7.177866472205385,8.965294528047892,4.5639454771186525,-2.1929701689965166,4.601035073761836,3.2318371520220883,4.661727214089542,3.374210382841127,4.8309834956528865,-9.124143227156182,5.245933158040409,13.341279212948653,6.301284661420199,8.067248045594397,5.3683423469856955
3691_20220825_1315,25-08-2022_13h15_HIVE-3691.wav,3691,14.0,HIGH,135,270.0,272.0,-403.082508691944,123.73326879209318,167.77736305088268,42.70651697739496,-10.130048838939002,13.117622709343793,-13.528258402588257,9.06572770831722,17.36434813091464,6.381515123174095,24.582529826473543,9.01849830474025,10.349947201699718,5.993832210290915,-1.69584585285945,5.682110196465924,3.278031175025725,4.791723017677437,3.9612942947557586,5.659384401426078,-12.165643741079453,7.599360799270597,13.381018481392152,5.442129734737299,9.436859465550326,4.844740577707359
3691_20220825_1315,25-08-2022_13h15_HIVE-3691.wav,3691,14.0,HIGH,136,272.0,274.0,-409.09128870372336,121.92648235024038,167.96147919869532,42.877049250268364,-11.354050304057708,12.711213332349562,-11.629572802292092,8.346129256972631,16.477296868248622,6.626354076589709,27.061809129566814,8.063437959724979,9.94656730458477,4.82814892621537,-1.5625700976310524,4.905261972135667,4.719276129121227,4.76081246951639,3.8684525225180852,4.6962657463119335,-9.847988727002326,6.780250495375603,14.049510411061176,5.3981599629778065,9.789121983665101,4.202832162440687
3691_20220825_1315,25-08-2022_13h15_HIVE-3691.wav,3691,14.0,HIGH,137,274.0,276.0,-385.1289517670938,126.32381850441142,164.39313028753404,40.08036114694101,-14.382718731247781,14.962450877231152,-13.379383244456927,9.163827211241529,16.931812667810497,7.836243259000192,25.979390985611836,7.888271333518321,6.193608006684481,6.030243189705283,-0.39826908594267274,5.81929020411709,8.536088837128787,5.394709776401163,3.0213947287915133,6.172571732662824,-14.453602703724979,6.367811859071965,13.39605127838992,7.363049788387223,4.231744885114897,6.112935031939675
3691_20220825_1315,25-08-2022_13h15_HIVE-3691.wav,3691,14.0,HIGH,138,276.0,278.0,-388.29303728306775,135.8062870693181,161.94942603002343,41.22040193008522,-5.926582407323886,12.240851723823676,-17.382795627421224,8.13169883770436,18.939628251389884,7.3390805793140945,24.215466995285833,10.409971994847158,8.552678119234892,7.2033954109517495,-2.512150594532672,5.50586119055427,7.1949259873562985,4.255364107901055,3.535000531239169,5.06607439098249,-13.214677955468373,8.094706237816563,13.864068736144928,6.540882111725572,4.587269556799481,8.311056422088921
3691_20220825_1315,25-08-2022_13h15_HIVE-3691.wav,3691,14.0,HIGH,139,278.0,280.0,-396.34365285841034,138.26238153096082,164.01659305254884,41.634560054769786,-7.560985121947669,11.192362140953126,-16.74413961024916,8.83484439657141,19.228226886138522,7.167490579406808,23.73793489206001,8.838464297582878,7.187008547665737,5.384551231680571,-4.246113375861922,6.0750393153729005,3.2666913537204363,5.708592543165811,2.3488964956725926,5.59981594218273,-11.674498655899594,6.148000380638213,14.013635732018555,5.907429905547191,8.123567507620125,5.779534824789201
3691_20220825_1315,25-08-2022_13h15_HIVE-3691.wav,3691,14.0,HIGH,140,280.0,282.0,-403.7528272598979,117.72320153123924,167.1873934949952,43.211378036355136,-5.688346802323551,12.357562547504168,-14.715673431204722,10.209921527014737,18.463210709253083,7.914742035142079,23.44981859004825,8.237365995503248,8.63845851790757,5.632345166858661,-1.4969618569205372,4.6002977443475,4.428596721101258,4.871479030175092,2.7567901218858375,5.574643918717051,-9.887341043456072,5.912060796938518,12.6008289014302,6.6447246695550035,9.359890488593217,5.131545928385914
3691_20220825_1315,25-08-2022_13h15_HIVE-3691.wav,3691,14.0,HIGH,141,282.0,284.0,-403.78363122253234,124.74173564918459,167.9449686995026,42.07870627380605,-5.207899144954462,11.998217373625657,-16.99974459260017,8.65620094189331,18.209056613427794,8.293861394250408,26.985287615426195,7.7156495895105035,9.503709619737656,5.203526939772225,-1.5197732333782799,5.92217373143498,2.128636628013898,5.116615620845401,3.233646602207997,4.7658566365714385,-11.394422989793375,6.685756643181506,13.63449662012478,7.034870718856834,6.820356027492302,6.322174969476693
3691_20220825_1315,25-08-2022_13h15_HIVE-3691.wav,3691,14.0,HIGH,142,284.0,286.0,-407.6824639692675,126.82035471965622,170.1348220958326,44.723190761042396,-9.485509769077769,12.59600223304209,-11.155648028458915,9.37812744415425,13.842797862053615,6.208211150352328,27.74736963833086,7.609404518693597,9.682087270149548,5.325151636537713,-1.341772155236966,4.956289463702322,4.759611365725857,4.743146257602006,3.2147583575112986,4.847088117949921,-11.79324026824981,7.225227580718697,13.452156567348101,6.238607181954248,9.298579573886776,4.8909570692749265
3691_20220825_1315,25-08-2022_13h15_HIVE-3691.wav,3691,14.0,HIGH,143,286.0,288.0,-414.2709844999594,111.05569596733349,168.03881298112807,48.098389206324285,-6.687676459590008,13.98407894754165,-14.393250276925333,7.813684407967293,14.843301737793933,4.900012341845766,27.102249534136643,7.51605671820533,9.772026284959216,4.358085580253245,-1.2953576607286805,5.163998303911882,7.181997067949776,5.032556696700277,3.7486808108047,4.335156459522711,-6.929751244365318,5.601442312504014,13.537269348456832,5.258058197409322,9.62403095590984,4.415819998288879
3691_20220825_1315,25-08-2022_13h15_HIVE-3691.wav,3691,14.0,HIGH,144,288.0,290.0,-419.29515528030606,119.77299254444831,172.1327053372877,45.91529894224779,-7.853196011322259,12.633891773952739,-14.426487088894728,8.728933018432725,15.064854797642912,5.6882864166770375,29.180195195695163,7.962274756134172,8.421461671800431,4.737958757817105,-2.2195308051781,5.568342701474318,6.801208636165128,6.00452844974821,2.134931748949931,3.716571488745027,-8.062428657281783,6.1795708653320744,13.93691447023073,5.1537894689843196,7.790792484403305,4.552424867296625
3691_20220825_1315,25-08-2022_13h15_HIVE-3691.wav,3691,14.0,HIGH,145,290.0,292.0,-394.2519244250766,131.90652295089694,165.21582038738936,46.68230431000526,-9.89763273904658,12.26973868575794,-16.165662269618714,8.039143655981649,17.869865875783685,6.7917727725402735,26.49550785233312,9.182902264695807,6.094143071501313,5.762538239329672,-0.643051687876144,5.607904205158129,8.040127413079713,5.771181357498924,1.523539090287359,4.9710993780278,-10.76020205225298,7.889955587076005,14.52598482277252,6.3682168587063845,5.7662123115627715,6.821345668303123
3691_20220825_1315,25-08-2022_13h15_HIVE-3691.wav,3691,14.0,HIGH,146,292.0,294.0,-410.13691005737104,112.72068345643524,172.46409368161932,47.3661986653279,-7.913845371021007,12.45072974373381,-16.0478716335456,8.515140279454023,15.564872946552155,6.013147301212814,27.330753741873476,7.356803912091332,9.03849939335332,4.2363412896438835,-1.4477918593728125,4.807513692646286,5.430378927306126,4.912927251221371,2.247216088768322,5.144070495002026,-8.39416227924564,6.348971969972536,12.872599807995769,5.182200864085376,9.185224517674904,4.945156022277508
3691_20220825_1315,25-08-2022_13h15_HIVE-3691.wav,3691,14.0,HIGH,147,294.0,296.0,-413.8374366542789,124.2855189562685,171.16425715935515,44.70295152339415,-7.8561756152905176,13.188257792067464,-14.168157123350985,8.880510937945898,14.153464169448661,5.173605056856915,28.054560659511036,7.328380952974841,8.528971017105867,4.763646281368066,-0.7648128922198144,4.394488582619042,5.68317620222036,4.950323744631607,2.4123916702049857,4.8785350687875955,-9.33993981968748,6.096610194786341,12.346494012542196,5.5842369254497015,8.514917990002042,5.467125719106534
3691_20220825_1315,25-08-2022_13h15_HIVE-3691.wav,3691,14.0,HIGH,148,296.0,298.0,-396.83506150441815,131.76357081567406,168.2072913131056,45.57116576856315,-6.628504665923907,13.134772197539807,-17.841975405892697,9.0311133941968,18.54923836711029,7.471750668438079,25.465536243101248,7.016555543775221,6.07799572577458,5.649376651263599,-2.2974046144977374,4.422903668112912,4.955191283399935,5.796379116756907,2.733414479112971,4.833920363224098,-10.093100461783836,7.725860996120852,12.679033391608213,6.658982209527496,8.070665322843631,4.877901402970378
3691_20220825_1315,25-08-2022_13h15_HIVE-3691.wav,3691,14.0,HIGH,149,298.0,300.0,-417.95334159229935,118.72612260072052,172.21559882620866,46.85870833697363,-8.570694283890827,13.86748726211724,-14.409615023129614,9.689123825068279,14.426333350390978,6.0239843872024945,29.91541801422018,7.032672064436936,10.640424698835137,5.236368394886948,-1.4830376483680683,5.392628698939486,5.69318316501478,4.939567708513176,4.682693218848729,5.704716563642143,-9.31847102791013,5.845329980891603,12.554689934318157,6.50316141313567,8.861576028268983,5.724454410258838
3691_20220825_1315,25-08-2022_13h15_HIVE-3691.wav,3691,14.0,HIGH,150,300.0,302.0,-401.196889423688,132.73769922063906,165.36294523333416,44.19939293774717,-12.644098935192625,13.525702232041315,-12.418888588714825,7.806882546226901,16.520466074990903,6.210780170276249,27.406243162782154,8.44303915333492,6.209943178782582,8.072636767078123,-0.05967237683256596,5.044769504328013,5.838089403470239,4.845063870681108,3.4843359898381014,5.193053563749191,-10.729474403886359,8.297340171968008,15.148195861464485,5.345176153344253,6.560109613570577,5.907296513831352
3691_20220825_1315,25-08-2022_13h15_HIVE-3691.wav,3691,14.0,HIGH,151,302.0,304.0,-414.4157274296085,123.1130057937321,168.91526958898191,44.87447741926386,-6.701609183026415,12.857296640714727,-15.504281445840045,8.059158468526462,14.523747996049279,4.903930631400897,28.699068781460277,6.988843661066374,9.625300439806878,5.677051241881264,-0.26295386066777393,4.695809777387657,7.190440833360318,4.557053417525228,3.661947928707067,4.46798118542113,-9.6314358116043,6.60350837076572,13.851727629896757,5.181766346796569,8.455507796586744,4.906042226036158
3691_20220825_1315,25-08-2022_13h15_HIVE-3691.wav,3691,14.0,HIGH,152,304.0,306.0,-367.77640312914343,139.6081618288558,154.69675738002837,39.55777950707758,-7.7336233313486895,9.832262827533528,-9.522137119756405,7.3301471340314395,14.397243566895346,6.8423703003524095,26.665720450992406,8.834303181661388,3.842266333515597,6.741754668106462,-2.886255559215282,4.685154813417316,7.7661814885275255,5.108411298214839,2.356292703790861,5.10215790695752,-15.573148480506932,9.133492004149213,16.007370311033267,6.4646933383474945,3.8111573450204492,6.370143569606611
3691_20220825_1315,25-08-2022_13h15_HIVE-3691.wav,3691,14.0,HIGH,153,306.0,308.0,-416.62694231657997,120.06649136264743,172.55685720972318,45.672223015286775,-9.248449152259854,11.542206684520336,-15.425537874765816,7.858415777861123,12.80097833250775,5.644739574197858,29.69880187753681,7.219644878904316,9.239752351445473,4.577529515244478,-2.1430551613918802,5.080291128787831,8.429703642003354,4.573573907257923,4.725535124332861,4.580627006097443,-8.185974885946514,5.961122644950477,13.177792680515928,5.3445224722711595,8.05044943896448,4.405122466972896
3691_20220825_1315,25-08-2022_13h15_HIVE-3691.wav,3691,14.0,HIGH,154,308.0,310.0,-409.69507134662194,119.54239492075418,169.52916270600534,44.947232059211835,-7.531428777189953,13.666089643296415,-15.344253341676055,8.200166894459663,15.195905097312842,5.123524846411728,27.161167334755365,7.376715780783904,7.7606194804495185,4.744521955508352,-1.191837861973451,5.486734249719417,8.360540233034477,5.673812985780296,3.731786258937346,4.514912801820851,-9.120084130743889,7.2805001024579346,13.109055152319282,5.730341161403722,8.805956664760012,4.265168283347313
3691_20220825_1315,25-08-2022_13h15_HIVE-3691.wav,3691,14.0,HIGH,155,310.0,312.0,-418.29145191731374,123.02234021588555,172.93894245448107,43.492438506218534,-9.981703014051384,12.7027201555418,-13.849215152718546,8.622745487840627,13.490265479154392,5.47483082396206,28.274595627066446,6.689243259889743,8.346435766225282,5.027119344903598,-0.9174744477883521,4.356966732820994,7.064569720868821,4.334442568708055,4.0246698596156,4.591692422173813,-8.291081991907477,5.7568387195058035,14.979396406664579,5.933395248662251,8.613016530911544,4.353719467523984
3691_20220825_1315,25-08-2022_13h15_HIVE-3691.wav,3691,14.0,HIGH,156,312.0,314.0,-409.8454576892268,122.29464079609612,171.1319429168907,46.40214465444157,-8.276521384681248,10.835569838233276,-13.208690116871956,6.6058983178774655,13.887914934634738,6.191650955247654,27.126013341952522,7.9822811923772505,8.61506500671827,5.339884848543139,-1.017533618784999,4.668351332476769,7.291254848067598,4.964109263334243,3.3557173601626307,4.868229144524172,-8.759363149846093,6.208276386989058,12.877946422651188,5.676265962224445,7.869942135115193,4.240279434333874
3691_20220825_1315,25-08-2022_13h15_HIVE-3691.wav,3691,14.0,HIGH,157,314.0,316.0,-417.6572427099204,118.66630366247125,172.54488182647466,44.51162704177261,-7.849624472614164,11.331098850635197,-13.669347271535614,8.248567711250866,12.416304609577926,5.243930118193696,29.61080264791371,7.597354491308655,8.440384283277243,4.39692952422816,-1.4227292042304656,5.664815053897156,6.614818317594963,4.7561201430871565,4.368238391931977,5.3830639188769185,-8.135720470022322,6.601363411486444,13.618781905318224,5.6198248937481905,8.419892134311997,4.316042540859697
3691_20220825_1315,25-08-2022_13h15_HIVE-3691.wav,3691,14.0,HIGH,158,316.0,318.0,-413.4209311589865,132.52524424484733,171.8181857333996,44.26992674418247,-7.161575249404078,10.411000691046588,-16.10896075736891,7.53078675114167,14.33201757353544,6.616398265987162,28.568081455429887,8.106760242686306,7.385965473922942,5.978079815708023,-2.165739942043783,4.3128657343600185,5.774471020321779,4.955139460005143,2.7197478974170157,4.3697302315714195,-11.051695255104288,7.438933551631498,14.475762008585676,6.060142123030731,7.36589378028367,5.382789922566081
3691_20220825_1315,25-08-2022_13h15_HIVE-3691.wav,3691,14.0,HIGH,159,318.0,320.0,-422.77289013379044,117.80877227529196,172.85086251065272,46.653668770459696,-10.057667196246083,12.315852292567572,-13.689744706976528,7.938375272450258,11.958735981396577,5.504486132666807,29.571488990494647,8.244337564478085,7.626960295516706,5.39682486712147,-1.05723545242438,4.632164504273017,7.343606975342611,5.088118778277893,4.364254395177296,4.546633349080814,-8.270301606264445,5.853539727167676,13.700564733798775,5.4684221523731775,8.420481949317413,4.885537055514029
3691_20220825_1315,25-08-2022_13h15_HIVE-3691.wav,3691,14.0,HIGH,160,320.0,322.0,-428.5660802129906,137.52182881702967,172.8918425622884,38.82086382912276,-16.164692144017845,11.085687064938913,-18.148778585241978,8.786347013012145,9.664112373815739,7.091930605413723,29.463487065361722,6.802991317139808,5.288893861122691,4.578036999177618,-3.68634496322315,5.725093223514718,1.0883271204498715,4.869790545493558,2.7564795511464815,5.670756088601034,-13.34720534060615,7.579015781364011,14.260792424007402,6.689931680018952,2.9594176901377613,7.41437112548017
3691_20220825_1315,25-08-2022_13h15_HIVE-3691.wav,3691,14.0,HIGH,161,322.0,324.0,-431.6249759611713,137.25379482534768,170.79137137288535,36.3742072123392,-15.6367438626692,10.570002862049714,-17.493234413323314,6.754076085324975,10.725505274887114,5.379966008291612,28.129919659130636,7.9544107794688985,5.323929182669364,4.785605924664488,-3.540907273772053,4.4508809557420115,0.7055869031088053,5.2954556555921934,3.1779133650254408,5.446967072588438,-13.46951677284353,6.968395860161524,14.493175077045604,5.627778763608331,2.6930752774934352,5.269862769452609
3691_20220825_1315,25-08-2022_13h15_HIVE-3691.wav,3691,14.0,HIGH,162,324.0,326.0,-428.9014882243225,138.00287176625199,169.27212085233745,36.99517991655134,-16.60814416860832,11.231512450087244,-16.300774057581513,8.561355003821365,7.9225236656855085,5.20017132110021,26.294483490599585,7.609153148280225,5.348642191820539,5.839264086837884,-2.6315691983637395,4.906625126498664,2.1708897249568673,6.2770047851614335,2.2066099181347796,4.571684677057915,-11.816299764774234,5.4925846969338235,14.094255111581463,5.805150539799832,3.502885550154733,5.091814065096944
3691_20220825_1315,25-08-2022_13h15_HIVE-3691.wav,3691,14.0,HIGH,163,326.0,328.0,-430.9592028866148,133.403321865513,172.82066411122238,38.60709505826519,-13.769940202284836,13.267060075981915,-15.87151294138093,6.4090588425835,9.108383360781202,4.775771731094121,29.12786581752623,8.298645150428165,5.1377750176858425,6.071462438075308,-2.5589227388489038,4.487379583825218,3.7783480044130027,4.575631281412189,3.233410688240792,4.82065221700662,-12.886035105849075,6.407625084138004,14.247186077418352,6.173062728858353,3.358323522796265,4.740103281454224
3691_20220825_1315,25-08-2022_13h15_HIVE-3691.wav,3691,14.0,HIGH,164,328.0,330.0,-421.72915477600003,140.8543272054827,169.46572453625444,37.408930289291355,-15.064024778973117,12.840359299970576,-15.32928793261224,7.222987776613617,8.077513132838394,6.800156779454198,25.812304507353705,7.965492199426978,4.668831947756906,5.919435369995535,-2.388009113160377,5.171588060058754,2.867225720776812,4.850944331388818,3.0912065933184216,4.655272823625826,-12.441115892573437,7.08806549485326,14.565835003427006,5.24709053028896,2.844974180379551,4.7579918296156265
3691_20220825_1315,25-08-2022_13h15_HIVE-3691.wav,3691,14.0,HIGH,165,330.0,332.0,-434.84632395751925,134.69941125500384,172.75492567321334,36.45762435831446,-17.51154810231136,12.315636391807834,-13.87640818669233,6.836655762007793,8.126242260405808,6.712262418419248,30.6720607299703,8.585899195988274,3.3273822133229887,4.572954813402476,-3.8686066491286013,4.482732594221073,4.2240942045997,5.746284764338074,4.679020073559908,5.503784804127094,-12.360679523349097,5.951216890409938,15.055949597014248,6.023560198173247,2.9577059508930272,4.423392048158463
3691_20220825_1315,25-08-2022_13h15_HIVE-3691.wav,3691,14.0,HIGH,166,332.0,334.0,-424.62786845433664,130.25988188335776,163.53772580556029,39.78403022996373,-11.563597541432987,11.803665001629563,-16.139538142744314,7.083259648359276,8.940845359466882,5.67748461498341,28.639373211136135,6.585950469043121,7.100262040086312,5.403323686103191,-5.661380723901562,5.445040829225953,4.588812679952074,5.127075632311369,3.2302812024118923,5.261089358800987,-12.590004900084299,7.36285493073926,14.566458692359191,6.922687742464173,3.979192262915303,4.301829715760193
3691_20220825_1315,25-08-2022_13h15_HIVE-3691.wav,3691,14.0,HIGH,167,334.0,336.0,-425.89187354143354,136.48321067081807,173.78934557826193,39.07062555440072,-16.555212673643997,11.44148397822203,-20.834371880037754,7.402399806553517,11.030539545328482,5.982984761987294,29.045986414869194,7.747645521895771,3.4355860186371,4.854951003891496,-5.603623023043998,4.6315364626856885,2.145071629301211,4.901002826275395,3.0017945289014953,4.5931207166863075,-11.817292415152577,7.2203411479575825,14.307878250747242,5.759848060050674,1.2537529070353985,6.993717125811171
3691_20220825_1315,25-08-2022_13h15_HIVE-3691.wav,3691,14.0,HIGH,168,336.0,338.0,-427.5055352390238,135.44143147518844,168.00429521243467,40.04897707947354,-13.915167605427145,12.060877751239959,-18.59362243237171,7.786366353593301,8.710986210219101,4.923305103880357,27.798430204351956,7.063959430267915,6.72130679630801,5.3450198547681875,-7.180383550623907,5.245057990675748,0.6934550396000896,4.606180652352096,5.087545555327903,5.342975477469179,-12.094577676264915,6.781843655306663,14.405533004542724,5.715116982039559,4.095468967060862,4.299611917543717
3691_20220825_1315,25-08-2022_13h15_HIVE-3691.wav,3691,14.0,HIGH,169,338.0,340.0,-423.32901468057156,139.1059552516252,165.63641364101372,35.53781145629817,-14.405965021469875,12.642757111564057,-16.14870384678615,8.520847515784432,10.228569950945186,5.207307485550116,27.578752301219644,7.560361232660078,6.131055944238035,5.06454953655922,-3.4052006278527918,7.0380545483114405,0.2931391922558462,5.711302148388531,5.2496284519823035,5.044343438819532,-12.48387063944186,6.54559970595113,14.76997169009656,5.580669485633697,6.000857059857209,5.2449216368130935
3691_20220825_1315,25-08-2022_13h15_HIVE-3691.wav,3691,14.0,HIGH,170,340.0,342.0,-430.2791616666637,137.71364050477743,168.3525221428989,36.205750119434995,-17.671239208789792,12.769140714544495,-13.599571900578644,6.032810415227125,8.579990011854527,5.2821052803286435,28.355286928448443,7.018594304095262,5.186609032602514,5.732761480101631,-3.6081061289936565,5.203851876132363,1.9299867993486908,5.192256063649752,4.617314716413732,6.113371001203299,-13.047372375701222,6.543316899049567,14.292753946608203,5.577930380521486,5.235500560010779,5.312395687509757
3691_20220825_1315,25-08-2022_13h15_HIVE-3691.wav,3691,14.0,HIGH,171,342.0,344.0,-428.58666536754333,143.03008277923072,168.14895841224563,35.82830139431324,-16.544146370314294,12.228826407014608,-14.564647464881388,7.073573882267729,7.731923215885926,6.603987060308293,29.10139062815293,7.29348376444529,5.317183169967278,5.643910207783571,-5.267013380160983,4.905622391717231,-0.06196148753838971,4.974087322638971,3.7908309925003447,6.683981440509423,-12.935384456364591,6.343920942607365,13.044957333403172,5.315333599949042,3.8095691383354677,5.338437036924388
3691_20220825_1315,25-08-2022_13h15_HIVE-3691.wav,3691,14.0,HIGH,172,344.0,346.0,-429.04061365618315,143.38129197104698,163.37146836280488,35.45284024162353,-12.828261406982387,12.410710991624345,-9.15523515309164,10.422151566920803,5.360806120770032,5.326516629735187,19.089089924902964,7.432693716626256,5.201304776289816,5.3889034765470365,-2.983223825071765,6.04518018750876,4.003081771410872,5.413579266377343,5.511736437238834,5.274363941947152,-18.10303964798224,7.037233843774358,11.257017844824123,7.019188180958333,6.465207975502196,4.8455283785276135
3691_20220825_1315,25-08-2022_13h15_HIVE-3691.wav,3691,14.0,HIGH,173,346.0,348.0,-430.41432178532085,138.70193143279522,171.1329817426782,35.910121957410254,-14.487083744520644,12.105749819813292,-12.622320393913396,7.926665969673119,7.856519525954477,5.222074206817708,25.508541959300203,7.306623266189381,5.9773874315142725,5.275794327450025,-3.527074359025227,5.161325357164137,2.7286281323592125,4.558405558890101,1.9920467785554679,4.6697406210107415,-15.11500097549294,7.00998427813854,12.321517472142357,4.917575567042412,5.898382677895598,5.735761905847534
3691_20220825_1315,25-08-2022_13h15_HIVE-3691.wav,3691,14.0,HIGH,174,348.0,350.0,-408.9392067079755,141.6077069812846,152.88770625435833,37.92779671489371,-16.026724812633613,12.873378535929122,-13.549633125529772,9.078634327059769,6.885646836018464,5.497198406841561,28.31295644419059,8.546427995271145,3.4575618827592907,8.698454798916877,-2.468905815693993,6.719894754304801,1.3226853643042142,5.74560838957585,4.918241054290177,6.059115258661231,-14.050083457579081,6.498814932293664,12.33191731122031,6.888252074398526,5.107250776016658,5.126538096625435
3691_20220825_1315,25-08-2022_13h15_HIVE-3691.wav,3691,14.0,HIGH,175,350.0,352.0,-420.5290295850557,142.1402728783428,164.34327169204852,35.770324776892615,-15.8413760397998,10.086841394525667,-18.21092031481084,7.891318003681054,6.476020719919029,5.10288321387147,31.087063300570993,8.217359746835058,2.9378823829320053,5.556757092030078,-5.4624382692653,6.6434705232862985,0.011422974360873136,5.5376825532586516,5.353003313146372,5.856027186876656,-14.681812586623147,7.000911226012202,14.452581074146389,6.74640476594325,3.186862104613759,6.024503272309485
3691_20220825_1315,25-08-2022_13h15_HIVE-3691.wav,3691,14.0,HIGH,176,352.0,354.0,-422.2143256528088,136.6301474196726,162.63171745851915,36.92817601087352,-16.889448688411342,10.846803597084323,-13.688932894155625,8.451185549814548,8.757114758008578,4.666009768206852,29.147413429444697,8.467128084609506,5.8879890999740665,5.354011423887234,-3.164218015044766,6.518597402367143,2.5822020298636654,5.522036044396397,5.0155410940658305,5.3970494784916445,-11.917715448194764,5.88931953785778,14.882034033379766,5.987758437760078,5.378821456289988,4.951294239851698
3691_20220825_1315,25-08-2022_13h15_HIVE-3691.wav,3691,14.0,HIGH,177,354.0,356.0,-408.345266944598,148.01627212221743,154.4425741512636,36.37991899028222,-15.115661402321102,13.17062564741907,-15.045827243420355,10.60007325498939,10.221914303939528,5.512185376874134,29.474360580446135,7.444819802417843,3.2486400223013914,9.26890034250315,-3.3435979264105153,9.29161457965363,1.515684619166283,4.509873235350129,4.231782281160873,5.102651383014047,-12.431550824208543,7.325662222787417,15.842529563806659,6.216104914672569,6.1186842206966325,6.531780242911108
3691_20220825_1315,25-08-2022_13h15_HIVE-3691.wav,3691,14.0,HIGH,178,356.0,358.0,-427.07594297881957,145.50850973507238,167.92164012069463,34.70913313289044,-18.852256700061297,11.421967747361508,-17.386901756572115,7.9218079295983035,10.46103402347783,6.313380197981819,28.06342926017743,7.439542417307582,2.589468048822368,4.993614139346649,-7.256611916682047,5.8243756034042935,3.0212431393388295,4.550999170602797,3.074556764479416,5.1617670059483,-14.483751737270556,6.754123669713167,15.522661015906975,5.779731848977572,2.061334915250213,5.033255127876305
3691_20220825_1315,25-08-2022_13h15_HIVE-3691.wav,3691,14.0,HIGH,179,358.0,360.0,-414.96822126389145,130.20509659021758,162.40430467524945,39.87829321141372,-14.070470934024733,10.37641822589465,-17.343950853725485,9.231427198557414,12.690341084036847,6.456686515799101,24.53674545805045,8.573041199727781,4.943054686373504,6.450509176040179,-8.102479709451368,5.244151852948803,2.7635051080569903,4.847372045748876,4.037534463688348,6.413110478569119,-12.764725913229482,6.945515964417844,12.745473978866567,6.196275569137079,3.647789089997897,5.465764840901658
3691_20220825_1315,25-08-2022_13h15_HIVE-3691.wav,3691,14.0,HIGH,180,360.0,362.0,-428.15602489667043,139.15334622121725,169.00059350020203,35.65967133834481,-16.414518502857405,11.268064655080568,-18.218912395570474,7.7014997111895305,10.876597646578446,5.891994970052848,28.777853238397658,7.672708053307738,3.9594047546056013,4.950917321757902,-6.47996808687418,6.560496038155218,1.3388709449094598,5.563715804773344,4.179100922080804,5.05461349654153,-12.243673491114585,6.612716777743902,16.020644131579477,5.80109418919748,3.3019575394745893,5.669754002440258
3691_20220825_1315,25-08-2022_13h15_HIVE-3691.wav,3691,14.0,HIGH,181,362.0,364.0,-432.11952110419037,134.25275452495654,169.06908328352137,36.14926784910068,-15.393471084461483,11.49076943690812,-18.6381627384776,7.659837927390892,10.702148207901336,5.396275961919064,29.668877243438438,7.3754232395168104,3.2206990646652716,4.816964500546478,-5.543694860549676,4.692800375283701,2.0733613341967234,4.914050052124319,4.163138852316405,4.792915361710335,-11.732862155480289,6.203358424771814,13.563088595505985,5.761847371137199,4.241375579037293,5.53257022689307
3691_20220825_1315,25-08-2022_13h15_HIVE-3691.wav,3691,14.0,HIGH,182,364.0,366.0,-425.7721650127899,137.81186241041834,170.5911777699977,36.54846346930298,-14.30358997076676,12.24986673293907,-19.564268964925574,7.689991812445372,11.226137974941809,6.114059300295495,26.954567349926368,7.304338586797175,2.954137486836925,5.217268342540597,-7.157016417192906,5.197390842835069,1.0690905187191873,4.70434005079578,1.1374453275305472,3.5791888889734875,-12.113024937201692,6.100322645593447,15.855172134266448,5.729146304768286,3.6485817679487242,5.234569977545915
3691_20220825_1315,25-08-2022_13h15_HIVE-3691.wav,3691,14.0,HIGH,183,366.0,368.0,-429.6165816349472,141.2859774033697,171.2224483127436,35.1743480719983,-14.14708194675586,12.393307320014706,-16.573066334494303,8.492109582701334,6.046386134595806,4.413414925008523,30.870214855304116,7.340849795965684,2.485964256177599,5.696312289742668,-4.249871749931035,4.54674947809783,-1.3991694383072804,4.482376644702639,1.996109690685137,5.381230992965669,-12.139620557001496,6.262809653335401,13.558257202648903,6.345817975507563,2.636858824307695,4.321780804416822
3691_20220825_1315,25-08-2022_13h15_HIVE-3691.wav,3691,14.0,HIGH,184,368.0,370.0,-420.6806995578033,143.9463989191834,166.3811738711938,35.79917462394123,-16.77691755373484,10.970854511198677,-17.649639138642197,9.124519560468912,7.702970512057311,5.461193878631003,25.587117882006908,6.9963582095728665,1.5151129991000902,5.109848394727021,-5.2237740482541195,5.407494460289454,1.0530280863122876,5.142070613585907,2.062701663535159,4.292369675296719,-11.823990175709573,7.275422283204921,13.084407948703596,5.5282317620799795,4.339437710106003,5.462770441788096
3691_20220825_1315,25-08-2022_13h15_HIVE-3691.wav,3691,14.0,HIGH,185,370.0,372.0,-425.0255457647908,143.71323279331415,166.93948735151943,38.47215404810058,-15.877795708776102,12.014521485182284,-15.638596145895285,7.960840354879445,7.675097694943723,4.829913823745786,26.503951300416265,7.712756625966787,1.4934990348747905,5.8606521976443275,-7.33341794342514,5.639614299873508,0.35053404810882965,4.750324533872616,2.4780443279297057,5.560386396011968,-12.70141355119894,6.15237866667516,14.317261067193122,5.509053571318864,4.488483060621577,5.170656810289689
3691_20220825_1315,25-08-2022_13h15_HIVE-3691.wav,3691,14.0,HIGH,186,372.0,374.0,-429.6000053045821,141.8095139182611,167.94365642846574,36.31248794252652,-15.463916825886974,10.394179534357203,-17.492315760096506,7.141450883048863,8.829484169415624,5.769550330167042,26.681440246530453,7.337844563331024,4.654433951158326,4.990875293528166,-6.017890795749404,4.788351297603798,4.166486408018339,5.01550400331388,3.560522493989569,4.710746088673997,-11.099807314029341,7.298230055045371,13.83754192607137,5.38193304573616,4.3503875932100495,4.659068447575382
3691_20220825_1315,25-08-2022_13h15_HIVE-3691.wav,3691,14.0,HIGH,187,374.0,376.0,-435.6824144119212,135.2305568576267,170.26271085837362,35.66152102738424,-16.16684607353676,11.164290548722276,-16.184270771400293,7.433391674021622,7.773765107493085,5.094439989561737,29.171976399982917,6.97037107254282,4.615072550617847,4.961019372416254,-5.65196650509358,4.148200514023946,2.444122004373995,5.049935359200141,2.9385976726003653,5.128765711237469,-11.520234458252828,6.509770937780055,16.077800021146903,7.599444710455403,4.477800929735914,5.058755382274064
3691_20220825_1315,25-08-2022_13h15_HIVE-3691.wav,3691,14.0,HIGH,188,376.0,378.0,-423.35124524569324,144.06868303903127,164.5249034805303,34.14125451235637,-13.590044184172683,12.566112710536537,-16.972707763077818,8.111982183720482,7.460203306348718,5.814275752242244,26.561027383907497,8.513690884508792,5.613728175444028,5.455782142947687,-5.929926353693322,5.932191174483654,1.4534573926438312,5.683447766093694,4.813244834164456,5.49120350363261,-13.169944770199494,6.558842426409445,15.780370676094869,5.903936153953483,2.9013124600237234,6.399647827959574
3691_20220825_1315,25-08-2022_13h15_HIVE-3691.wav,3691,14.0,HIGH,189,378.0,380.0,-416.90138105748065,136.8113703581577,165.37487985295928,39.354541084615335,-13.031100387729113,11.80108246450695,-15.339635940332332,8.122206264606504,10.05466269770006,5.044662371668205,26.66140904262321,8.44263414739984,4.697987843417445,5.899781178171449,-3.9693656626420184,5.556535486930219,3.263836839586192,6.456379800336725,3.9806910779721827,6.361725797026685,-12.503761419468185,9.085500662350093,15.63678753419755,6.618874530762872,3.293886212752913,5.2212841962233645
3691_20220825_1315,25-08-2022_13h15_HIVE-3691.wav,3691,14.0,HIGH,190,380.0,382.0,-415.93141328048546,137.4002092251326,167.6498833701761,35.17454318738735,-16.64137432363649,10.783953040114982,-13.801109719060598,7.818355508094567,7.8353523296497425,6.594487887790322,25.886599895327137,8.226298134706763,0.8503050300334064,6.082354322080959,-1.9832214082130524,5.200373356464897,2.1926193430558225,4.867914820595291,1.1790293164342553,5.199861379115462,-11.940709031469222,5.993848075581863,14.224735564890537,6.24858958476049,3.775232952224422,4.904442371002999
3691_20220825_1315,25-08-2022_13h15_HIVE-3691.wav,3691,14.0,HIGH,191,382.0,384.0,-408.32013379674726,139.2062186660616,167.19607324902498,38.27660064648648,-15.7266679774906,14.005933742400552,-12.957817234132762,10.730132482140132,10.895407904152865,6.508372346157521,25.151374006598225,8.522409984230439,1.9974201513749614,6.58887482872308,-4.747992839362418,5.3344489058206666,0.8502113301998354,4.210543726702778,-1.5663081848841325,4.977107973746034,-14.120705000902005,5.712606786838744,11.10608651891131,6.4424403321427475,3.891497534434735,4.931813044866742
3691_20220825_1315,25-08-2022_13h15_HIVE-3691.wav,3691,14.0,HIGH,192,384.0,386.0,-429.18312785713977,139.85334060285115,171.70354491021365,37.56143040589074,-17.62945600569562,13.130889997386985,-12.07286822846614,7.562295099132552,6.876835778903005,6.21021617146627,26.30507491137631,6.949019672014552,5.075797399086939,5.1068051063793485,-2.656593012449994,4.847936049977946,1.7055319222076988,4.712276370203391,1.7047590587758794,4.296990050489811,-12.494680452367843,6.798168890289955,13.75604778732733,6.860846769336241,4.585000729916845,4.679223187997312
3691_20220825_1315,25-08-2022_13h15_HIVE-3691.wav,3691,14.0,HIGH,193,386.0,388.0,-425.8240655921128,139.05571123961897,168.48705732285504,36.95712000480414,-18.77395077099146,12.201976215606633,-12.952398331895637,6.349314989373304,10.347507493938716,6.9959189732620475,24.42374935302771,9.418473984867235,2.51929506258222,5.459199657353146,-1.890256085067678,4.84845195939011,1.417545304780602,5.223017619589356,2.7994312738225466,5.556339138081089,-11.709423260108776,6.698356586246495,14.851933470312158,5.337125012427356,4.332305777037188,5.629160062718592
3691_20220825_1315,25-08-2022_13h15_HIVE-3691.wav,3691,14.0,HIGH,194,388.0,390.0,-434.6835886455454,139.08045451877734,171.24981086991528,35.95864134602824,-13.685773749816908,11.938931388185209,-16.160693106516565,7.618798289453079,6.969151035796734,5.893098900335855,28.930937833198485,6.441321041347696,4.880654818021175,4.595829904065834,-2.608187097780285,5.358455809044843,2.783415870836388,4.69573428964858,2.8236747067272527,5.151573466844674,-13.473338565157222,7.627439251322811,15.567892555039842,6.493383502294045,3.9908161062968612,4.946027122463189
3691_20220825_1315,25-08-2022_13h15_HIVE-3691.wav,3691,14.0,HIGH,195,390.0,392.0,-431.93827823365086,136.92833209108855,170.6095367698266,38.10710764044812,-13.99572143705955,11.561986342682019,-14.914993932128175,6.774386612964321,7.673855046737761,4.329374111368216,29.730979059695645,8.538502882622971,3.669051873734653,5.184488571229566,-2.666006608209182,5.223679118785966,4.017064168603202,4.598150169860927,3.177399327778642,4.4788651846284795,-11.975636846756464,5.847570396275289,14.679933827652903,6.03313162064618,2.761743865840578,5.012930454160298
3691_20220825_1315,25-08-2022_13h15_HIVE-3691.wav,3691,14.0,HIGH,196,392.0,394.0,-431.68853497277627,134.83433202628854,169.94023327473207,38.30587765561317,-15.869858056703274,13.07358341515727,-13.93798463123345,7.119955817881319,9.233494586422587,5.155854095606225,29.32981524314424,9.144730877071183,2.20746605626647,4.924574493046684,-2.609379879247951,4.848859518763914,2.2760411539987686,5.216593737837264,3.4727632322407866,5.238644997833184,-11.528255914541143,6.138334745552015,15.479979847997441,6.591870212494456,3.818207765732858,5.609569529597506
3691_20220825_1315,25-08-2022_13h15_HIVE-3691.wav,3691,14.0,HIGH,197,394.0,396.0,-436.9896395803899,131.56442405932737,169.56644134740645,38.59511169036691,-15.365010251036766,13.003889944228076,-17.150804678690594,7.954128510317956,7.050290189182494,5.158780971477646,30.337510302374277,8.38234695523108,4.941199190155472,4.964686565128194,-3.4444358048736574,4.011516194788621,1.8312187012278562,5.591074714638294,3.4584564912934486,5.387054538064136,-11.77256147535231,6.639702689875325,13.764083882579468,5.772279855827118,3.6778119599121095,4.893938246221301
3691_20220825_1315,25-08-2022_13h15_HIVE-3691.wav,3691,14.0,HIGH,198,396.0,398.0,-427.14705523641214,141.78732092623827,165.08666437686256,38.0811860421838,-14.949314916758201,13.012528677215482,-14.219088013722539,9.165963125951166,6.845563438878221,5.917528693273756,30.379521590957346,8.113117397954237,5.6921987686833875,4.926079205191764,-5.34060771536812,4.916484472990261,3.6743006635336446,5.809052509204738,3.475714000467866,5.69027288804016,-12.665601374829645,7.514664644340552,15.48000111794292,6.898994010872424,1.4604557241711509,6.093526012044823
3691_20220825_1315,25-08-2022_13h15_HIVE-3691.wav,3691,14.0,HIGH,199,398.0,400.0,-432.6178535457022,128.86369065811238,163.8609061103355,38.98317003647718,-13.508422120651797,11.578431960113509,-12.596066660236577,8.81391406580783,6.963468617867714,5.342419249229466,26.444314040915874,8.199761345895334,6.764054484962808,7.605658839795895,-2.3968932044223847,4.93599886590343,2.9969044924666512,5.094147703222161,5.2311701975305915,5.629822132060536,-11.332322033368136,7.199988159780269,15.877335087191218,6.785337000336561,4.19269916273427,5.812736668081538
3691_20220825_1315,25-08-2022_13h15_HIVE-3691.wav,3691,14.0,HIGH,200,400.0,402.0,-428.6308596108025,137.80743257377978,164.78341306520105,36.40296215487193,-14.417120720626265,12.768396589725526,-15.025881329942923,7.722234930945665,8.874618373267891,5.242107777073128,26.276043562817126,6.906228479861422,5.9488619432365315,5.687027268740199,-2.4903181136480317,6.267817756506898,3.269865801369612,5.137869197629876,3.889367120624028,4.723499888983242,-15.290534445702484,8.117414926849163,13.756118872793419,5.354824901609837,5.038777179058088,4.8252374909434295
3691_20220825_1315,25-08-2022_13h15_HIVE-3691.wav,3691,14.0,HIGH,201,402.0,404.0,-437.25345071409583,136.1883826564731,161.99643061185196,36.85988497557728,-11.146328931926266,11.071771918696545,-14.410195773713587,7.315044536040224,7.5489750697886775,4.996097730215304,27.602376482378013,7.098734121651788,6.8076983268423055,5.1768531778789475,-2.5802477035547704,4.675658214293066,-0.15492453770270623,6.004878994592949,4.415105534503896,4.945147776155858,-12.486205573202957,6.606666923593456,12.929193514186563,5.069824024635422,6.277414502132919,5.835081067589691
3691_20220825_1315,25-08-2022_13h15_HIVE-3691.wav,3691,14.0,HIGH,202,404.0,406.0,-431.67706630639435,137.00282591012416,166.73882532243232,38.78856600703564,-10.61198858171327,10.909371341806347,-17.211802350734533,7.730329595306425,11.298471589331958,7.95749067524784,26.91706326702045,8.165516389294256,5.722814674242979,4.885557632250431,-2.5317035966265107,5.049476097143916,3.2187486239621963,5.06602735889789,2.3146830349465097,4.930988673053909,-12.39940175624721,7.772495439737116,15.690346051330069,5.389430060469129,3.432420122756458,4.968827587426531
3691_20220825_1315,25-08-2022_13h15_HIVE-3691.wav,3691,14.0,HIGH,203,406.0,408.0,-422.7926347533867,139.78742446900387,164.93082982368122,33.73405179982077,-16.194688894998478,11.57470139660302,-11.146924503196148,12.206163173609442,7.896591934079724,6.185867660324619,25.196068984045038,10.91176965566477,4.491095338716599,5.832193219895408,-1.9531410349723657,5.576083908838339,3.234470816425537,5.338005991307132,1.685118631895596,5.166471713590815,-14.567349636140849,4.961693584662072,14.745461767987452,6.097114510520489,4.19026648382157,5.160566173363372
3691_20220825_1315,25-08-2022_13h15_HIVE-3691.wav,3691,14.0,HIGH,204,408.0,410.0,-406.2966519839835,134.85027963201998,166.00472643554556,37.27311504659523,-12.375695290385703,11.160248411109073,-16.713888635670067,8.679293681995052,11.01378870849848,6.724322370874914,23.039425081306646,7.801236824002281,5.926696948286106,6.593533833517967,-4.3969051693090595,5.682677550936841,3.113362894623083,4.849178823985394,1.4202076095767473,5.587121351661094,-14.558410083099988,6.155304039777954,13.560194948974813,6.847396250966338,3.387775212574564,5.281280514703427
3691_20220825_1315,25-08-2022_13h15_HIVE-3691.wav,3691,14.0,HIGH,205,410.0,412.0,-421.35243127157423,145.9642712794494,167.58417728474473,38.03565699740478,-11.056837599133713,10.427133974055112,-18.887180083078782,9.270262279907113,12.591614863172232,7.2069368260298114,22.79205016315899,7.161281690896573,4.611277280329627,4.404506969476794,-3.70277149481648,5.40579132331956,3.784848922986698,5.490330949005496,-0.5101650290457652,5.197466059049131,-13.135309227625239,6.931229362654049,14.578210741994116,7.2132342950836055,1.104401405094231,5.5579925212296715
3691_20220825_1315,25-08-2022_13h15_HIVE-3691.wav,3691,14.0,HIGH,206,412.0,414.0,-422.6381026231028,135.18537673747457,160.84334123158797,36.24458222693496,-13.287975601059484,11.882276338710238,-15.100819957013115,9.752359165429128,9.318234574085722,6.210771860878515,20.55960081214713,9.027676356860384,7.729158529036385,6.436668639030392,-7.630508989037192,5.553421632258728,0.9426120282777576,5.050917941695456,2.3482568212308914,5.883560750156425,-14.670059739986115,6.678077711421253,14.36625351158226,6.874253414094701,2.687250258887844,4.179932949020513
3691_20220825_1315,25-08-2022_13h15_HIVE-3691.wav,3691,14.0,HIGH,207,414.0,416.0,-429.94419885646965,144.90480799628816,163.9069025364452,35.59599548221375,-10.853036748210634,11.7751388702098,-14.567236826580869,11.191411927716915,6.721031706583777,5.899776763161253,23.070828751905072,5.983325934190594,7.2884483407211125,4.6546615854018505,-3.4777031769723914,5.504575699934212,1.5758960285820727,5.970855725895828,1.546991617415317,5.374385690467938,-16.320074564455318,6.662399372435292,12.626299223058375,5.257083074759473,5.2417704686294995,5.804707458085601
3691_20220825_1315,25-08-2022_13h15_HIVE-3691.wav,3691,14.0,HIGH,208,416.0,418.0,-443.19909259208356,137.35537500656596,170.0466007155533,35.49457280239604,-10.541611641341946,11.98358685657292,-10.721099275851717,9.361076228349676,4.207412983558285,7.6203782790748065,19.199394879725737,5.699137105873745,3.856060771943763,5.69031289467981,1.2983836023763329,6.344204473120259,5.701959985881324,5.647145015209572,1.5858725775678901,5.021569278678144,-18.003330933806364,6.814551631562237,7.780614094743663,6.370374859130341,3.6374705955910533,4.765830361578105
3691_20220825_1315,25-08-2022_13h15_HIVE-3691.wav,3691,14.0,HIGH,209,418.0,420.0,-438.1994402004018,138.2608952750954,172.91765351967837,35.442001833935784,-10.468943716001085,11.052280312227012,-13.23510998896068,9.425890991927231,6.644427050566995,5.872310538479062,21.904977658823118,8.113088207457016,4.2065758337991115,5.377036017507467,0.14102924801522368,5.052620615184086,2.809855908089335,5.477999168482457,1.4669476349423083,4.954815954637424,-17.59428321219939,6.1835660466973,9.406309830979065,6.151684565695536,3.6762451448182922,5.908225417137348
3691_20220825_1315,25-08-2022_13h15_HIVE-3691.wav,3691,14.0,HIGH,210,420.0,422.0,-403.80729554989404,132.27068389246472,148.7319297266932,43.6492788543609,-9.258425830358128,14.929253187513991,-14.734133531078085,8.57360806488352,6.858514113449878,5.142692080709332,21.616754883671128,7.681639397882215,4.847618510279757,7.919380896659525,-2.388336701953189,6.851574037085979,2.1059768310394955,6.295105637406618,-0.8112983074965456,4.277468302515087,-14.803541710536209,8.046852845211887,8.71378102040347,5.791220676997304,4.80093557806036,6.472484643483234
3691_20220825_1315,25-08-2022_13h15_HIVE-3691.wav,3691,14.0,HIGH,211,422.0,424.0,-439.20866994120024,139.3370580831128,168.37485771448166,35.25419701742487,-14.282332987222741,10.751437388030045,-13.525111214331458,8.28507833097988,6.3844240754138575,5.408356280997621,27.31209651016218,7.598052996325418,3.5425963473252473,6.210965155899823,-2.3324074993316763,3.9858051820381393,-2.293923373874122,6.014971273532496,0.3136076866301988,6.193207457030274,-16.176655034959655,6.320340644814287,12.799537310512955,7.267541518274684,2.353915772744681,6.503364507564404
3691_20220825_1315,25-08-2022_13h15_HIVE-3691.wav,3691,14.0,HIGH,212,424.0,426.0,-435.03770998536856,139.26973678735047,170.84187493321056,35.04404489851189,-11.568717230808572,10.767717818377958,-16.314421523732108,8.682905647803981,7.829043600984164,5.394018956842243,26.04835620881434,7.924648220390834,3.980394533999863,5.054401095503481,-3.9462956635691797,5.328517183093823,-0.809300408191571,4.5824601682921315,-0.0961067184271822,4.464373170743335,-15.164165131687001,5.794964615188864,11.693278564668233,5.810663707821317,2.082716596169106,5.768280924857386
3691_20220825_1315,25-08-2022_13h15_HIVE-3691.wav,3691,14.0,HIGH,213,426.0,428.0,-440.63867793515226,140.8216065623135,170.4206228906161,34.26807602080499,-16.55821034667404,12.749365567149647,-15.595931739503111,6.968768149297719,6.957997643317806,5.863770392753711,24.50606570310199,9.898118831081383,5.047940898178909,6.355137368671081,-4.626792886004444,6.085022672769816,-0.5855478076970603,5.079183736513123,2.260601115431869,4.535460877172843,-14.612076408779354,6.484089898491718,13.730523151371523,5.81617307305839,3.9720227386715545,5.448025942899924
3691_20220825_1315,25-08-2022_13h15_HIVE-3691.wav,3691,14.0,HIGH,214,428.0,430.0,-427.1302199062424,141.0603204974425,161.8463990848825,35.01030864157917,-18.032343143387276,11.333167571366314,-12.732376760653073,9.367172060509272,8.18430073346285,5.1946397923961465,24.251250233624624,7.658044586625862,6.245374412830055,5.531607042168462,-4.231390144329569,5.905690685355662,-2.4249303651206238,4.5159666727981165,1.4780354924763857,5.53115937026429,-14.05796176487634,5.817172083541646,11.53706449391563,6.061220317283726,5.306926946774904,5.8030026085207504
3691_20220825_1315,25-08-2022_13h15_HIVE-3691.wav,3691,14.0,HIGH,215,430.0,432.0,-437.1308427664092,142.14944553069068,167.7461834768948,34.45458833517582,-14.940644674016022,11.924048120903887,-16.68135046558808,8.448808859161463,9.144956483057546,7.201541702105778,25.317526204928093,7.852973261550731,3.102106535487249,5.638437018338647,-4.1014498351050275,4.604318598792732,-0.3026950443595781,5.469597040339388,0.6997805115600438,5.256640479648683,-14.959430548712923,6.314054613019374,11.617761084993711,4.775325992813219,2.058803904214708,5.358466590588706
3691_20220825_1315,25-08-2022_13h15_HIVE-3691.wav,3691,14.0,HIGH,216,432.0,434.0,-439.31199855886854,140.20415788717605,167.6730447022567,35.46134693876624,-18.733152302792867,11.464651248640891,-13.129937578059033,9.955954520722354,7.440897882069054,5.175723506854166,25.091457397893077,6.173214162498609,5.04573784683391,5.642957830538193,-2.9347839734597976,4.689931915149803,-1.0367650368336632,5.962489805113993,1.20817394937624,5.808399692348131,-13.884931779076753,6.158257923377178,12.863334853059458,5.628971236395769,4.751593590542991,5.478183135139625
3691_20220825_1315,25-08-2022_13h15_HIVE-3691.wav,3691,14.0,HIGH,217,434.0,436.0,-432.069431659976,142.56951756264868,163.4751178589202,35.39654693711102,-14.913715540501059,11.357772025995665,-13.008321567649586,9.635184795420908,7.197027120652347,5.9521084611793045,24.059675931260802,7.296379657682473,5.447438254199084,6.177776318094543,-3.620876836646476,5.624137862991486,-2.2321117323308384,5.052555299942821,1.670777983247151,5.236391691306828,-15.08368930072809,5.912837431741306,12.089057640888335,5.122184428631806,3.793205013730309,5.713587320385443
3691_20220825_1315,25-08-2022_13h15_HIVE-3691.wav,3691,14.0,HIGH,218,436.0,438.0,-441.1046812998346,140.48569312272494,162.83041020116283,36.32963379731169,-8.909041796540672,11.1529306019513,-9.54289329798035,9.502117320249726,4.3865111287064495,5.076434638382728,20.02408269606307,7.633305046359534,2.8830737830397037,4.980057061899262,2.7405705782383176,5.08621975175771,4.455148498918707,4.4625186133753925,2.2634112751320967,5.335062474023937,-19.802250859145683,7.96699602146422,7.120598081608891,5.508710753177346,7.0043504837397395,5.951908135761338
3691_20220825_1315,25-08-2022_13h15_HIVE-3691.wav,3691,14.0,HIGH,219,438.0,440.0,-440.23466910325004,141.4894899077618,168.65497636636687,33.5626523127276,-12.4013243387419,10.9731382815067,-14.087336870637824,6.518363073556209,5.775531244483118,6.300473148593569,24.999495967960453,7.788485447939324,3.1726430288522436,4.998213798127416,-1.6526346741972415,6.3149673308781615,0.49415066864776686,5.724268369947582,1.9163907474728934,5.567111412791652,-15.21982827855597,6.355845859360495,11.552452986620143,4.7049739509548445,3.9243134631987613,5.639323340878241
3691_20220825_1315,25-08-2022_13h15_HIVE-3691.wav,3691,14.0,HIGH,220,440.0,442.0,-438.82278327861786,140.83186259565025,169.05385485701186,35.89029076734857,-14.890786892672113,10.929028519909439,-13.524013463396729,6.852776576434055,6.22233938808142,4.871189658953757,26.79730737499373,6.93749721120377,4.88828126540036,5.363732898406818,-2.147424385023188,4.547904902842786,0.09960518781084635,5.197515173393822,3.2952683946099177,5.095188718600842,-14.306116519427954,6.881324050286693,12.01600261558752,5.207117495823586,6.4314925525371205,4.920854152129802
3691_20220825_1315,25-08-2022_13h15_HIVE-3691.wav,3691,14.0,HIGH,221,442.0,444.0,-430.30947106464697,136.79397978675635,164.65703752976228,37.80922191399205,-14.558443729226157,13.956372169959435,-9.791491143718225,10.336048362752177,9.28348404662787,6.746876419814123,24.207778145137137,8.005865609949721,7.618168332742753,6.47682234469888,-1.7784163166902864,4.907164503832583,0.237609638126003,4.738984041851139,3.92740760604719,5.901903855657506,-13.115508009973736,7.229773767049859,12.465694515195851,6.820871250244619,4.848606344255181,5.420441139754464
3691_20220825_1315,25-08-2022_13h15_HIVE-3691.wav,3691,14.0,HIGH,222,444.0,446.0,-435.3178847758048,135.587735404829,166.61374809873593,37.36014300582431,-14.494261374936022,11.723862606037132,-12.367778372132552,8.109985099140683,10.171509617724839,7.7037359554533085,25.52340954111735,8.141414158553465,6.475332579250041,5.841789620858843,-0.9838965125082269,5.115235988435819,0.4914814649844374,4.361501774134124,3.1265828364145754,5.2938033616069,-13.644648951663436,5.98664411297228,13.194500757019826,6.357547856287999,4.8290880554308035,5.781586519952275
3691_20220825_1315,25-08-2022_13h15_HIVE-3691.wav,3691,14.0,HIGH,223,446.0,448.0,-436.2395760495723,134.53407962379265,164.24334266673213,35.16141089173364,-13.562995637663933,11.569890910849677,-14.73242354790545,9.86309963065451,8.31339760431869,5.976510266720989,25.391565019593944,6.994624788646696,4.4465582784292375,6.5620257108097055,-0.9119178307442686,4.347544120154596,-1.2778209514672247,4.968046018581086,3.0023582639038957,6.57542859729986,-14.883891196730126,6.252073240366331,13.457121710490007,7.233893303309586,3.380088350471063,5.269619175419948
3691_20220825_1315,25-08-2022_13h15_HIVE-3691.wav,3691,14.0,HIGH,224,448.0,450.0,-436.0936925824197,142.73667580532498,168.16115599462887,36.42361331227985,-17.546977333688186,13.918385723063777,-15.380460722396915,7.987064143142718,8.539904209239067,4.51831347208991,27.722410687806953,6.831087125172852,3.45027329998052,5.515051562476833,-3.2471896736077754,4.21105612072825,0.9791533550765228,4.4458235685490015,1.464158982450671,5.375940048525905,-13.32609306373344,7.311256874334595,13.83812973730354,5.372975723696722,3.547765839512286,5.1669614985241115
3691_20220825_1315,25-08-2022_13h15_HIVE-3691.wav,3691,14.0,HIGH,225,450.0,452.0,-442.2323632295697,134.37839336982518,170.25651216951857,36.68706014308988,-15.825751917614156,10.268688320547529,-15.047233906142825,7.96960966507383,7.343984923788079,4.755637956961277,26.938108769257713,7.942470169829533,2.8007938668414765,5.439725412565757,-1.0373479963239431,5.3579411604273295,1.2194825744589557,4.786784371674355,1.444181767436754,4.327753934934492,-14.167290358900615,5.932266010392647,12.940124004197283,5.368221096589215,1.7694182711871425,5.173608480837657
3691_20220825_1315,25-08-2022_13h15_HIVE-3691.wav,3691,14.0,HIGH,226,452.0,454.0,-433.91861071805084,139.93333407097956,166.46988624824968,36.220086446773664,-14.800744917291407,10.43676228471361,-16.13271080416535,7.769533076403609,9.298371873383399,4.474544773576439,23.457459964291335,6.790331308422938,6.182603602082411,4.2376630955421595,-3.1327916413301855,4.991863463547966,-0.3122911236350261,5.46537174353554,-0.8022506152333809,4.580267727566068,-13.405774893746607,6.084149708985514,10.483914812677945,5.498965260610591,3.1307020731913227,4.448947764587277
3691_20220825_1315,25-08-2022_13h15_HIVE-3691.wav,3691,14.0,HIGH,227,454.0,456.0,-422.82003367110383,141.10813893773707,166.82298440545063,33.00942727768828,-16.407453287560394,12.574745439712148,-16.599299293972678,7.289854433180435,11.82282238238585,6.392897311177138,21.586561710745766,8.400909741391677,3.637272734405675,6.318208199754839,-2.9698137288982625,5.348559431635236,2.49129153716102,5.099933980198333,0.02481309430747231,4.958670027210516,-13.988427459293614,5.646212200282598,12.713795004310938,6.000873022918348,0.5451408831353796,5.471181048342591
3691_20220825_1315,25-08-2022_13h15_HIVE-3691.wav,3691,14.0,HIGH,228,456.0,458.0,-433.3900812083238,141.50166483319452,167.80484783398066,35.48163100725416,-14.894465128657204,11.456384904339687,-15.665541602729249,9.089888560609854,8.886792613122893,5.878858339991488,25.527045149185955,8.847753337207171,3.5050419902090644,5.016117227843748,-3.69939497113128,5.463845180569398,-1.881825149157553,4.583251182074795,2.8170522133330733,6.164837364974555,-13.63089800500363,5.590484727029075,12.866501075638842,7.162070071228771,2.035838494209565,5.513391576244444
3691_20220825_1315,25-08-2022_13h15_HIVE-3691.wav,3691,14.0,HIGH,229,458.0,460.0,-437.7983079089829,143.11735817291367,169.18954165232194,35.21934817689586,-14.866354235763723,10.661290563839867,-14.878952555641627,9.690781500822139,6.800332288975001,5.61780450330262,25.682078220451928,7.274521361588651,3.5122864560016485,4.794197034351121,-4.105259104811579,5.134221377032161,-1.960898165647475,6.128453801993257,0.9014380330418469,6.259337596301124,-15.0612433788336,6.638146915751821,10.517342943547568,6.090013338770995,2.9066583325180964,4.782801353452009
3691_20220825_1315,25-08-2022_13h15_HIVE-3691.wav,3691,14.0,HIGH,230,460.0,462.0,-444.02983744900075,138.5889613415052,173.06444844228545,36.777895066006,-14.207392728213788,11.749214006811924,-15.886599284058716,7.949879605138533,6.697436529056932,6.257524510922993,27.2873504849304,6.763334275144765,5.102712201655356,5.370639467870899,-2.867287483501992,4.815989535177426,-1.2270924286768592,5.316314982269806,2.572438645431038,4.887659024723904,-12.629329383607214,6.8367384886539515,12.622315993149849,6.009063243587694,2.0138372439327537,4.078131629453612
3691_20220825_1315,25-08-2022_13h15_HIVE-3691.wav,3691,14.0,HIGH,231,462.0,464.0,-438.47991567072256,145.3119826322496,173.02133845689434,34.60631003718169,-12.49011170106045,10.285663208976223,-19.311892770194813,7.408617215112304,9.265638192939896,5.899850373159912,24.942334350687442,6.864380518878871,5.562681973385645,4.827254442058232,-3.902802741675097,4.805332056474581,-0.6302648818422564,4.564829427529429,-0.4526289409285618,5.023530723310919,-14.564777698111717,6.107816088009243,11.614533633151538,5.523088602859094,0.6179742330757029,4.8960399772438015
3691_20220825_1315,25-08-2022_13h15_HIVE-3691.wav,3691,14.0,HIGH,232,464.0,466.0,-441.1859851296627,138.37099889307987,171.02128017468857,36.92455571824902,-12.652875572766291,10.5615442103369,-18.04149803121864,7.767026634484209,6.55832458949441,5.969676810598137,27.25354767881798,7.055499855856377,6.2345548227025835,5.889555701662873,-1.298889090523426,4.9782623681859866,-1.141373948358513,5.025561085945688,-0.18276019834818819,5.688034577510301,-13.238159418097377,6.072715362384996,12.595347371421001,6.025537991516513,0.20334833488651818,4.351190857738345
3691_20220825_1315,25-08-2022_13h15_HIVE-3691.wav,3691,14.0,HIGH,233,466.0,468.0,-441.9407553692445,132.4857844645439,166.26784394407792,37.58592949601907,-16.52854201199506,11.274614630798176,-17.301722852523934,7.249861290588873,7.800211240956382,6.480676721167934,27.80121678462312,7.927604086402493,4.037024156710859,4.430637240509521,-3.294851244820806,5.65220410691406,0.3981719983178718,4.663884048012256,0.7997026329590187,5.325449229980249,-11.807116841892146,5.6606359104891615,12.948483297940767,4.943303747524016,1.4140496871139725,5.114364913723971
3691_20220825_1315,25-08-2022_13h15_HIVE-3691.wav,3691,14.0,HIGH,234,468.0,470.0,-441.8491023442967,144.94379184204132,166.4849841470993,33.756941369076706,-14.414443279829708,13.250217743628982,-15.152216195749725,10.576738279976148,5.070504433587238,5.515667374944746,27.72228405390184,6.92986128813981,4.705341475405966,5.067615570325316,-2.0567524696859674,4.721393676728651,-3.6466674769037053,5.046991601775738,0.901347361679885,5.950410490194724,-12.972858617526372,5.74807415082552,11.40439940895444,5.735597418464957,2.510688449875081,5.629888732758647
3691_20220825_1315,25-08-2022_13h15_HIVE-3691.wav,3691,14.0,HIGH,235,470.0,472.0,-432.6370798075106,144.49552325394657,166.19976778561676,36.65661657285554,-12.442134772327769,10.043723553394981,-16.92727974956866,8.235619312594196,9.334145778499783,7.092279400376573,24.994203873444473,7.308213332056316,4.263900971119722,5.977561478025623,-2.139070646644344,5.437495188306251,-2.7163033117483946,5.353616960885474,-0.4202102985605369,4.018656299542231,-13.487423686104014,6.293160190554454,10.971358059818877,5.8026729588956885,0.7645997940338216,4.991449476517151
3691_20220825_1315,25-08-2022_13h15_HIVE-3691.wav,3691,14.0,HIGH,236,472.0,474.0,-443.92172158418185,146.16206060063408,171.2496805178157,32.45903910230539,-17.063123018015656,10.565108331136887,-12.434074599682003,9.293067182646329,3.185459291392849,8.61571340955719,28.54564122387531,6.977391705370825,4.198266189127861,5.076190098808023,-3.9476087360454657,4.770778608850228,-1.6324527517159764,3.924232893451186,0.5318872220464727,4.873828901868689,-13.027894183800713,6.515338123352381,12.997668783626954,4.666206033229934,1.3816011670358628,4.985358926056698
3691_20220825_1315,25-08-2022_13h15_HIVE-3691.wav,3691,14.0,HIGH,237,474.0,476.0,-440.5426934055539,139.37095653259607,168.79653793673452,36.227501436654066,-14.754034501204254,12.46695262591681,-16.78567525914591,7.75066386840984,5.5610154309982605,5.777236890853372,24.090828204991954,8.087316722295522,2.205178043274672,5.149732843111238,-1.255865680975465,4.697677983301101,-0.5142609958170773,5.231294844139461,1.8855488533429638,4.031556488433695,-11.903068399614725,6.484356524983619,11.653285845337464,5.473982038756379,1.170597582627272,5.17282992458567
3691_20220825_1315,25-08-2022_13h15_HIVE-3691.wav,3691,14.0,HIGH,238,476.0,478.0,-442.9965365317,137.45186606704655,167.8103051841314,37.217344736073024,-11.450662798153534,10.557082429805872,-15.32243151672477,8.12739130541436,8.595937363900383,4.900693525454345,27.095459087047892,6.664070464996901,3.408270833720634,5.93335702192031,-3.189133344232496,5.758038042263291,0.7207166637161269,4.644963205590341,0.9323837690403199,4.837502803826356,-11.203196457577915,5.277321077606358,12.060857182390821,5.916086855914828,3.0464774438162308,4.33426762313222
3691_20220825_1315,25-08-2022_13h15_HIVE-3691.wav,3691,14.0,HIGH,239,478.0,480.0,-446.07136298585345,138.70638576836754,173.02929854778125,35.18209267532895,-11.894834609206793,10.556456611830408,-14.668032758665408,6.635319880121327,8.251849977121303,5.597911606690199,29.202766845137692,6.831433717938358,4.752415489823908,4.481483670526276,-3.166068809459176,4.826124015324734,-0.07146628764511122,5.169400123816943,0.8506130675702481,5.361058598492027,-12.139092255256884,5.841823126545218,13.052642660562146,6.0430532249864335,2.1426470839780327,4.827734162428511
3691_20220825_1315,25-08-2022_13h15_HIVE-3691.wav,3691,14.0,HIGH,240,480.0,482.0,-440.48881716128056,135.50846863572912,166.32796811089747,38.749586442413225,-9.445139083047286,11.33962650045877,-15.743695021219773,7.9993777803759,9.158842041069514,4.820903168209549,25.899198507669844,7.458836087984485,5.886462110786473,4.896101578697913,-2.245425251706208,5.055989828414681,1.8278182017044944,4.720170091923293,2.6133401334596513,4.5747914041104965,-11.792455556208099,7.147861375365758,12.817614492328492,5.6800472606185215,1.4297452793431922,5.711107604868686
3691_20220825_1315,25-08-2022_13h15_HIVE-3691.wav,3691,14.0,HIGH,241,482.0,484.0,-443.4133886223871,145.0688349726747,170.35779974192948,35.083795087436755,-10.183181789436924,12.260814653477357,-17.45194627425554,8.23946068813724,11.565130960223437,6.564605066162577,21.022234017393142,7.319767637289909,5.345889196598773,4.760252837118054,-3.211740394687627,5.365937860523245,0.6408842306523429,5.165918441115165,0.6038357801673148,4.679388921135746,-11.405745587482519,6.3133585709065025,11.95181714597748,5.389340459368842,0.03611379032836658,5.1872293344145755
3691_20220825_1315,25-08-2022_13h15_HIVE-3691.wav,3691,14.0,HIGH,242,484.0,486.0,-440.89099139610425,139.24535788761207,170.14590549254655,34.76606181425107,-12.496906450105506,12.239280603899372,-16.861958677043667,9.20456723816553,10.124997814830222,6.3699928312333896,21.609862542663297,7.721440358583325,3.6257051299944467,5.232281250190793,-2.175966581109045,5.88245402949975,0.91283433569126,4.774044638532795,1.06288035236214,5.3670625566259735,-12.376104384989661,5.3188287240259875,9.59095324707861,5.2189190083469,1.5306208026856296,4.299369627897443
3691_20220825_1315,25-08-2022_13h15_HIVE-3691.wav,3691,14.0,HIGH,243,486.0,488.0,-439.8240605168404,139.05183345739977,168.01100795328477,36.145420095865745,-13.424352255219612,10.731410451258167,-13.567446336888269,8.186498849052773,11.384096640698166,5.755788183423659,18.904390876114764,6.868782757414258,3.308991119664033,5.326681125533969,-0.7040265766696255,4.374839654275798,-0.10747286932285421,5.023287839904983,-1.5980111966465067,6.3876316622295075,-12.708899589434022,5.675460514911598,10.82551234674468,5.552473554237075,2.9164581273076866,5.143289170582581
3691_20220825_1315,25-08-2022_13h15_HIVE-3691.wav,3691,14.0,HIGH,244,488.0,490.0,-439.363424505849,144.59538790028384,166.19495041611142,34.394529305957775,-12.430980804763157,9.961011060073567,-9.392413694562288,7.152935593545142,8.624274943284835,6.374539690383511,20.91378096187141,7.186253625759485,2.8113500207772177,5.408621476039508,0.4803575542779944,4.554311673061847,0.252419319755887,4.677278549372741,0.5979213179653224,4.950204981312709,-14.96554644234032,6.266822143350756,10.453251529692617,5.881332952845805,1.2381161204714342,5.281783876577014
3691_20220825_1315,25-08-2022_13h15_HIVE-3691.wav,3691,14.0,HIGH,245,490.0,492.0,-447.53074950702404,139.8610731516499,168.89073513913374,34.66710248944669,-11.377255268559484,11.425356641844314,-11.908922152927953,7.465898709075401,8.7644630221575,5.5827501009190446,23.596493954117648,8.319643837215938,3.7809664913901577,4.717338079590774,-0.7797611258566904,5.036100275040388,1.1036264363683375,5.1862446839679475,2.9676957229628376,4.179953701597173,-11.173263475668659,6.080393822180654,11.961101462325008,5.480357292340777,0.7751514709040479,4.833556123439152
3691_20220825_1315,25-08-2022_13h15_HIVE-3691.wav,3691,14.0,HIGH,246,492.0,494.0,-447.5956682105382,138.82406964464457,173.25081259484477,35.44315591300769,-10.35714974164509,9.784622116398335,-13.962129841808634,8.386538350360665,9.988213190164377,6.282942603417681,23.408015332885935,7.461431335079244,5.484393031543907,5.069475451868358,-2.408511354010487,4.964835633982011,-0.47674285569022606,4.908751345716675,0.2503590778603089,5.488353530191541,-13.187625498661607,5.609868003228783,12.887404377590128,6.633475744933873,0.36675299191780575,5.198013375497627
3691_20220825_1315,25-08-2022_13h15_HIVE-3691.wav,3691,14.0,HIGH,247,494.0,496.0,-443.3917390888507,144.39842646638232,170.60708961850895,34.37363840979817,-15.92563169765493,13.59370764044204,-11.855420836149698,8.801972864477523,6.673511229876505,5.7559036019553576,24.149048531284713,6.734769063106721,4.362650378022433,6.173392269246609,-2.7278982116418047,5.1953970021905285,0.15049302775134132,4.219778292827128,1.4310574753321048,5.209685972810156,-14.342685987771441,6.774712455473446,11.98917084594005,7.005570250463119,1.1622823881818005,6.456786027678118
3691_20220825_1315,25-08-2022_13h15_HIVE-3691.wav,3691,14.0,HIGH,248,496.0,498.0,-444.9611796236115,133.96183358442792,166.55097631762777,39.19352796112092,-12.50107099736281,11.543164994508475,-13.324536558176877,9.386262241392108,7.547657321571015,5.870933847680543,25.908989243130335,7.541203176952906,4.485692615786247,5.330269442913186,-2.8494609862086535,6.378600692528697,-0.24703796516877144,5.109719362449287,2.9382853105793907,5.821556794669266,-12.164352712466142,6.362793209895061,11.254002970397048,5.847490964478364,3.6159918598188683,5.373670868615216
3691_20220825_1315,25-08-2022_13h15_HIVE-3691.wav,3691,14.0,HIGH,249,498.0,500.0,-452.7059903080085,141.98791648415494,169.08291891454164,36.12279285147912,-14.7026258822736,10.454612842431732,-14.111729945097252,7.74703967642767,6.2703918114396355,4.421870009783942,25.851127781256388,8.183269564660504,4.147513640991888,4.508521948417688,-1.7928723948758198,4.867297148288323,-0.7142331591165622,4.876623201208466,2.0603580495718523,4.899406706187902,-13.200758990868518,6.2746014146923,13.005151933732067,6.320577517104677,1.885158882962684,4.8721879878146215
3691_20220825_1315,25-08-2022_13h15_HIVE-3691.wav,3691,14.0,HIGH,250,500.0,502.0,-439.3627884363004,139.04084255124485,166.8461932935595,36.45355576385947,-15.959106073292777,12.921135174854777,-11.447908841976506,9.961052950947574,6.402777333347458,5.346668710891534,24.740025142203496,7.721396786677257,7.033768797202851,6.296271609240115,-2.7781824882497603,4.835796388871799,0.040988938524157574,4.781945576853196,2.5975048775483445,5.607742375644103,-13.1477800717604,6.930116182571819,13.210049172750715,5.572079562511627,4.362532965753788,6.147883983106427
3691_20220825_1315,25-08-2022_13h15_HIVE-3691.wav,3691,14.0,HIGH,251,502.0,504.0,-439.49855933153367,139.7593258705917,161.88217299305515,37.25147588547019,-13.566945521853167,13.982133992987928,-10.858490011559658,9.15517110265852,4.785681061559132,5.998273867264138,24.624068260780053,7.462480987323558,6.853514775756326,6.407453180462584,-0.6939941767511499,5.052151844988722,1.2176803473773254,4.967347306993642,3.5268581761697537,5.906378874666914,-12.171318830713151,6.351266146381598,11.92964198366465,5.6371115131559995,2.030892501927462,5.291576381094417
3691_20220825_1315,25-08-2022_13h15_HIVE-3691.wav,3691,14.0,HIGH,252,504.0,506.0,-441.41481303256666,131.9033562276116,163.68888741112298,36.252479906639195,-14.010182409846552,11.325592069135812,-12.3229475488143,8.044836740071187,7.607520265454793,5.593383978307522,25.55783798602581,6.942096363223715,7.054000300709641,5.5776384621873945,-2.354242051419469,5.686895582561883,0.7838736119866668,5.6772059019809875,3.4443415026826503,3.7828668164946886,-12.133836243499605,6.5536112259695445,12.04408603764859,5.641423968722776,2.630125594210925,4.889005198172895
3691_20220825_1315,25-08-2022_13h15_HIVE-3691.wav,3691,14.0,HIGH,253,506.0,508.0,-438.27835901826,134.27496264687662,165.31998232577635,35.56361738519318,-15.962942278628445,10.518489338055783,-9.342076730281315,10.22157763188615,7.664362065787177,6.0326422670034106,24.73039503740815,7.063917770373687,8.835081996258667,5.1647836624665056,-3.535243739328706,5.08088632913624,2.6953430349228777,4.754349718597447,4.486033258361723,5.868751334645909,-12.599822980177127,7.348248333797413,11.127959255440006,6.161105028562872,3.42329808349834,4.9703059088657975
3691_20220825_1315,25-08-2022_13h15_HIVE-3691.wav,3691,14.0,HIGH,254,508.0,510.0,-430.8972292921503,137.6479970722625,161.1240767563905,37.03862563503115,-13.441881922838666,12.397414470952056,-13.551132827924832,9.548726584564221,8.266914787930098,6.974450624687447,25.177076588767555,9.063675918297063,7.2457506925071655,4.935276861510772,-0.9787030082446111,4.887787613423966,2.955668607636522,5.370246552353959,1.8229999541568298,4.944195612464815,-12.959544936021958,6.689049467940943,10.8305362007071,4.940629049981248,2.4936321112139503,5.951497541036972
3691_20220825_1315,25-08-2022_13h15_HIVE-3691.wav,3691,14.0,HIGH,255,510.0,512.0,-439.6630694603835,137.03676412668548,164.31405967824463,36.559985975433506,-13.450765769083874,11.850388320398256,-15.572433722255013,9.481838036383381,9.103222236393998,5.956843788603363,26.722628191263166,8.043668281302672,7.750169792431672,5.759779496294634,-3.6783582787986475,5.8311767554226694,2.019425817357582,4.9755850688585355,4.24098413810972,6.165955506305049,-11.023569676930126,5.421698309754494,12.087047433382395,5.692655630079441,2.383775894558622,4.861548025745638
3691_20220825_1315,25-08-2022_13h15_HIVE-3691.wav,3691,14.0,HIGH,256,512.0,514.0,-444.0328816187452,129.5155790437356,160.48532564694,41.00369034913354,-10.506395277288076,9.828798485579362,-12.555691768339393,7.103785946534715,9.804560777270616,7.5058459108846005,24.42568481285444,8.710540857194305,8.594970108610502,4.756489980938434,-0.08177207795851504,5.241534690777392,2.9679540121974832,4.68681743696972,2.966399289107578,4.501475705600013,-11.18340729559724,5.5876628389474075,11.471390302751693,5.848412634278429,2.929425877101155,4.155981506288135
3691_20220825_1315,25-08-2022_13h15_HIVE-3691.wav,3691,14.0,HIGH,257,514.0,516.0,-436.7182673095068,140.52394981132718,162.7590265643193,36.09586763076379,-13.550441429062221,11.138263969814606,-11.76459000625301,9.44506663737892,9.371734043893229,5.128797051083796,25.130447464917232,7.723699165379205,7.978032482346338,5.528669420381897,-1.8930443625760391,4.852517331702564,-0.5185943580437911,4.963845735473246,2.953659510526935,5.146693878262081,-13.73286425586387,6.790437322900481,11.849012124168192,5.221564407851745,2.900731197556614,5.176589163269635
3691_20220825_1315,25-08-2022_13h15_HIVE-3691.wav,3691,14.0,HIGH,258,516.0,518.0,-440.27923174676243,134.84169738259578,169.22933075792503,35.02383225155504,-17.6487681787332,12.413741639990297,-11.852922393196625,9.678688817729006,8.698451124783121,5.825615805564196,26.47779574981347,6.389958513216583,7.623017284283823,5.118873916675014,-2.848061145140606,4.763549394907576,-0.157481358646283,4.3819568566379425,3.0183075316701418,4.591396966798119,-11.817330528088425,5.602007723017831,12.61925052811202,5.961837319011511,3.8861179048210395,5.7698754662645735
3691_20220825_1315,25-08-2022_13h15_HIVE-3691.wav,3691,14.0,HIGH,259,518.0,520.0,-443.76481011249666,141.77024063160633,167.74802353725664,34.21542058156215,-14.040378091100786,12.788863598129947,-16.968093946815912,8.65873458189371,7.716720530541809,4.931588826194603,28.908591695213097,8.181073304245718,5.183482426342952,5.557196215961681,-2.028051017928585,5.535728545433863,1.6691181243653241,5.091145339639152,2.473189938166721,5.961914804309235,-12.458763465558215,5.726394591601405,12.21071423246703,5.523567494999392,3.086897920205045,5.065037836631063
3691_20220825_1315,25-08-2022_13h15_HIVE-3691.wav,3691,14.0,HIGH,260,520.0,522.0,-433.0456939654904,135.949444835686,164.93949657177708,37.53450223330862,-17.69716373087106,14.60457783333739,-12.72433028895198,9.96650865277264,7.506345324013142,5.599219114420593,26.030022456234473,8.452161294867269,6.371496776845167,5.129869451783775,-2.533292474654985,6.089292381193573,0.2834113693996824,5.304115555378269,1.687004588579756,5.123227407607235,-13.816587391446303,6.596831076342801,11.556031558871542,6.936226963891093,3.0864177082599413,5.866139841679593
3691_20220825_1315,25-08-2022_13h15_HIVE-3691.wav,3691,14.0,HIGH,261,522.0,524.0,-440.3606699049546,137.83808548226236,164.98775195050337,36.09793732749729,-13.864675752802112,13.262072904703382,-11.514811990839444,10.001375614143114,6.870770560880491,5.68602177064869,24.825273875533924,6.533171102296078,8.458961365230241,6.31036882890297,-3.1583363158314466,5.046989059691154,1.530030351910761,5.0522081527949245,3.16076101278404,5.832137413378777,-12.180100905920378,6.3567168990089575,11.501364334547455,4.769137813937086,4.463503134269638,4.502075151619268
3691_20220825_1315,25-08-2022_13h15_HIVE-3691.wav,3691,14.0,HIGH,262,524.0,526.0,-444.60761253477375,142.33068885876335,164.66916899663545,34.764187308568076,-15.757346307069609,12.60528559774522,-10.392045717276131,9.18108134936278,6.828531404675567,5.046565393762435,26.252556965065796,7.1038673209633805,8.223072267699973,5.822768310195349,-2.1621129983291345,5.622591058733317,0.374116747780665,5.000100555689612,4.3437551058092545,5.739320280611409,-12.071151235481887,6.054844481408373,12.808688656468377,5.1415235256108875,5.26294303855321,4.400566223296003
3691_20220825_1315,25-08-2022_13h15_HIVE-3691.wav,3691,14.0,HIGH,263,526.0,528.0,-439.5987514049899,143.22391393922723,167.04785248110835,36.24082891924719,-17.269944936435508,16.02049603429842,-9.242178741808416,11.785472468700622,8.226099652589596,6.145877828281799,25.364568174461336,7.96581341768043,6.658297254480201,5.017187670768695,-0.266651106740223,5.070686802540094,0.9160159889175372,4.341319373671841,2.0665659663312472,5.896067665707204,-12.821967314939869,6.8145807908701705,12.124034661792669,5.734578880925486,4.243932762437701,5.803595110331088
3691_20220825_1315,25-08-2022_13h15_HIVE-3691.wav,3691,14.0,HIGH,264,528.0,530.0,-444.17791800448333,144.6142485424697,167.77165747192385,33.4690170892532,-19.536949496376188,12.744523603096335,-6.415416826513662,9.018429384872357,5.711477056197245,4.610452924475911,23.94900201033605,6.451060649058749,8.823665807077642,6.492942813255669,-0.2348853006556792,5.2899440636331265,-0.010155798931170591,4.867534036864957,4.075537397088318,5.117389776263524,-10.767567810730059,6.378004904069648,12.896227755506697,4.9092736715408565,5.85218984434544,5.488708822477369
3691_20220825_1315,25-08-2022_13h15_HIVE-3691.wav,3691,14.0,HIGH,265,530.0,532.0,-431.81046124646826,145.8784444243952,159.03164265768154,36.739977352461985,-17.943386368872932,13.585530181362605,-5.639280650915233,12.562922584846143,7.612258408393108,7.486494432257941,23.85739244104704,5.85057372410887,7.971169123384438,6.470490341697129,0.5203339560423217,5.504226650513964,-2.2681376473615575,5.975814327976948,4.891528135023363,7.0671977226591025,-12.673697475235857,6.978069041643911,10.633466202436129,4.571615206899705,8.110373281747215,6.761901808035345
3691_20220825_1315,25-08-2022_13h15_HIVE-3691.wav,3691,14.0,HIGH,266,532.0,534.0,-441.54796641336566,135.02091222439137,173.96782429392093,34.770988826877705,-14.162688843193807,11.582387814172987,-14.481347143016361,10.241423651972012,8.566091360230562,7.2929414371129395,25.03506931756748,7.94595190726165,6.166340452106955,4.837744863790243,-0.4533233454780966,3.7683485534625705,0.6729808791111931,5.939215838134561,0.38186649156827795,5.470456011296379,-13.917504368085272,4.961307894720567,11.913382739359768,5.473991375793607,2.7813559976438413,5.432517709696078
3691_20220825_1315,25-08-2022_13h15_HIVE-3691.wav,3691,14.0,HIGH,267,534.0,536.0,-435.30297890567476,135.5512752579911,169.00986397389303,38.00205782999905,-16.676726539413583,11.834885465665371,-13.011204369155566,9.130461465464844,9.40812575523368,5.043552389547889,26.94143749128346,7.742534668468814,5.520191835160972,5.109969597911643,-1.7872963794475438,5.142257862159346,1.6634300786095217,4.745859223194532,2.773842930941774,5.23669686629675,-12.627264954361024,6.406076035943729,11.56759332201707,5.06930774417484,4.125857926352128,5.175437874827704
3691_20220825_1315,25-08-2022_13h15_HIVE-3691.wav,3691,14.0,HIGH,268,536.0,538.0,-431.02487270147327,129.72730983738793,167.67641538161305,36.62960003153441,-17.8571790602153,12.833553120076635,-11.93552085909593,11.493612684436336,9.11914894631459,5.893960366791524,22.978742732567312,9.117671310854771,4.812869149613058,6.105979502981401,-2.3117085298270372,4.188049922360009,0.5628904639495792,6.229898723445339,1.5639603476728674,7.053971859804453,-13.007183208592792,6.712161880985399,11.582063429194964,6.6917065660837665,3.5825941071023872,4.9718905595371075
3691_20220825_1315,25-08-2022_13h15_HIVE-3691.wav,3691,14.0,HIGH,269,538.0,540.0,-410.57257306614656,139.9824956573455,158.37796400665306,41.29455396705063,-16.5522750369931,13.477076965707877,-10.61789053321639,10.690198771056037,10.734154413130979,5.831103635576185,21.201258275268906,8.140575453687296,5.2438600016604076,6.8948433564006315,-3.9763396965270865,5.126327576106431,0.91635483693286,5.366512843842384,0.18213080209631882,5.532029333940727,-12.820799385847122,8.296372156766074,9.109042372757385,5.478865992015977,4.412600592125158,5.50227327357735
3691_20220825_1315,25-08-2022_13h15_HIVE-3691.wav,3691,14.0,HIGH,270,540.0,542.0,-416.8494618348366,127.8027392956168,157.30636041945925,39.68772244563376,-15.6844992422253,12.752448326060856,-12.08482805808039,12.27091334110041,9.407996842262946,6.710198748561654,22.24348820499911,9.356708233014713,5.841560268266727,7.801544274601762,-3.312927052419584,5.180018429285192,-0.22508308142753927,5.16994482730494,3.1858479814684,6.265608782448027,-12.386841871941973,6.084174953532612,7.994355939451531,5.197192481317264,4.064926097210994,5.513056395772985
3691_20220825_1315,25-08-2022_13h15_HIVE-3691.wav,3691,14.0,HIGH,271,542.0,544.0,-433.47950111546436,136.28322707558868,170.78034283612254,36.06505451553338,-17.357235438221977,11.582971257136082,-12.266696246964495,8.132694916124294,9.965207823911461,6.295152469378357,25.38291522044035,8.377817470438826,3.040132032520263,6.469544376585422,-3.6637204688990446,4.716872853311247,0.4595686890651629,5.508340391082263,3.1224354072006797,5.5164746270218705,-11.326184167795759,5.377603140777438,10.497659968897391,6.337875510677233,1.8981463149432014,5.3337372211832275
3691_20220825_1315,25-08-2022_13h15_HIVE-3691.wav,3691,14.0,HIGH,272,544.0,546.0,-445.2143181281128,131.00437845711926,171.58322615828806,35.89088198865466,-17.941351791370597,10.719960938975627,-13.771237750303849,8.289514016408113,7.680701775638981,5.782835632598988,26.62522996761334,7.996875555804901,6.878931414783296,4.83123612248866,-4.081825546031224,3.9114064298028293,0.5678472211099694,4.855049136822127,1.6935113367659624,4.508337525684418,-12.012709518439792,4.8766426338847095,12.489184248453801,6.57087435330428,2.5773414795085983,4.867174769097503
3691_20220825_1315,25-08-2022_13h15_HIVE-3691.wav,3691,14.0,HIGH,273,546.0,548.0,-431.64744098564034,147.02966687714283,164.82658181880277,34.672425374964035,-19.8735873166137,12.992694706164174,-10.352948084332324,10.364537127793973,7.558847722795421,7.580422151291873,22.81551575121595,9.473957590414503,6.946821614706387,5.83312824273193,-4.749690129706709,5.652505290656299,0.663621183067325,5.850167642287742,2.324524017565002,5.83640120975411,-11.64399852328672,5.927236824910786,8.480493666516942,5.6191431282741755,3.271247873313626,4.953490032223022
3691_20220825_1315,25-08-2022_13h15_HIVE-3691.wav,3691,14.0,HIGH,274,548.0,550.0,-435.1509405707573,131.96951051726532,165.3161391248331,34.63694815782498,-19.653741919405384,14.360690249271586,-8.04865754734124,9.159191706153914,6.133196259855037,6.248435865577561,25.389591920422205,8.838470614857092,6.168902099575023,6.46761135563682,-3.1669775335834824,4.696132073939995,0.04405518984802954,4.8267008235497215,5.487304508581169,7.934211085158688,-12.204011353074067,6.241494766863074,10.521612301812208,6.277645651123774,4.805706724023225,5.649026624888755
3691_20220825_1315,25-08-2022_13h15_HIVE-3691.wav,3691,14.0,HIGH,275,550.0,552.0,-418.54987361193344,146.53723670800352,169.6279434727286,34.232641265324965,-16.808160539707245,12.00639485359889,-13.15796956245568,8.170696437840075,8.723527111242241,6.346482938113189,23.127601272252228,7.773246574505661,3.3481269814693664,5.661455168298109,-5.205156696148118,5.057969836568367,-0.8973326459547862,4.916056257894278,-0.5010877398520626,5.36829326033822,-15.391280161638704,7.838435726896431,10.341821617209847,5.152458333229307,0.1961141548511298,5.6939328281890464
3691_20220825_1315,25-08-2022_13h15_HIVE-3691.wav,3691,14.0,HIGH,276,552.0,554.0,-414.0757789570284,132.26187892496566,159.306033234592,42.455695774605594,-11.853224616078348,12.901655628290989,-18.411687129752732,9.888062112610848,8.749604291437935,6.319768759392975,21.695479024098056,8.252808944588685,4.942332151067764,5.949587570474919,-6.144092362412861,4.541469574866603,3.4559184499164353,5.479104421829414,1.4251507796284841,5.462906740094689,-12.724677370942858,7.265127850477663,8.804801005817852,5.490089608495863,2.2236554943573443,5.951386381857192
3691_20220825_1315,25-08-2022_13h15_HIVE-3691.wav,3691,14.0,HIGH,277,554.0,556.0,-445.05799084189977,138.76454021304622,172.04262960533737,37.57163120071349,-13.663392546367442,12.576767408156556,-14.985317929230602,7.469442898291512,6.454001330749182,5.187165973731048,28.912561164500612,7.102561868778933,5.714384260530189,5.054044400783168,-3.7153403799560825,4.656460278011978,-0.1648537001134934,6.155232153473495,1.9518424455469303,4.176110055341158,-10.152490242459974,6.486957494982771,10.910894100995431,5.954748271510957,2.374986034784018,4.909396736380935
3691_20220825_1315,25-08-2022_13h15_HIVE-3691.wav,3691,14.0,HIGH,278,556.0,558.0,-450.4668348154426,137.4202295157074,173.5397105769396,34.56540387586276,-18.092647339367872,13.191712233080116,-12.49409446265888,10.027973308548692,7.8757987687143345,5.006339822856273,26.0696275391018,8.175482228787061,5.271952199539797,4.6140403708294375,-2.913753664026307,4.232747873685865,1.2337227266796178,4.520432716551047,3.517830460140493,5.420220537918457,-11.491521760004945,5.456922899579974,12.128174744239608,4.849869297630869,3.5650969951964346,5.390884623913331
3691_20220825_1315,25-08-2022_13h15_HIVE-3691.wav,3691,14.0,HIGH,279,558.0,560.0,-445.3408462391076,134.15099121442353,169.59085339539962,37.63838338781967,-14.26591122112078,13.58695275413553,-11.44402464679842,8.538282997005943,8.779569748147372,5.4071238301793825,26.3741573961425,7.4484021802133595,6.65977785334349,6.038333378085482,-4.389535989859988,6.202394822884898,0.08510289533556188,3.82050956048608,4.359720183084542,4.720830653564661,-9.731394835975456,5.48104096246839,12.298450124632847,5.446246437473546,3.011504147301904,5.343630553676426
3691_20220825_1315,25-08-2022_13h15_HIVE-3691.wav,3691,14.0,HIGH,280,560.0,562.0,-430.46426285821707,129.63747026131276,166.69095044095823,42.56632089388508,-14.620748547356099,15.773440346858647,-17.393210055928034,10.002598978629202,13.94223196742726,6.3873994952556306,23.596346966659112,7.629700085419761,8.689989285340333,4.72966520168939,-7.814866427534214,6.107899510810014,1.1741214465090957,5.339173221124915,1.6270231194481068,5.714090044443221,-11.221640546379302,6.466595219132059,9.570871091951387,5.347193470433916,2.6279448033914545,4.937606739577915
3691_20220825_1315,25-08-2022_13h15_HIVE-3691.wav,3691,14.0,HIGH,281,562.0,564.0,-436.84712605341866,136.5583812033116,162.19700177664055,39.220124223807765,-13.8497564627203,13.210534367365009,-12.993494123799843,8.949103454171201,8.821653683057296,7.466063417958143,27.10888526160671,8.432769513274133,5.369005612430569,6.812612696257549,-6.150184675677367,5.735010407300497,0.8724995782279659,3.786025666210427,2.899080389178969,4.804059197300605,-10.215874379432387,5.84810546891682,10.5557102991452,5.359241890646757,2.2376123277128896,5.732797478757837
3691_20220825_1315,25-08-2022_13h15_HIVE-3691.wav,3691,14.0,HIGH,282,564.0,566.0,-427.6865691891699,140.32454345045107,167.88713691724098,39.54919201352114,-13.437534171051293,13.110324351627288,-12.572468165819783,9.81152032267135,12.576823167877569,5.6259706472716,26.10047799617544,7.672975088276816,6.1901496880837685,5.564379868998883,-2.974306052064361,5.220740468732921,0.8420045796729596,5.570836714070567,1.7189257759369885,4.640051170196461,-9.192386038511895,5.659540905650416,10.472653514771693,4.5741907098561905,1.2931931992599326,5.230909589066415
3691_20220825_1315,25-08-2022_13h15_HIVE-3691.wav,3691,14.0,HIGH,283,566.0,568.0,-436.63571782180253,135.42886807500477,169.06186203077252,34.47676373646384,-17.16743205982383,12.41201781455223,-10.185167088493527,9.376543613235503,8.666598402461752,6.3304894640782114,24.570570949574833,7.13857642041523,6.333060821662365,5.800712054244426,-3.8008252278009196,6.120075804413265,-0.09464682877036897,5.1253158945960395,3.2689711795037972,6.263390636980341,-13.421285057130984,5.543305453407957,8.95058341504341,6.372818065391226,2.088401970489422,5.148889040851901
3691_20220825_1315,25-08-2022_13h15_HIVE-3691.wav,3691,14.0,HIGH,284,568.0,570.0,-434.09056192174756,134.57911040348745,167.8610327303057,38.32882791847915,-15.68248252958025,12.663415900766323,-12.594334377900816,8.725915768558743,11.279056467432243,6.225179236964442,27.567150899866114,8.111947699390635,8.610245969029274,4.7831051314195525,-5.043169876625992,5.033003560868922,-0.6359839831275031,4.895866047794024,3.492574128357759,5.5866587509618135,-11.444907249717069,6.170314068340529,11.590795903652245,5.793889488529677,1.1728561070484156,5.27486392325604
3691_20220825_1315,25-08-2022_13h15_HIVE-3691.wav,3691,14.0,HIGH,285,570.0,572.0,-429.712611312245,134.60548613189263,168.24525719063138,40.48627763794143,-15.844216259385654,13.005921744387528,-13.922693816698265,7.92414074656864,11.325934170400314,5.723793846423059,24.358302127576682,8.226385897652836,5.882149166250356,4.207687502509597,-4.116907640993393,6.409032432956708,2.2753089803705877,5.139138262048477,2.7228080338266563,4.4114738876757835,-10.941007853919544,6.1628018011208665,11.340931335475945,6.095778749114782,1.3706490425486542,4.802023817301571
3691_20220825_1315,25-08-2022_13h15_HIVE-3691.wav,3691,14.0,HIGH,286,572.0,574.0,-416.0489659837967,146.53986690225886,170.07623666269004,37.05413078981866,-13.761656401429368,12.680686770595504,-15.72216516524126,9.935909108016423,10.504804776868976,6.764098883258,22.074798553210925,9.137546841194663,1.7679738582922597,5.9039807415921235,-4.157974185681565,4.239579300483252,1.153752403878011,5.652424943403285,2.962120998300324,6.405687176035096,-14.10105047670984,7.242644858254642,10.795338275566342,6.162981557864848,0.4419615615997034,4.66382507159173
3691_20220825_1315,25-08-2022_13h15_HIVE-3691.wav,3691,14.0,HIGH,287,574.0,576.0,-439.15760261478454,133.8732832882469,171.09408594675807,39.60444501051264,-16.887395280948013,12.284842600589343,-14.412803629707424,10.862467861977471,7.855657431854379,5.775065597454747,25.55440267733414,7.4282244717563595,5.583523300855556,5.5814012579704135,-5.276752601366121,5.078736082356004,1.7608538185130052,4.432646856983776,5.483057090959738,4.893037209948965,-10.301441784803,5.759364089094858,12.468459587063784,6.152701723880737,2.7010688448028186,4.720654714043669
3691_20220825_1315,25-08-2022_13h15_HIVE-3691.wav,3691,14.0,HIGH,288,576.0,578.0,-423.4252380925523,138.99178714660698,168.18010722055988,37.662289683206275,-15.78840672771351,11.498212731679667,-14.00958710927678,6.75509139833603,9.414222154947206,5.312391853025477,21.27312541022416,9.526264468695718,2.981352816248932,6.891212120764778,-6.708424705368489,5.585093418143146,-3.1047456317512965,6.746298861510669,2.183078250492485,4.534154982785751,-12.615443165047964,5.999263866958338,12.640860113575757,5.96060213943372,4.914061738812973,6.001056246665373
3691_20220825_1315,25-08-2022_13h15_HIVE-3691.wav,3691,14.0,HIGH,289,578.0,580.0,-430.18502312108023,131.4404334590205,169.44450583172403,39.2779943544421,-16.434058165130494,12.843694887757271,-16.030729634737067,8.753273632718736,10.312195616545761,5.89918343846242,26.816921418154262,8.917299497371383,5.220099798271435,4.897275118447711,-4.438353983633802,5.725632353382117,0.8814959851578286,4.70870588719837,3.2021595523618847,6.465229038797628,-12.583159577034875,6.031305732277039,11.177392537963966,5.9213176881897205,1.951517503955815,5.224386825338862
3691_20220825_1315,25-08-2022_13h15_HIVE-3691.wav,3691,14.0,HIGH,290,580.0,582.0,-433.11133130973946,137.5469100452295,168.92381392974784,36.40315194135079,-18.095498179288416,12.81168394971343,-14.916599812609086,10.170623172745687,10.217797901874365,7.098482995087681,29.1711023829353,8.959864424105474,4.825138702864225,4.880268351312367,-3.9090733456722506,5.0223512730924815,-0.2293062099721196,4.9101111969204725,4.63656115786473,6.162623684977106,-13.024362617437776,6.113333373912996,11.606637658292948,5.868612072575249,1.6882537824999169,5.321752149122984
3691_20220825_1315,25-08-2022_13h15_HIVE-3691.wav,3691,14.0,HIGH,291,582.0,584.0,-441.5692341620376,137.4415344672822,171.9735032661131,37.36341545823295,-13.253947609056565,11.018046731393005,-19.736580737101708,7.338553747205022,10.131838715863324,6.089329280696308,27.52058929311314,7.305201600353845,3.1871964312787653,4.125384649767326,-5.807754208579087,6.035191573826027,1.8836894081796909,4.754775355263245,3.911482188730785,4.121093548872926,-10.426990383714466,5.56450161106185,13.667805089497396,6.539228908743017,1.0711596310517388,4.6146720732575215
3691_20220825_1315,25-08-2022_13h15_HIVE-3691.wav,3691,14.0,HIGH,292,584.0,586.0,-438.859633255979,137.64148481350625,168.64416981380006,37.43498198264416,-13.534747814938676,11.105229837161582,-18.74472320790189,7.273369303959216,8.653215564154705,5.654694542912716,27.730948463512885,7.8394378800944935,3.6531619979319045,5.459846024922806,-7.4023242001136795,4.876053743083997,0.6621826235211485,6.104709448813549,2.96726128466998,5.199506342218052,-12.035347928512095,5.7856779111570535,11.250998602409357,6.901976682530716,1.3080884123535412,4.783104088264558
3691_20220825_1315,25-08-2022_13h15_HIVE-3691.wav,3691,14.0,HIGH,293,586.0,588.0,-444.9691964457622,138.62385890132083,173.37568675873356,35.318835442231205,-17.271325700250852,10.884998046873243,-17.137406887580266,8.187732722894193,8.869757909048689,5.214007885683487,28.170406525037862,7.029760584945921,3.9667043957492845,4.182011984719386,-6.546684138918229,5.310818478675577,1.3673223346493095,4.754338606746025,4.4802162824037675,5.32635137471525,-12.087565778446287,5.601283130715534,11.696850120995666,5.980783250032379,1.0587716669051028,5.719033503292915
3691_20220825_1315,25-08-2022_13h15_HIVE-3691.wav,3691,14.0,HIGH,294,588.0,590.0,-418.9076872290105,143.30445109851877,159.96785446173456,36.339631577535705,-9.825120877116099,11.241795074251483,-23.20776152990048,10.851286024311069,11.619738433065741,7.4339614367761975,24.159114964221057,7.986156651637205,4.379800699431189,5.527117225879634,-6.147866525694976,4.963041872285087,1.8407474295163189,5.491211460444017,0.9494558342960471,4.968974230820896,-12.219520953392015,6.488792665966379,10.70406234532313,6.442567440154272,0.5463359721899078,5.791250485596407
3691_20220825_1315,25-08-2022_13h15_HIVE-3691.wav,3691,14.0,HIGH,295,590.0,592.0,-439.57132175216236,144.9314752238263,171.81593736843394,33.99704925131458,-19.338012151042946,13.10075713445499,-17.636169879907285,9.083965297859875,8.478584566263372,5.950298576712719,30.347300109017095,7.614448359271298,4.516052102408102,5.859938306261993,-8.063925951875246,5.9479326296501185,-1.2384629761073322,5.841524396008226,6.102566070422395,5.336717003111553,-12.938056581146665,6.86364680590432,9.490209542211616,5.164798130372462,-0.5304338136258558,5.452944521269577
3691_20220825_1315,25-08-2022_13h15_HIVE-3691.wav,3691,14.0,HIGH,296,592.0,594.0,-434.27428308346015,145.99323088707516,172.39195892916155,34.088644614774516,-18.299665117859305,14.051464280282284,-15.293115371969764,10.798629805407767,9.332114545548967,7.206570737984297,28.988631264268236,8.067013704621012,5.077948784584773,5.4918367846402365,-6.521525489461321,6.131174130098107,-2.2450550170326506,4.741327436230939,4.727021854492444,5.284100579418088,-13.704122739627127,5.884845171632991,11.976500752597897,5.17632348321846,0.6218867262565645,4.396032693457436
3691_20220825_1315,25-08-2022_13h15_HIVE-3691.wav,3691,14.0,HIGH,297,594.0,596.0,-433.9518993380509,142.2922572495983,170.45500345518076,37.00592397046797,-14.62973438150202,11.309657068234722,-17.561208590622243,9.1353719865599,9.661123554300325,4.9785265646380505,31.237151239072258,8.343416716787063,3.331753979982278,5.112774551693282,-6.885401810729769,5.268753213884598,-0.7637557193663226,4.792158823443187,2.2441603885807195,4.743976930309417,-13.81072904760846,6.541393900963207,11.854937600715136,6.128157668706801,-0.4514085844837969,4.3343877865550775
3691_20220825_1315,25-08-2022_13h15_HIVE-3691.wav,3691,14.0,HIGH,298,596.0,598.0,-431.0344206395191,145.67194135791814,165.52848158535497,36.481816348132504,-18.640311771494837,14.158812497289306,-16.40762333994572,9.574074991411067,7.1374499034300065,5.770002663773351,28.612114940411306,8.771649648318498,3.1544502605002562,5.6847424580889605,-6.480515040090314,5.327991571254437,0.6980065136421953,4.452853852974349,3.986143084552634,5.058733512366816,-11.255650609390045,7.0649878890587585,11.695372541658084,5.17448708857978,1.1296377510557147,4.836072507173222
3691_20220825_1315,25-08-2022_13h15_HIVE-3691.wav,3691,14.0,HIGH,299,598.0,600.0,-438.9188552420611,141.68163180917094,168.00682233239604,36.61344058346675,-16.76645263555999,12.574805818781261,-14.798610757288849,8.671838295592783,7.706076132192421,5.895556427096163,29.503363213749264,6.865306384485484,4.798620147207845,6.076997442871691,-5.067072192642352,5.760372517882369,-0.7700223293863536,4.784635267823337,3.087082272418818,5.221668738882935,-11.938842723382155,5.874470455367756,11.8862803399173,5.638037334030564,3.1917494850223576,4.362734500646474
3691_20220825_1315,25-08-2022_13h15_HIVE-3691.wav,3691,14.0,HIGH,300,600.0,602.0,-415.0378424088643,143.62809101638948,162.96837108415878,39.91112474664132,-13.707067694823584,11.738913267246735,-19.351522338022185,7.632445352716528,10.373807225360007,5.513912398986123,25.775928818229133,7.157026035135026,4.37834856984512,5.1962400147285726,-5.608370292224283,4.734777222620922,2.8773260680876347,5.334514246107807,1.3495875788430611,4.4542806815763845,-13.314857833171141,8.425244005008679,10.327401091867623,4.88535124274343,0.3348127080010009,6.875733745186688
3691_20220825_1315,25-08-2022_13h15_HIVE-3691.wav,3691,14.0,HIGH,301,602.0,604.0,-435.8144978400819,136.81831034883862,166.5352170789247,36.485804627770825,-15.034806256799541,10.414274211129102,-16.518943158146836,9.494729419479128,7.940477921428611,6.275815691232386,30.857874812332394,8.208392074100326,2.6352985818100523,4.752416225638313,-6.30629514992032,4.447673851161538,0.6913259743519632,5.653621161287243,4.729867103164163,4.631158990956279,-13.137152632543055,6.897632652230532,12.590991582495024,5.467614167554842,1.7266651669850015,5.362869089191081
3691_20220825_1315,25-08-2022_13h15_HIVE-3691.wav,3691,14.0,HIGH,302,604.0,606.0,-433.49672783547254,136.03566539905216,168.08750057119732,34.86620672258429,-16.882807069357536,12.8790699009511,-15.406056376413702,7.9677272838443765,7.680823436720395,6.413744562287931,25.37671762012364,8.198140360543992,2.941943664801468,5.506989063021583,-3.874746520785255,6.255535144314115,0.3476104835642145,4.839694856832834,1.7584435873072028,6.039363862444861,-13.569705927377246,6.3842312476719725,11.72095500815034,6.238769302368872,3.554073111846713,5.871077057737492
3691_20220825_1315,25-08-2022_13h15_HIVE-3691.wav,3691,14.0,HIGH,303,606.0,608.0,-439.917048145216,136.93179976734436,174.83702519224894,38.912237984880626,-13.658012565125173,11.005984490424234,-14.503478677721056,9.067606745447488,6.944525960165851,5.657528217047599,31.37454984431269,7.60908079439732,4.256039233064486,5.136153377790238,-9.237129297587723,4.782284464531867,-1.4084999249136358,4.982025816597702,2.824963075287399,5.681325535736375,-13.243682133920986,6.683999514325819,10.316164847983247,5.347838042434432,0.9690297316969069,4.361004592515962
3691_20220825_1315,25-08-2022_13h15_HIVE-3691.wav,3691,14.0,HIGH,304,608.0,610.0,-435.9733367797478,136.59872595374924,170.85011638079152,33.9115844182278,-21.141226738058137,11.785111448938624,-16.777823204315347,8.139442124851925,7.440392263326621,6.039824814244041,29.03548366360197,8.756477507110484,2.6999975160376315,5.150345727836711,-5.157310278839391,4.488995627806869,-0.8947089366617205,4.94769495257888,3.8908863127262188,6.071697280589357,-13.903433954529572,5.792285011651271,12.707571396674211,6.221209976191124,1.9989290614930901,5.312103593131909
3691_20220825_1315,25-08-2022_13h15_HIVE-3691.wav,3691,14.0,HIGH,305,610.0,612.0,-436.77308119560905,143.9403301661311,172.43818420427428,33.882948134860904,-15.86528214063086,12.258425475639974,-16.381187200200053,8.062286818262741,10.119937278950845,5.529634031063329,28.860697288967103,6.910410649595884,4.851978667140714,4.445671329606321,-9.234936349824551,5.729970495575689,-1.7576887034843394,4.615020118023537,5.310535832737901,5.7026395151131855,-14.547518700172843,6.993306800720339,11.967368852110232,5.982959285495075,1.5345017605065308,5.541132382609609
3691_20220825_1315,25-08-2022_13h15_HIVE-3691.wav,3691,14.0,HIGH,306,612.0,614.0,-436.0724198655541,136.1799458696466,168.8218783882974,35.970305954933124,-18.45285018603858,11.794477432820159,-18.523809937122927,7.532100962785818,9.845493012299924,5.657358470943618,28.090698381217095,7.730723420605262,1.9026699550060162,6.039026932202531,-7.456836608285459,4.521001429624825,0.6717953366451513,4.801033981174326,2.5825492480296526,5.446549677264408,-12.689957552516582,6.080030526090666,12.23325968308448,5.3258686246538245,1.0199769232863392,5.173276262094553
3691_20220825_1315,25-08-2022_13h15_HIVE-3691.wav,3691,14.0,HIGH,307,614.0,616.0,-441.35609861129143,139.7968762833263,172.50954625638755,34.93047098623926,-13.955519158224643,10.280277862257579,-16.72525207889993,9.186686481198759,9.188370776149737,4.953888599258777,31.207979480960116,8.365112876891237,4.3886998781879925,4.439140898056114,-7.537361054148851,5.048435621103074,-1.183677183021938,5.147051463439824,4.973151234033967,5.2438513080515605,-12.254358307552634,5.93590989163715,12.456430994528535,6.375595667272983,1.1877561709301676,5.276563573418497
3691_20220825_1315,25-08-2022_13h15_HIVE-3691.wav,3691,14.0,HIGH,308,616.0,618.0,-434.21245473347363,143.89528843405435,168.74802880273663,33.61423321666266,-13.407131942655557,12.29441343395356,-19.652334602365485,9.244901113006659,10.84096362111583,6.602273042289831,28.600199214051813,8.554938225549519,4.590391998474655,4.907001398815033,-8.426162964185359,5.709764395048011,1.5903411841807698,4.849164198026079,2.29457604724687,4.9158596884934065,-14.001201358540818,7.111804483581762,13.410835657153239,7.070934331258752,0.3225672944794187,5.002850049579153
3691_20220825_1315,25-08-2022_13h15_HIVE-3691.wav,3691,14.0,HIGH,309,618.0,620.0,-438.97833955417116,143.26648171896338,169.86155752855242,33.151422999051654,-12.827149227727253,10.420817607065027,-20.569309841103863,8.487286330288503,8.729941178234528,7.769063387561132,29.567178633297562,7.792239590249364,3.0436085755114486,5.599632180082829,-10.15206856183328,5.67595003638377,0.22384689244924555,4.6789691548884145,3.206538503907405,5.447102708960136,-12.992789908164747,5.894979085541097,12.418763909589714,5.564108508962429,0.29784869905136835,4.11778205393122
3691_20220825_1315,25-08-2022_13h15_HIVE-3691.wav,3691,14.0,HIGH,310,620.0,622.0,-425.41382931259506,129.86928933937193,168.7659742342583,40.550088969989325,-12.817040834601283,11.337371229611382,-21.236725150579847,9.37613080349227,10.72672672794244,6.698437744007955,28.11577633980535,10.336879977619102,2.994201431662612,5.402902168579291,-9.679727516397342,5.178348838410078,1.5510847161588468,5.202853019074551,3.8192904948678463,4.549988409175168,-12.176486047481204,6.40019633985845,12.664481780612967,6.215506905461842,0.5846396494063216,4.2718687656879055
3691_20220825_1315,25-08-2022_13h15_HIVE-3691.wav,3691,14.0,HIGH,311,622.0,624.0,-437.50799718392733,141.53329550306594,172.3704992045698,34.36517802934196,-13.995222514503022,11.75049969165485,-17.578072230428234,8.207531296413233,8.936790658959774,7.6394762781977095,30.345961199968837,8.792386924240402,3.2137387510892896,5.76486201026387,-8.429535232581081,6.227285437169171,2.0383260360101954,5.172108001510379,4.197680654182242,4.731153797302556,-12.661732747672005,6.041313030333623,12.416547206422976,5.334594129014287,0.5649135802242597,4.697770952609999
3691_20220825_1315,25-08-2022_13h15_HIVE-3691.wav,3691,14.0,HIGH,312,624.0,626.0,-435.10700400490407,137.60489033943367,168.58205625637876,35.35800891427752,-14.245434023325705,9.894690231336046,-16.682601728292664,5.878865254125899,8.718592820630942,6.2108153644761295,32.187647053903376,8.650217388306453,2.5052157261895305,4.673616745202676,-8.480414691264215,5.140838786177364,0.16539453512850377,4.717704751578997,4.417687477516549,5.012480831323392,-13.043464048110309,5.981487750272359,11.106668196095775,6.404125079485535,0.06963113746190044,4.721773566602184
3691_20220825_1315,25-08-2022_13h15_HIVE-3691.wav,3691,14.0,HIGH,313,626.0,628.0,-433.8008139968561,143.631104946998,168.19251802384713,36.20804950325107,-12.737771065266333,9.49989005589367,-14.831296765628709,8.585080983674342,7.3052512349558265,5.783771888318307,31.21592225063865,7.573463347573166,3.9296277752179845,4.122079205496336,-9.697236440459506,4.888858745807874,-0.7886745385146486,4.974412748613993,3.4354657453301547,4.794101641010732,-12.976480225191423,6.32471405540879,11.48033442676468,5.635046930137528,0.8029143114728392,5.044958842165901
3691_20220825_1315,25-08-2022_13h15_HIVE-3691.wav,3691,14.0,HIGH,314,628.0,630.0,-441.0960995135373,139.60163301222426,170.40320045836623,33.89488507127668,-14.581882582960604,10.956672182501508,-16.919350008697887,8.35112254627625,5.484892323920126,5.292110140628017,30.596594396978595,7.570266607194775,3.5445205326445843,4.379646747841222,-9.051465710794517,4.950824254497761,1.5664681657471855,5.37105602228732,5.790982063582588,4.798376963130879,-12.098413921470751,5.856326638080068,12.108372479903482,5.499589228871658,1.099293948687613,4.045516365120235
3691_20220825_1315,25-08-2022_13h15_HIVE-3691.wav,3691,14.0,HIGH,315,630.0,632.0,-438.8125493974051,135.1041891706199,170.6700795501931,36.03733974529798,-15.645951881805164,11.926483309920286,-17.67272627029997,7.6271935923333585,6.8819085925011505,4.971337143997093,31.73760802901816,7.340061273151003,2.647503854308399,5.200048779915334,-8.041851824747239,5.5506902329358025,1.568043082438278,4.635658269078317,4.778225720228836,5.0348102870657625,-10.812150454006721,6.195612879521447,12.638532883969866,5.014879154671754,1.2441117505984278,5.034327935095098
3691_20220825_1315,25-08-2022_13h15_HIVE-3691.wav,3691,14.0,HIGH,316,632.0,634.0,-433.89673075501224,141.26670734756945,170.64203613773478,35.29811227613319,-18.086559384594256,12.582011080494228,-16.931380534512478,6.261827645057372,5.009221286837865,5.456747909059154,29.877863326315385,7.908540394767626,1.781882611501219,4.44035714439967,-9.76182075061634,5.563778430298871,0.14316070387335636,5.393953361239429,5.486279367387148,5.528668388805687,-12.530390940634897,6.046424207992044,12.227167790595812,5.637765277641202,0.017941206443188275,4.643804045968581
3691_20220825_1315,25-08-2022_13h15_HIVE-3691.wav,3691,14.0,HIGH,317,634.0,636.0,-433.95691651169244,139.5346777015687,173.68597850844913,34.72026569601119,-16.312918330838496,11.237052415356144,-14.001326882322926,7.19899935308975,5.601712085386617,3.693783668954587,31.121251060115664,6.820168277828242,1.940825289376283,5.576190201971989,-9.974178845303248,4.962428489778733,0.3885899699598886,4.206195403040839,3.636223219041491,4.920451371839177,-15.065558412514187,7.073355353781129,11.216264735224279,5.531745608845132,0.5689331183611632,5.212669362006712
3691_20220825_1315,25-08-2022_13h15_HIVE-3691.wav,3691,14.0,HIGH,318,636.0,638.0,-430.7882688950037,139.69992910722857,169.30951705546738,35.970810983609994,-16.751898260421097,12.378481433010652,-14.540260566457677,10.484838071989644,5.958203750435975,5.844763906535031,30.851326120783447,9.142972979250725,2.4649385779673496,5.256246769692782,-9.165761971038446,4.151604979621735,0.5765342101000983,6.020401493439732,4.558205108225664,5.110015581152311,-14.04919853114957,6.639034783611178,11.989524238965847,5.318328044703465,0.6564938496727352,6.09955817850556
3691_20220825_1315,25-08-2022_13h15_HIVE-3691.wav,3691,14.0,HIGH,319,638.0,640.0,-427.7725857480644,139.7258819290218,169.17035651265556,35.61919648116179,-16.265757883460406,10.344830565283752,-14.548113484583174,8.75478091325358,6.144378412159829,4.648432938386084,29.083529672226483,7.937689472293698,2.1250991804195762,5.689984226722035,-9.540507822141446,5.84955717539572,-2.043740497790591,4.7567523816092905,3.736194528522466,4.943957352261012,-14.93197159887208,6.4718108058325186,11.583510498598077,6.2515436831412545,0.0703778927544708,4.282540209633185
3691_20220825_1315,25-08-2022_13h15_HIVE-3691.wav,3691,14.0,HIGH,320,640.0,642.0,-433.69018689696117,146.25916440044867,170.57273960680007,35.005961362274846,-16.950984003155135,11.7128081340065,-15.082250828936532,9.126576585881617,7.555979200541275,5.609486182635047,28.125024595313235,7.5851000299667675,1.9538046017022879,4.820222259698173,-8.454059925528155,5.502398129894122,-1.1002497390321373,4.7240380910768565,3.413502389864079,5.780832470450762,-16.881204448684745,7.831361353272289,13.128204167150015,6.0718715819835145,-0.9073520452755521,5.597687105556894
3691_20220825_1315,25-08-2022_13h15_HIVE-3691.wav,3691,14.0,HIGH,321,642.0,644.0,-429.96060356352626,137.34392282890636,166.42828230864876,35.23501853324747,-16.268287235852167,11.459508036848554,-18.01604063585304,8.155898420828771,6.491904720262587,5.513858273855955,29.719010661497514,7.632847492991367,3.405351246464125,4.216057178211954,-9.448615237930373,5.586730069015263,0.8991593454814752,4.772868498531732,4.543688498262174,5.234091923169301,-14.400208424041109,6.239086055722322,12.36383162095135,6.480400598010617,1.0755104509089433,4.487814289458816
3691_20220825_1315,25-08-2022_13h15_HIVE-3691.wav,3691,14.0,HIGH,322,644.0,646.0,-436.53224522483004,142.67230426421057,169.01022587446215,34.1650694770576,-17.536717175855912,11.637078420686546,-16.558968121954834,9.046818655970153,4.2357930695284685,4.350361010365353,31.33157664304509,7.297522068208202,1.1491245801688872,5.14505187482288,-9.491532946973114,5.441764251270313,-0.5807263224425835,4.521295997904255,5.360026140454149,4.943655596433043,-12.954862097687553,6.1716621170644705,11.747221914279352,5.670532502302259,-0.4641827457053254,5.698981940846427
3691_20220825_1315,25-08-2022_13h15_HIVE-3691.wav,3691,14.0,HIGH,323,646.0,648.0,-437.6877534156045,134.66198750889308,172.61509576955385,35.81074624118634,-15.385129178532084,10.116974322235915,-19.644780673178367,7.227949050957804,6.498059704651021,7.7469092401063895,28.935569036397872,7.574360764145711,0.6894087831110152,5.004541077296125,-10.14441726343501,5.514354617130949,-1.773152909488801,4.523974484532166,1.7918963608417222,5.742060845561681,-13.883074617330191,5.335537408153595,11.252000945073368,7.169238160132016,0.202905488432784,3.32301454964637
3691_20220825_1315,25-08-2022_13h15_HIVE-3691.wav,3691,14.0,HIGH,324,648.0,650.0,-436.6274545543047,141.38291322691612,176.7246682448277,37.09467067841735,-18.005593025576403,13.878824595966075,-22.220442426744576,8.087540886201724,7.010423207501583,5.782579110726811,28.102411278747198,7.4278402499278195,1.475203060404964,4.517282640843838,-7.966951652050433,5.414477048882703,0.6465183626288129,5.361281372497714,2.6326725130214794,5.640228329432139,-13.242891813313683,5.410522442435263,9.780452079102098,5.539756119497168,-0.7358458622293893,4.9322385144408
3691_20220825_1315,25-08-2022_13h15_HIVE-3691.wav,3691,14.0,HIGH,325,650.0,652.0,-430.3935803734924,138.20969627833506,168.43298177863343,37.84819117015223,-17.031120679534233,11.98104651187681,-14.948594453930749,9.916222610581244,5.7457207990920915,5.44394552211357,26.530834124155085,7.437952217403848,5.301852368334392,5.96267306145072,-9.489641175907005,4.928939349827344,-3.3322167198613983,5.592185219389732,4.396833782812248,6.080636670224654,-14.262766193172121,7.05993037641832,11.205625430575488,5.888826873727856,1.5701091683015134,4.51624704255806
3691_20220825_1315,25-08-2022_13h15_HIVE-3691.wav,3691,14.0,HIGH,326,652.0,654.0,-444.7208998987018,137.48837021587474,173.7914341979853,34.88481176019039,-18.827044225416092,10.502880349301595,-16.318601970988784,7.36390657910348,5.672247423666219,4.7930728542137935,27.022630692654225,6.87319686191666,3.567217381756893,4.745286630711511,-8.92006473312596,3.98718327661497,-0.4812808706674598,5.226822940582125,3.063339057846203,4.706526414640445,-13.244841025227968,6.670185077061632,12.032108102321288,5.4349950737655615,1.8487582095135189,4.308372730228094
3691_20220825_1315,25-08-2022_13h15_HIVE-3691.wav,3691,14.0,HIGH,327,654.0,656.0,-440.7745126721635,138.2988752658853,172.0562924067177,35.289100881211155,-18.214663716499885,11.772568555880767,-16.922111176307578,7.516413480967654,5.2825798537530835,5.81804667417157,29.131488742162613,7.066949346030189,4.272383072401123,4.533254341187697,-8.275151609706048,5.5445686191831705,-1.3589912404856286,4.3304637838443005,3.567567238949402,5.6853644872456846,-12.241788965986338,4.796878053826344,11.712822215407291,6.068484751924952,1.164094130328233,4.781818190640568
3691_20220825_1315,25-08-2022_13h15_HIVE-3691.wav,3691,14.0,HIGH,328,656.0,658.0,-431.8275934794313,135.8961893061302,170.10151008802265,36.274516098749274,-16.27801085384092,10.942958874174817,-16.947108349532865,8.25859322973279,7.389331471127428,6.154235373865428,27.945891884158442,8.11445267292584,2.0888854729691206,5.640343978176899,-6.454649837385529,4.837847629640171,-2.3665062979799414,4.795404458718912,1.8406104476171143,4.95555581274107,-13.522884213755056,5.622061115075941,10.209287226236967,5.877538369256865,0.29857940114392667,5.558367009958556
3691_20220825_1315,25-08-2022_13h15_HIVE-3691.wav,3691,14.0,HIGH,329,658.0,660.0,-441.8513706251316,141.7790735643944,174.85578547236878,34.85854906325618,-21.054389800287723,12.329361359119114,-17.39266328048764,6.696310254506183,7.0562023455368355,5.549011358365299,25.779605590792713,7.441023340269679,1.1941938876418208,5.509336734283314,-7.816181201803695,4.644839023108023,-1.0860931636710816,4.530208823076796,2.0052017867533434,5.751962122088513,-13.012999086733476,5.51343919363584,11.588775188118413,5.88775306984366,1.81783430150517,5.559693786130464
3691_20220825_1315,25-08-2022_13h15_HIVE-3691.wav,3691,14.0,HIGH,330,660.0,662.0,-444.06400285117155,135.5302924223046,173.96228745227612,37.36622061009849,-14.26376328431054,10.935184499102332,-18.646172352093274,7.46632689046583,6.033050326821863,5.193092166703761,27.470320211973394,8.290233501772695,2.644441084335134,5.120904783198054,-7.394686145177914,4.392650435128831,-1.271829565228532,4.250123828918248,2.962567641296923,5.068218898078721,-11.412436817937598,5.299983635535553,10.976117457725161,5.596991103711919,1.6999987116343263,4.5963483318186755
3691_20220825_1315,25-08-2022_13h15_HIVE-3691.wav,3691,14.0,HIGH,331,662.0,664.0,-443.7354217218046,140.3164674986357,173.1831253199381,34.15968717170755,-19.723535728774245,13.48035513615782,-16.124874078419076,9.7484050523258,5.171930670775584,5.474609608442325,27.97950253764695,6.908284838071823,3.3022868996482937,5.124125660506502,-8.10754066028423,6.408470244357764,-2.5796139501521558,4.801578165249273,3.6256891748892963,6.1116014090832875,-12.19112420382695,5.446372814616198,12.597449370226979,6.09015501561798,2.2053109983632524,4.820932387120439
3691_20220825_1315,25-08-2022_13h15_HIVE-3691.wav,3691,14.0,HIGH,332,664.0,666.0,-439.3966960025585,140.93445524721452,169.8203750564666,38.019226885932206,-19.09742069220296,13.385766655768922,-17.05146218345682,11.27475891561906,5.7602546712981075,6.290225470769483,24.860410261838734,8.729125405871555,4.962124958867009,6.0931744019645695,-9.868821157765248,5.786280794545753,-0.520867762948221,4.91215423749778,2.803835740028833,6.111971303534248,-13.422819221710526,7.996061505750522,11.396202410539829,5.26383693310018,2.243881225536319,5.0816193616949175
3691_20220825_1315,25-08-2022_13h15_HIVE-3691.wav,3691,14.0,HIGH,333,666.0,668.0,-436.07775305230473,140.36117906678908,166.33800407436192,37.13316785809605,-17.75545266815903,11.016053329733047,-16.211496212711648,7.930177687313033,8.493689708557653,6.086129546698698,24.542436503309993,7.171063769298613,2.203980124537589,5.713989127262526,-9.069250692244813,4.746993131660027,-0.8187109984153603,4.919740845698922,2.3898766255351,4.840208512771759,-12.925986755967898,6.440911978712105,12.512397999574478,6.053366758883263,2.6744218766735295,5.044923040033679
3691_20220825_1315,25-08-2022_13h15_HIVE-3691.wav,3691,14.0,HIGH,334,668.0,670.0,-436.2308792574342,136.62431396590196,170.0872448107008,36.593527187514916,-21.830740859936153,11.568709939892708,-17.85307099702223,6.993241696017294,8.111415267290827,5.366001647353621,25.746214804401923,6.834082851023298,2.983471112073526,5.155677160017462,-7.443970770481663,5.672725814923757,0.4135136009103175,5.312953473580081,2.0011161124958554,4.796574397618644,-13.63751036101982,5.396535827880004,12.662231080969239,6.175428282266631,0.6690440342026278,5.005865140345219
3691_20220825_1315,25-08-2022_13h15_HIVE-3691.wav,3691,14.0,HIGH,335,670.0,672.0,-432.14376785146084,140.48172533389172,162.1247781530734,36.252312394375856,-20.88786836211586,11.988581980989181,-13.757505490751186,7.418071049850598,6.920631931804132,4.763168410496379,27.177353979484714,8.021137057487156,2.784673109151226,5.476807525496544,-7.90345821335592,5.249162731720304,-0.4306349240119969,5.0705997669817995,3.468019704219715,4.712290970714808,-11.627409348602562,5.132278383756394,11.837610309911591,6.173752811647358,2.475414055005619,4.955094715856997
3691_20220825_1315,25-08-2022_13h15_HIVE-3691.wav,3691,14.0,HIGH,336,672.0,674.0,-435.63074679077647,138.41713250540295,166.9083760277213,35.894774694039626,-18.576436027241858,11.488536184393352,-17.99552089403723,8.389786050716028,6.9550578038748005,5.527939999767272,28.25712652311931,8.11354031258011,0.06078861723750555,5.18249112301198,-6.824158672414612,5.576937501556095,-1.2614402645891163,5.7464539942247574,2.1404031390374985,4.997646770121578,-12.56075401280322,6.124986713366349,13.747656941831263,5.901285848044908,1.297123688146779,5.524276505942544
3691_20220825_1315,25-08-2022_13h15_HIVE-3691.wav,3691,14.0,HIGH,337,674.0,676.0,-426.4656305500047,142.42278761229295,169.02087634852438,36.162257640496236,-19.03393203045714,11.884686077284268,-16.746530771918934,7.6134067978849504,9.430196372020202,4.200974373799485,23.56436567131573,6.744141690874581,4.866974217262983,4.817981384250705,-8.574788842951783,6.154048506068615,-2.8912462368434246,4.258630518385352,1.9782436984153982,4.58262333543682,-12.398892789826423,5.523757528533817,11.752339655637039,5.883324873071629,1.4600671835300318,3.8809974706225194
3691_20220825_1315,25-08-2022_13h15_HIVE-3691.wav,3691,14.0,HIGH,338,676.0,678.0,-432.5265875114072,139.03077269197487,169.38057339924907,38.63166426452688,-17.27814367409017,13.82295496409517,-13.930159748769546,11.278156648697133,5.328096795137168,6.2778472395456895,23.484612062168384,8.246869354585415,3.204240720075277,6.788975484218303,-6.96980921715544,5.501815255418746,-0.9950342891496289,4.45304158019744,1.9700452649201745,5.923382045130387,-14.364037381975884,6.07106142224051,10.267755612519258,6.830145226124927,2.050103267155414,5.358150701767616
3691_20220825_1315,25-08-2022_13h15_HIVE-3691.wav,3691,14.0,HIGH,339,678.0,680.0,-421.8606225782493,143.7976586939396,165.48639023557567,38.139640436229655,-18.85866031791673,15.957091780596546,-9.503661630299218,11.242045200481483,7.2204569045951335,4.35966414276747,21.72803780574613,8.537304379457852,2.9034396263565485,5.0990392915022955,-6.782992257970611,5.499463242051717,-2.589899314139882,5.651287706151421,1.0758239238205318,4.759070733167008,-15.070182384043973,8.068694608551441,9.783362247001442,5.6032183624817655,3.1067340692408463,6.121073456853601
3691_20220825_1315,25-08-2022_13h15_HIVE-3691.wav,3691,14.0,HIGH,340,680.0,682.0,-426.5717061048376,142.68701732284444,167.01944433788674,36.300388151945164,-17.727555600445935,14.324189271345976,-11.788033365396796,9.124899423533048,8.407823590269093,6.349919189222775,21.062023551319204,9.038206301190854,2.6806137706066,6.1065135194652385,-6.543538192852315,5.336803405887522,-0.8675847611942926,5.689703678979591,0.4918941946913652,4.931603735702071,-14.436503043979148,6.631807011338099,9.849140824463285,5.342477085969988,1.446689920023817,5.469184915700617
3691_20220825_1315,25-08-2022_13h15_HIVE-3691.wav,3691,14.0,HIGH,341,682.0,684.0,-431.7651259099081,139.48357845024572,172.1481107522159,34.918453926320595,-18.951217863354096,11.648118283103233,-14.980921109505957,9.735415211141508,8.539488252124253,5.825429197262703,22.785915484002693,8.311306164098774,3.287708788651567,5.8312142780319025,-7.709747043656932,5.31098877105237,-2.140499048357173,4.575589492757753,1.7911213072482002,6.444107173524421,-13.903785999335813,5.563556670076568,12.927190678801201,5.316791831346003,2.3851946831955635,4.592359438715726
3691_20220825_1315,25-08-2022_13h15_HIVE-3691.wav,3691,14.0,HIGH,342,684.0,686.0,-426.5080068427051,144.31537033544146,166.62480916018637,36.0281690277907,-14.509498230267415,15.55022673076863,-13.084043776037843,8.036635437859424,8.118473114323995,5.727438748421087,23.99130486086274,8.352018130006073,2.0090210926810226,6.011529601676377,-7.437318526728963,6.084774588928835,-2.8504406966992764,5.204836715030872,1.6912001155086973,5.194201197935374,-13.475524164386483,6.086503127801675,10.5647177244656,4.9953757255782545,2.0086085081065566,4.679295951463804
3691_20220825_1315,25-08-2022_13h15_HIVE-3691.wav,3691,14.0,HIGH,343,686.0,688.0,-420.37772594679177,140.15433627018555,164.34821146439242,35.560878287705,-16.430075374931747,14.180802417666294,-15.072108013510137,8.204228056991248,9.699251240313432,5.273131122120257,22.912143949522342,9.890543868741629,4.496950503862416,5.71869057382105,-6.373454158843101,6.094173568373856,-4.0899062514373234,5.374055818447844,1.7824064187049498,5.540474903943862,-14.255585511844426,5.986692902985233,12.048878816146393,6.426027279836456,1.2319304222984084,4.05739885830211
3691_20220825_1315,25-08-2022_13h15_HIVE-3691.wav,3691,14.0,HIGH,344,688.0,690.0,-430.73343164092284,139.74684569624426,166.0326372542162,36.405869521106,-15.203561280849174,12.01632207684306,-16.129697053810883,9.806274217361771,6.824919948908471,6.969668667783486,25.66258725729883,8.09018450730704,3.4801560894974526,4.288202587734914,-9.024056115571103,5.341271272843268,-2.808750005497688,6.113004425890519,3.397113557199062,5.092091359132794,-12.456586019012828,6.203730684718694,12.106395134477824,5.641739351699952,0.79031068120388,6.6942698511297865
3691_20220825_1315,25-08-2022_13h15_HIVE-3691.wav,3691,14.0,HIGH,345,690.0,692.0,-436.60174619436316,138.3630794230289,173.86300158771897,35.4142477344234,-13.451055816124542,11.051432906525749,-21.744879647947712,10.788072993009958,7.309335097820642,4.716662165378025,27.718322769965514,7.645031655910823,-0.19195176223393787,5.906714371446375,-8.41005069475055,4.714236074094884,-4.169920888615489,4.86141111426007,1.6324514573473259,5.261862897641373,-14.523968076392912,7.104969912318774,13.148989706664738,5.772938982282558,-0.04287967218489582,5.207531875900463
3691_20220825_1315,25-08-2022_13h15_HIVE-3691.wav,3691,14.0,HIGH,346,692.0,694.0,-431.59655512416674,139.05960030907065,170.8356074023782,36.923787752892714,-12.548705878644036,12.413866654932034,-17.86345215300549,9.567800691118746,8.822124286482172,6.423614210147841,26.776548981741264,7.619828403993975,3.8633843962632213,5.303993903877736,-8.413281950438185,5.868465284228114,-4.694022092320706,5.683407390882002,1.9813960267434734,7.291547803645164,-14.721170543325886,7.169433595019613,11.964960612051879,6.735022508425536,1.2497523731747942,5.765383737021747
3691_20220825_1315,25-08-2022_13h15_HIVE-3691.wav,3691,14.0,HIGH,347,694.0,696.0,-433.3021621784976,139.52048978958328,168.3965800044651,35.50256675864306,-14.098394714618735,10.848007640398908,-16.355239884360145,9.24788223653503,8.97943264003857,6.549949457912805,25.675699523999317,8.561804286596855,2.069213247011674,5.683067168826559,-9.742516001430744,5.134051619956907,-4.035655465025465,5.537982948138014,2.726396221880769,5.927352563000933,-14.333335178640827,6.20965471145099,11.387279489889487,6.0922804324301305,2.4031594745833638,4.979954235783537
3691_20220825_1315,25-08-2022_13h15_HIVE-3691.wav,3691,14.0,HIGH,348,696.0,698.0,-420.5678546673196,141.766770636032,164.72277820738304,34.56827128853514,-7.662906466129375,10.328175053990602,-21.57144575025781,9.613973662413626,12.25006844465535,5.954681156418293,22.24263542213544,6.900584242249026,3.855118121153597,5.118772670005753,-10.838764265667272,5.368090059541214,-2.601698250931233,4.57153069723073,2.176282532781337,5.280077952681331,-16.55527656770661,7.295474037197396,14.17294511680338,5.176932292896966,-0.7902553854068239,6.258843489770795
3691_20220825_1315,25-08-2022_13h15_HIVE-3691.wav,3691,14.0,HIGH,349,698.0,700.0,-421.8716138214508,143.58335878527922,166.79291835404194,34.78195142832462,-14.292052213218753,13.894020895320898,-18.90903387822837,11.417037768117696,10.092486449166351,6.051933282837842,25.610669083173953,8.642454958137542,2.9605239716290983,6.134698277690961,-9.596221668607456,5.129206573369425,-1.9663124248912165,5.437798689557082,3.411029225726029,5.758691422390956,-17.176125834054215,7.343597706536996,12.909400071904512,5.863745662139819,0.1804307012741144,5.669302395260492
3691_20220825_1315,25-08-2022_13h15_HIVE-3691.wav,3691,14.0,HIGH,350,700.0,702.0,-424.79025826151593,142.48703134859446,166.09442111012723,36.58059913901205,-12.607204984297406,11.575927539167692,-20.235164909483284,8.39431040798076,9.143506682227647,5.4463535525875235,28.54147104959004,7.532558414581455,2.501413352718394,5.113942341254343,-8.465218861296348,5.183035973416649,-1.5569755640853757,4.89257243673428,1.5091290400926496,4.752896984290821,-13.508836386421317,6.24067870573556,13.635656516115414,7.066293644199043,0.3182015450238823,4.825308253915261
3691_20220825_1315,25-08-2022_13h15_HIVE-3691.wav,3691,14.0,HIGH,351,702.0,704.0,-423.6372607969064,146.0432919262156,160.2015889836469,35.4760194986934,-13.256915560812944,12.121924070948372,-17.227685550148728,9.401871497763947,9.173842816288417,6.245883372854187,26.94640033176416,8.364557867325464,2.2936444724023515,6.7344414131289625,-7.8860375443765385,5.404729247219015,-1.0273380239237695,5.429069848152536,3.5897628531499786,5.273645469514335,-15.06851163443578,7.152783981663558,14.089468775717787,5.507434392992335,0.3965813241191573,5.347031250793075
3691_20220825_1315,25-08-2022_13h15_HIVE-3691.wav,3691,14.0,HIGH,352,704.0,706.0,-429.53060786239456,141.6439531734249,170.35104913206646,34.834046317497496,-19.58847720808281,12.343629311206305,-12.898984807273667,8.514325151914953,9.901626922691431,7.218125872889771,24.105742477501522,9.714500010162862,2.148769267118304,6.152879336334992,-7.076822182069767,5.50503738774752,-2.038882306579994,5.46954474356667,1.0550918224093562,5.921390527346405,-14.966019104890346,5.545038965795763,11.341994105322119,5.7153306335044345,1.1947239505609173,6.034378531542852
3691_20220825_1315,25-08-2022_13h15_HIVE-3691.wav,3691,14.0,HIGH,353,706.0,708.0,-421.35346486087553,132.59556379170726,163.75934731705485,37.453151499654,-14.81086188319792,11.531119776102319,-16.21805226812571,8.127030416433964,10.381235528897822,6.838802824500483,23.525994870629933,9.977346218259854,1.4371713217306343,5.953934954784239,-7.262199804019601,6.789578165703638,-2.2066223701452694,5.309711879936864,-0.010477096737979126,5.898267402160983,-16.03826241609904,7.745166843626005,11.266490871155137,5.989835025098339,1.1393125361717957,4.462666223171636
3691_20220825_1315,25-08-2022_13h15_HIVE-3691.wav,3691,14.0,HIGH,354,708.0,710.0,-371.64375520901393,139.8405034306958,149.53943792098048,53.89607670651228,-3.829400454413417,15.712027842462586,-13.71935445321151,10.800113835564185,9.950993954038912,7.5235278783786645,16.363943494773146,10.001934961357101,3.3734848300933264,6.580021921743655,-8.052844174913517,6.177809426813996,0.2278929860106926,5.824298047330254,-3.0157382840384357,5.416585134387156,-11.755281694372629,9.411697781863905,7.147857551719075,6.2204544129875785,2.9850487195307567,5.069980663613746
3691_20220825_1315,25-08-2022_13h15_HIVE-3691.wav,3691,14.0,HIGH,355,710.0,712.0,-416.8258419590717,138.6829558129657,155.30494671682354,36.15738499937532,-17.797640481657016,13.957376508051231,-11.493594570931034,8.872403882286962,11.32066415103286,6.931405482826974,23.405072309572933,10.552399162622633,3.933966681422555,6.930135323196508,-6.038444133462204,6.321582055143097,-1.87003070102049,6.241189182305691,-0.04511218236381426,5.666012706943717,-14.826264419272166,6.815917381262727,12.108287190817974,7.334917263810307,4.157387997704775,5.272342166694263
3691_20220825_1315,25-08-2022_13h15_HIVE-3691.wav,3691,14.0,HIGH,356,712.0,714.0,-379.2567912271546,143.23021018943166,147.95030299464915,39.1509637037572,-12.880582888703186,14.995311949073281,-12.615093376733387,8.735446002952235,9.60199511868913,5.543095647621463,18.90171717609319,9.57304823876414,4.502269459761783,6.693410336964118,-5.313278460708265,5.94397821677137,3.0531887257780337,6.520120251757802,1.742070123386383,6.133831430471903,-16.864590834850468,9.783384131238423,9.457742850195649,5.890946425833915,4.2860893409134695,7.30673434597195
3691_20220825_1315,25-08-2022_13h15_HIVE-3691.wav,3691,14.0,HIGH,357,714.0,716.0,-423.02561531756606,131.23538741273748,149.89353699351207,42.58126117029372,-10.781476786141614,13.567974717469003,-14.887162070997784,11.565286672798372,8.65771954406958,5.450365121691461,25.089919476698057,7.8317190351596455,7.064735188876392,4.962220431434376,-7.195854440627215,5.378725143702143,-2.152537798976982,5.157403074488751,1.8051397865967675,5.386259969730641,-13.517684828836789,7.680600212267876,10.237158901590794,5.23099235417329,4.951062365307595,5.14253814546245
3691_20220825_1315,25-08-2022_13h15_HIVE-3691.wav,3691,14.0,HIGH,358,716.0,718.0,-392.8938282756744,131.2999615088586,146.50166634659453,45.08494322622779,-8.131091510484053,12.450545780387774,-17.008637923355558,9.4450650780443,13.534485475785223,6.832421684262471,21.704440519886823,8.516317593205255,6.0605814619898215,6.52945331928233,-6.88038015855651,5.978203708352538,-2.503098860704717,5.1702670638594235,2.4531497089103658,6.748758678656984,-13.545259116148019,8.188221208088466,9.921512176554222,5.8621945453026285,2.5957024427348583,6.341923410347602
3691_20220825_1315,25-08-2022_13h15_HIVE-3691.wav,3691,14.0,HIGH,359,718.0,720.0,-412.63365453319494,142.04156715350527,155.9277000462487,43.13809651642384,-11.653878124300153,11.26904720775814,-14.93411244534535,9.887785648787228,11.738744456415684,5.91950177288087,21.93292021198138,8.399564240283556,3.4023452554177593,6.705427120434272,-6.4908581639790395,5.80355874066074,-0.4717395637860147,5.389484480135927,-0.8347993934820322,5.360470076305328,-14.583307336305902,8.265667585327492,10.745761691905669,7.012771495060725,3.4556269853508392,7.0193418801852605
3691_20220825_1315,25-08-2022_13h15_HIVE-3691.wav,3691,14.0,HIGH,360,720.0,722.0,-437.3665361733313,142.67866415486841,166.78687024098085,37.64510120357568,-15.545474484559477,14.525397594650586,-15.099705396849844,7.957511143666514,9.000406415415569,5.805047085775954,23.521740836195473,8.470579688741092,4.045463621439189,5.291855246179072,-6.3045730516289495,4.94709006415984,-0.5744797490042434,4.7735643561242425,1.670355428630726,4.539688157295163,-12.649061158728886,6.0968785539577945,11.083532083751583,4.893352237142978,3.793734438948211,4.304524344110776
3691_20220825_1315,25-08-2022_13h15_HIVE-3691.wav,3691,14.0,HIGH,361,722.0,724.0,-435.91283134938755,140.7062568762789,167.251197039546,37.32582500043411,-15.886124627978722,13.047155256551363,-18.36915090026337,10.108109352095289,9.026997243833746,5.410323888402236,23.46733587605693,9.156690129880285,5.288177546397376,4.642680875388969,-7.077913525998603,4.660869988386481,-3.0380624108170524,4.917772319039188,1.9741447548063986,4.464040345121272,-11.303457349872936,7.140269106011062,12.071157837148911,4.486034651638218,3.39547549564059,4.842758839501728
3691_20220825_1315,25-08-2022_13h15_HIVE-3691.wav,3691,14.0,HIGH,362,724.0,726.0,-434.13774945945465,121.43022302627735,162.12604756662074,40.07101085714874,-11.075035203034599,10.690911996665765,-13.164482909764452,8.995423375195205,11.522772311345399,5.6775949318751335,29.544754157382947,8.213702260793646,9.321150618773768,6.840176565576255,-4.452439246670197,5.166599834188258,0.022049806027283514,4.844022691889617,4.967917182398976,4.582291308555647,-7.932758091514043,5.684544446140973,12.646013960629725,6.277126528081879,7.233216597152909,4.960966796605823
3691_20220825_1315,25-08-2022_13h15_HIVE-3691.wav,3691,14.0,HIGH,363,726.0,728.0,-414.3647783919024,127.02841251227296,157.43361096492865,43.93962879233715,-14.834214517590338,17.45295772999925,-10.443499573222576,9.45434852900499,12.713402898709736,6.460234443349325,19.505192301328933,8.232203171482121,7.2112683798465795,5.875822646113604,-2.8403239966959553,4.780085916860852,0.9585033972252271,5.894815182950325,3.080822496979941,5.692579884383601,-7.745392845455368,5.126288158381952,10.780008950441772,5.805527029441775,8.806548923717516,5.571253011987397
3691_20220825_1315,25-08-2022_13h15_HIVE-3691.wav,3691,14.0,HIGH,364,728.0,730.0,-437.096181443261,137.2571751361119,165.5585202157242,37.20076099425512,-16.881175216235818,12.412998550917495,-9.899941110134298,11.009179416092786,9.385583816039656,5.9954677735919315,23.2740020289654,7.1260717877332835,4.598972685376498,5.418877640505669,-5.220314405415881,5.703070307534019,-2.420973384634532,5.777908779498901,3.7286822412048934,5.965861518273048,-13.811969681041116,6.421840171050103,11.668926772653101,5.834582491129922,6.890653343193721,6.141046336785369
3691_20220825_1315,25-08-2022_13h15_HIVE-3691.wav,3691,14.0,HIGH,365,730.0,732.0,-429.19567568819747,140.45341286844874,166.70651485749988,36.85842851850954,-16.913768001899335,15.330646562991413,-12.629401995522825,11.99344195030589,10.213083304955935,6.264601000987379,23.86798522773741,7.174850060873643,5.554512258875971,5.529872925663131,-5.959760077226867,5.8013922447228055,-3.177615622004537,5.147220528196343,4.407855441685876,5.555815210014472,-15.02880326123016,6.650702424183321,10.830545810444786,6.130447794580838,5.023944743364526,5.488444814777897
3691_20220825_1315,25-08-2022_13h15_HIVE-3691.wav,3691,14.0,HIGH,366,732.0,734.0,-438.7547695341094,137.25523985727528,165.65841278390243,35.81701100644175,-9.876266415912273,11.10514892628094,-14.648081648839074,9.181643221508507,12.115994546397038,5.824115492624932,23.79822476919484,7.452858317476811,5.88703106470354,5.178616809657839,-2.991730591436885,4.3947199740918785,-1.207604783817269,6.163372354767066,3.4234962100065487,4.873271822904573,-13.650150804834729,7.142939085945767,12.821854285759164,5.676694793287881,2.1487241788788958,5.367166696674843
3691_20220825_1315,25-08-2022_13h15_HIVE-3691.wav,3691,14.0,HIGH,367,734.0,736.0,-423.4574939107862,128.22129764000888,153.90198530030847,37.10549884841333,-11.533424979406632,13.396329217582153,-6.338661218905626,11.77795608046217,10.184408051816023,8.046800312516138,16.253951419387427,7.17707362368315,9.225841397683729,6.075525041974138,-5.261103620197313,5.6599627107535415,-2.3866846494780734,4.666833931007125,3.4097132461286184,5.362044612002989,-14.948883293392631,5.535839627823987,7.9719981274412,5.555945040378373,4.595488725148868,5.336520666738493
3691_20220825_1315,25-08-2022_13h15_HIVE-3691.wav,3691,14.0,HIGH,368,736.0,738.0,-442.1980234017391,128.5433932142819,157.46899744181064,40.18277631403556,-8.309477506451865,13.152939755928106,-12.612608508570139,8.393232703102406,9.430593912844149,5.095879441884553,23.35487756275175,7.728949211409085,5.142340942557259,6.307595142664795,-2.6896589407588007,5.78486076947802,-0.7288934968107234,5.162255399969504,2.819000254793924,5.625262660231018,-9.72704201561839,5.772579116297327,12.079411739257898,6.9705087399727885,5.898119569772621,4.757708612106328
3691_20220825_1315,25-08-2022_13h15_HIVE-3691.wav,3691,14.0,HIGH,369,738.0,740.0,-439.7055543220522,141.43734183866187,158.3669809372216,37.73892966934794,-14.731779030722311,16.297197169792415,-7.999995817075136,9.040376995044035,9.259542945416431,6.062607239651157,21.804941334654682,8.230114194076206,6.200584545083339,7.9768549295441735,-1.4471892594897342,3.788788428781154,0.7467202579404275,4.896511203463265,2.194139807611299,6.9327380864605574,-11.228007472190527,6.883967927434643,13.11496962723314,5.322476134348882,5.5397716644261354,5.715748034643482
3691_20220825_1315,25-08-2022_13h15_HIVE-3691.wav,3691,14.0,HIGH,370,740.0,742.0,-426.87600121957416,134.43405315522944,163.01074367861952,39.20160781140383,-11.16032316270316,14.88741169274889,-11.323364709439854,11.400580744294382,11.71317686733119,5.287446737919461,22.90021595691536,8.275244776418475,8.731962980138674,9.143130716478368,-0.26112607588730846,5.311478921609742,1.1127299574664304,4.969882582697724,2.5097256426623735,4.951035149506815,-10.46351160852321,8.0589047492831,13.297904695073886,5.666985174194401,6.597181375632225,6.160640318794813
3691_20220825_1315,25-08-2022_13h15_HIVE-3691.wav,3691,14.0,HIGH,371,742.0,744.0,-437.61480230721355,126.31692909737349,159.60988284414702,39.12375050962986,-7.916145967860094,11.61775659962268,-11.161187521990962,8.976555131631455,10.183250222253934,5.008899040312893,26.48296912102789,7.169434288607327,8.688085646548107,5.32668645876962,-2.4013189934351744,5.140172342025732,1.8702938780034786,4.817530184520849,5.2713075721454725,5.603597905724104,-9.264181416063971,6.013665751872028,13.191335771296778,5.033509874236695,8.347675859120766,6.764525141134432
3691_20220825_1315,25-08-2022_13h15_HIVE-3691.wav,3691,14.0,HIGH,372,744.0,746.0,-434.4360991964728,130.93511899196528,163.1128992899965,39.41533743490536,-12.065674185459285,11.610403626201895,-11.133297834970463,9.626588065856502,8.15976439467491,7.093020147924531,21.73345989763664,8.008654100918461,2.8336686597527008,5.508522961370587,-4.645148771075892,5.33945797377118,-2.7316952102690446,4.993222678522619,1.4972513650516097,4.482935032660457,-12.02308695594,5.713037666360744,12.06922054961944,6.166052932088724,3.3478657586897826,5.667754377591469
3691_20220825_1315,25-08-2022_13h15_HIVE-3691.wav,3691,14.0,HIGH,373,746.0,748.0,-438.01078906398806,129.14292986901054,165.46591576770183,40.5107134470201,-6.733454515774163,11.393221997937548,-16.151464938440903,7.897586661486174,6.7660570158178235,4.6057863135171155,22.981120785103343,6.263176893788324,6.979644547962152,5.467945378324083,-6.036730900500219,4.791373762676601,-3.0423181840160813,4.3519626669317315,-0.7514644966055178,4.876965365773535,-12.218133144763124,6.516446358017524,10.327917921091743,5.153477014442366,3.9151982942497128,5.19783962442471
3691_20220825_1315,25-08-2022_13h15_HIVE-3691.wav,3691,14.0,HIGH,374,748.0,750.0,-431.54097310522576,136.4468979501031,161.85855770304366,37.49690365684966,-14.69723654079016,14.042587683558851,-15.725116686419222,9.600832487154568,10.428690804744871,8.86118591660655,21.06984212177666,8.668995325728279,3.152789289885673,5.73477997244182,-5.338964265679003,4.588607005113636,-1.659702166031154,5.300819313797194,-1.3203457666636063,6.209725270862912,-13.77882650773046,6.365912089051712,11.834305404822702,5.14959971792626,3.4538176285146442,4.787803118538364
3691_20220825_1315,25-08-2022_13h15_HIVE-3691.wav,3691,14.0,HIGH,375,750.0,752.0,-438.08623015718547,147.3434332591675,165.5875555728182,33.34525583659883,-19.737181799020053,14.386743345725598,-14.164265912417457,8.977942411737716,8.547225443359697,6.580384790990391,24.676943812543268,9.06242672941732,2.920798569230393,5.7186579023109045,-7.871216737771278,4.798712707540148,-2.6721869758915475,4.696738525756562,2.055736972779102,6.039373792535758,-13.26892770060169,7.09647995313629,13.0224850138259,5.619220686015518,3.0091348803888445,5.550480826378003
3691_20220825_1315,25-08-2022_13h15_HIVE-3691.wav,3691,14.0,HIGH,376,752.0,754.0,-439.54318183281447,136.9092239729459,168.15855970988198,37.97630341015502,-15.559010487620387,12.807809077357723,-16.891064338070755,6.738368701754525,8.237941469044618,6.51671653548249,23.185803107811626,7.340328185243349,2.9399665943425606,5.2518830982048055,-5.903305309683277,5.162353859633413,-0.42276914391285053,4.8605362922152535,-2.042676327435316,4.559224093994124,-14.078100329658302,6.352628470638352,12.487942445740293,6.29784940783878,1.9457617903604065,4.833025035686809
3691_20220825_1315,25-08-2022_13h15_HIVE-3691.wav,3691,14.0,HIGH,377,754.0,756.0,-445.8488900161781,130.50147049136444,169.25477939359195,37.31669458063291,-14.00982508276847,11.41106440815459,-20.511994368683226,7.467202307879206,9.306440622053065,5.739328805835069,23.864242461569358,8.718503949330701,3.9637521340838395,4.499364270312551,-6.383884746696187,5.688139693883063,1.2847457305232357,5.107600512905512,1.0310114976942413,6.297900886448692,-11.702727465146237,6.14877047321679,13.346243952415458,5.7384726104224155,0.009507042013878196,5.1749723781544805
3691_20220825_1315,25-08-2022_13h15_HIVE-3691.wav,3691,14.0,HIGH,378,756.0,758.0,-452.4533820052459,141.26735977865863,168.0712618109943,34.98918921047985,-16.429103893237677,13.038739496015985,-17.726753186506375,8.644689550414093,8.48335702022796,6.740145437153798,26.159961403461516,9.08314208411513,2.265672380293166,6.145400578759842,-5.2049873210721,5.445263494937448,-0.05440775784174863,4.235282012632913,2.160629886026303,4.734336619791651,-10.612005194173598,6.193785337128093,12.989831831116474,5.368987826351328,2.5033484743298593,5.051869551387192
3691_20220825_1315,25-08-2022_13h15_HIVE-3691.wav,3691,14.0,HIGH,379,758.0,760.0,-446.4738342698721,134.5667836682573,165.0506891267272,37.61702416124717,-13.723085772654857,12.40705314385628,-18.15261603125167,8.303071914517462,8.172155215694538,5.917816868003782,25.15191978185247,8.225627587364755,5.654805591832888,5.523235909006215,-5.706592380273033,5.209208661680907,-0.09182203969344307,5.601399792270271,1.6769548197176298,5.681391447245651,-11.500930199257002,6.054330259626581,12.322799313747618,6.0189014404383325,2.4743977203456002,5.206849152434967
3691_20220825_1315,25-08-2022_13h15_HIVE-3691.wav,3691,14.0,HIGH,380,760.0,762.0,-414.6386542784561,138.61793930680378,166.56139920901828,40.34179294070728,-13.91005322821416,14.039787758480117,-19.293317533127485,10.29678176822288,13.257827416596912,6.58739316225431,24.594000185761914,9.64513920937882,6.020549768287453,4.399807327911139,-8.513744289991434,6.015981300911671,-3.7449599578364396,4.681446242457022,0.8416778976288346,5.1369369893398025,-13.842495304830189,7.4767897935028484,9.778079411502203,5.01771010571393,-1.3593713503371638,6.100661774823712
3691_20220825_1315,25-08-2022_13h15_HIVE-3691.wav,3691,14.0,HIGH,381,762.0,764.0,-438.0210256366255,130.39695688508968,166.292229369811,33.210283453297386,-14.84929985152019,11.415836905997233,-15.207601685559409,6.774311040080139,9.165754895685799,6.813415915486433,25.102691965229784,8.375679907619459,5.295391474867227,5.190194974103194,-5.143812404871408,5.703902553301715,-1.0832702510649859,4.609433297132433,1.7505983374114638,6.286829655441327,-12.897464666709263,4.756381075794095,12.489210572857822,7.669611846180262,1.8614896973536241,4.944071334927299
3691_20220825_1315,25-08-2022_13h15_HIVE-3691.wav,3691,14.0,HIGH,382,764.0,766.0,-447.5507908174139,134.88063630817055,166.7092221873558,35.11962784266334,-16.787559110544443,11.869259377881995,-17.399438632739987,7.384823313140936,9.877231005503424,5.954459009334221,26.673711782585748,8.963963552873405,3.793746628199081,4.821110516117695,-6.147746127179917,5.888911559154716,-1.29285717121647,5.244151088092326,3.0397232916627255,5.0843720886116115,-9.569775340456761,5.365524485628464,14.452998513312897,5.874423695678727,3.3783777969283433,5.150178135644393
3691_20220825_1315,25-08-2022_13h15_HIVE-3691.wav,3691,14.0,HIGH,383,766.0,768.0,-438.53935482373583,145.0542864992796,166.48560578615508,35.4953157292434,-23.418952520311915,16.921196556568137,-15.977371414156385,10.011753039556686,10.236932190927755,6.729383233902049,26.053055118388627,9.662658922230289,1.1004706275955307,6.519554320462267,-5.876964776154057,5.929922024191756,-0.40906389107943963,5.632114917652837,0.8673209041196343,6.410222367607843,-12.574131697720157,5.9558303080792605,12.190060535048053,5.4430037530178526,2.606639305714767,4.339239120713993
3691_20220825_1315,25-08-2022_13h15_HIVE-3691.wav,3691,14.0,HIGH,384,768.0,770.0,-439.2986700658668,130.9065328359804,168.51284148876977,37.7864982067298,-14.668938229510099,10.3402550099212,-20.646383470383803,7.946815078980776,10.590459112247022,5.70475427572473,27.243967314840468,8.198980070795294,5.820986947021645,4.078106624500154,-8.177765737322805,5.203804668807139,-2.3873342972876923,4.892012185198163,2.5752336871934505,5.4038074600905155,-10.952731681693875,5.860921033958874,11.155978344168359,5.474646146637309,3.0946815842077804,5.514744205304581
3691_20220825_1315,25-08-2022_13h15_HIVE-3691.wav,3691,14.0,HIGH,385,770.0,772.0,-444.0270603740929,133.5548391336437,168.26986962337153,37.70906736701975,-12.409187912855833,11.840815988932627,-16.78884289388676,8.193683735798865,8.461155079399848,6.158763827264013,27.033757181587195,7.246662443391436,4.474613919358625,4.031061977667546,-5.513191489386975,5.695419089400282,-0.5287033487601224,4.888798137246756,3.0087291825358666,6.990733493241305,-12.061444794593498,6.359249900758547,10.594099285813854,4.486847254709142,4.889695093790364,4.869438368911268
3691_20220825_1315,25-08-2022_13h15_HIVE-3691.wav,3691,14.0,HIGH,386,772.0,774.0,-441.81215642405436,134.86301359847863,171.312368428678,39.402070157809305,-13.62539409319079,12.271529294410467,-19.577099941270838,8.341466268050308,9.07719301583581,5.4159795526011525,26.282523369512607,7.18376071396746,5.788419293735312,4.581070370794807,-6.296394264012441,5.42474841625006,-3.32844817268134,5.201666399693576,-0.5429298060806594,3.9842082983832063,-13.508473704647791,6.844093737436764,11.24682076155057,6.180409816900322,4.172984927411631,4.970771386851725
3691_20220825_1315,25-08-2022_13h15_HIVE-3691.wav,3691,14.0,HIGH,387,774.0,776.0,-443.32508940231844,139.56396051823555,165.49001459180388,36.07562661902696,-15.25515559521635,11.018437850067926,-13.941441503307884,12.558848545107132,7.982988246372433,7.409684700235975,26.429587777735662,7.229884040083791,3.3976288983436373,4.627035760175721,-6.584304460997284,6.337905371613246,0.3709544418981848,4.00625670352701,1.2099406551703187,4.754393557003278,-14.100235398759333,6.256484870061631,11.753837838774592,6.06932134270573,2.673879606029049,4.100798008986886
3691_20220825_1315,25-08-2022_13h15_HIVE-3691.wav,3691,14.0,HIGH,388,776.0,778.0,-426.77679883727694,132.92830423219783,162.70951090560928,41.20481736072616,-10.049298348209607,15.197426173919276,-15.714267964871498,11.663300991968534,11.238214274522086,6.704249768059155,27.91594299939958,8.132074603818044,8.004378004377555,5.499664656311344,-3.5699098634300377,5.120938055622772,0.679413717228132,6.387569425349021,0.8476495809984165,5.37409452977813,-10.635879020822554,6.8799914985331965,11.91194894053047,5.95282081069804,3.764819170888325,4.94995506873218
3691_20220825_1315,25-08-2022_13h15_HIVE-3691.wav,3691,14.0,HIGH,389,778.0,780.0,-441.08484323068154,147.07004127063584,164.9711484565935,36.70093351063688,-13.17366249281034,11.864328713449384,-16.274022550387656,9.171375107920031,9.133908959208828,5.675854449326922,23.273847322268647,8.25077561407098,5.652058403281898,7.0508074965900605,-2.288774164962267,5.13691879992116,-1.6789995219539755,4.723643809450421,1.0328619197780056,4.97352735692546,-12.046715083399583,7.271966831446394,13.135417948919706,6.081776091326978,1.0630323321954644,4.434192342629594
3691_20220825_1315,25-08-2022_13h15_HIVE-3691.wav,3691,14.0,HIGH,390,780.0,782.0,-447.3807822959456,141.87597472804535,171.73635879134176,34.962274901232014,-15.051589801787731,10.48372087894314,-18.11531595650372,6.799751850076456,7.144525864433929,5.240615981479203,25.418239903390234,7.411117632277806,4.481451900948268,6.153091868704918,-4.6433987846326215,3.9435057977734838,-1.7332292008404193,5.764591799677201,0.8235811681172465,4.440048342779082,-12.556089310248492,6.84144479975695,12.353270866463808,5.2766031183439495,1.3217591175988548,4.338874653414997
3691_20220825_1315,25-08-2022_13h15_HIVE-3691.wav,3691,14.0,HIGH,391,782.0,784.0,-444.72469462801706,146.5518253949801,171.4051585239334,35.935415940110154,-13.951697286664839,11.45373652367151,-16.608361682964006,8.31521196033792,8.006421455977977,4.4252158844899485,26.43962793890389,7.0342684185837285,4.140534659715322,4.880439418185965,-4.066616298971523,4.596700277952505,-2.846315729692066,5.3688466838548825,0.4393889316030036,4.695507178798623,-12.252924290693107,6.0360813402642854,12.082667139150931,5.731909268277182,-0.5615950860346876,3.909850734907258
3691_20220825_1315,25-08-2022_13h15_HIVE-3691.wav,3691,14.0,HIGH,392,784.0,786.0,-446.52465422861025,134.78917812714963,166.5127907310829,36.39998047530783,-14.291025108481318,12.035883541344427,-17.257765662509932,10.697128853513187,8.069417673243017,6.281430701623775,24.60861149512867,7.769025163642894,3.434975382037123,5.311749037764636,-2.905653943955946,5.067419585613357,-1.5424378264836647,4.924073464167526,0.9514012536760897,5.732457589266827,-10.978391691290355,6.000323564985493,11.992513319939711,5.683817872914822,3.2037440889280018,5.014951873467797
3691_20220825_1315,25-08-2022_13h15_HIVE-3691.wav,3691,14.0,HIGH,393,786.0,788.0,-443.81701734021067,138.01213247859843,166.02786238251124,38.15966033171758,-12.472352100372163,12.26993296192747,-18.40455030964711,9.17286715832166,9.277287212834567,6.430108117008127,25.71810093090251,7.920677202598386,4.116166041798535,5.054198790963183,-6.459912185167122,4.493497119478299,-0.1893504466262393,5.485637741229389,-0.10073418730456724,5.405552837844074,-11.689545708277869,5.968639855964233,12.21598636665189,5.949758782710352,3.5627525838474656,5.356740998385044
3691_20220825_1315,25-08-2022_13h15_HIVE-3691.wav,3691,14.0,HIGH,394,788.0,790.0,-449.8167073562414,137.16782054316516,168.42006061796906,37.064155865630205,-13.199525978136776,10.847234965864965,-15.046127699248608,7.8362924719314035,9.461647433016193,6.552927448383092,27.448108955594776,8.538129165571123,2.307633508012195,5.915275069932601,-5.653041713535749,5.415058124346355,0.521668483662466,4.726064863742677,2.1222583993578925,4.094403138565848,-10.274010019873606,5.875985661335879,11.788317710793809,5.707126893978696,2.7021108234433666,4.656183647875266
3691_20220825_1315,25-08-2022_13h15_HIVE-3691.wav,3691,14.0,HIGH,395,790.0,792.0,-419.8228832255811,147.83212185177032,158.5971642360592,39.328121841924236,-10.07618651118353,11.256927466176315,-15.808621968425173,8.745349746453451,10.555040127330047,6.199557340232294,22.64154636825327,7.904475729815362,2.6088062070378655,5.696823796631815,-6.839322718693874,5.498606910560572,-3.735234295478213,5.308985530803153,-2.332196544758135,6.594614703197446,-12.525740754331705,7.297685925626909,10.448734848831274,5.358913377663706,4.3624124647284415,5.924041981469503
3691_20220825_1315,25-08-2022_13h15_HIVE-3691.wav,3691,14.0,HIGH,396,792.0,794.0,-427.1796534403058,135.24104939295214,169.39831945016007,33.76517892161019,-12.267999395914005,10.491946773670051,-18.28683286131607,8.465802709109555,11.569316576218725,5.700021143967816,22.618821540496743,7.530707398386009,2.5672850262669886,4.764014875173769,-5.409606421849018,6.0252064330758595,-3.1092773754998695,5.518207163262301,-3.3438965683683595,5.571898068089374,-14.379070152030758,6.246301159799852,8.1491971994483,5.598686886272027,1.6789339596400061,5.7342636843611725
3691_20220825_1315,25-08-2022_13h15_HIVE-3691.wav,3691,14.0,HIGH,397,794.0,796.0,-435.20040651201447,143.00338985828432,168.20481019329284,33.22958737512714,-17.32354058102283,13.83786389169337,-15.27374285373072,10.84744859817226,12.506916293464439,6.346046160701343,28.244744668770903,8.629019099461024,2.5218055886636996,6.255180576534791,-8.398179143705844,6.470009632838206,-1.9525366261480415,5.648623727553593,0.6281057040204416,6.758557515824444,-13.691211207748365,6.208199332937912,11.459251906858563,6.271898191693565,2.6679993676663445,5.632102926610512
3691_20220825_1315,25-08-2022_13h15_HIVE-3691.wav,3691,14.0,HIGH,398,796.0,798.0,-444.1466627963343,140.69478554548786,173.70789611514806,36.6770562062172,-15.619626919903084,13.955257777464546,-15.883668690586084,10.238870208088358,8.65155041460883,5.765213593513368,24.85259832562705,7.607755581679496,3.5969821891343408,4.000123494203778,-4.291280786418856,4.127732868444347,-0.5870395913650629,5.014460619683372,-0.476992805420706,6.013164755682848,-13.033454721756375,6.174088687450455,11.351791712662793,5.826612758835781,2.7769556783644846,6.170209559635265
3691_20220825_1315,25-08-2022_13h15_HIVE-3691.wav,3691,14.0,HIGH,399,798.0,800.0,-433.35979157394553,140.03969018198313,170.00059124660496,37.134069545828844,-14.53748894028133,12.419882602430441,-14.791346528268235,9.076565023329158,9.79491528643053,7.1932729722474935,22.278522650880827,8.06818426106732,0.8246018325384344,5.560993957772795,-4.984405197222471,4.662996147387275,-1.0969144448421966,5.630731028993115,-2.6319911219971632,5.014585605746948,-13.759070725228728,5.929966067000736,10.256764980271825,5.515426922456142,0.19846412435284644,6.2240552796591135
3691_20220825_1315,25-08-2022_13h15_HIVE-3691.wav,3691,14.0,HIGH,400,800.0,802.0,-441.44169005078976,138.44652877482906,165.44225983292074,34.64031026300294,-13.289432184034023,13.59953653273074,-12.10089943627361,10.011207126903829,9.088365140454052,5.339305705425071,29.09872073590135,7.927199712935177,3.668331724077474,5.351110200585026,-6.147856211876822,5.555692272416208,-1.1569020328188306,4.898464411963405,3.841848850189411,6.5998639691743515,-12.412569614533489,6.3956204184160095,11.886765338216875,5.1059716196472,2.522340053386919,4.868180779040384
3691_20220825_1315,25-08-2022_13h15_HIVE-3691.wav,3691,14.0,HIGH,401,802.0,804.0,-433.2455286828072,134.13639630810187,161.5495121986261,36.59832107109177,-15.61135744498493,11.576246196422206,-13.838728494286814,8.241730312579302,8.767849985488002,6.320245184425395,28.701621779429864,8.33530428777693,4.561132562271572,5.16028050217216,-7.326452890866675,4.7334536316816935,-0.43909081512369236,6.036597209732245,3.5039382497918514,5.223221544529859,-11.554292996465296,6.393464968908985,11.461697069950329,6.0000547324453715,2.185820215303664,4.274860072473205
3691_20220825_1315,25-08-2022_13h15_HIVE-3691.wav,3691,14.0,HIGH,402,804.0,806.0,-411.81076305030206,138.7445229860539,159.51283687428477,38.35820951973905,-15.667770219083835,11.659158955710073,-12.01830306452166,11.462508378314235,11.81743695866438,6.671145163790378,27.29250459023664,10.014622911572657,5.59031766085885,7.9319775434431765,-7.809519739229981,6.55304310399052,0.8067741023188912,5.912284320912735,3.4539093723553966,6.07856594238154,-13.676709649992297,7.151893350428757,10.159958394571534,5.165407694278405,2.5770651251647743,5.606646020989585
3691_20220825_1315,25-08-2022_13h15_HIVE-3691.wav,3691,14.0,HIGH,403,806.0,808.0,-431.2478900429499,127.96933114895678,164.7234646141716,38.65255550209256,-17.4112014827509,11.98395513035609,-19.546310753707754,8.55979631890399,8.672217252789737,5.429354744389942,29.91637780438639,7.971250366197256,3.2591890853415473,5.0714206422663075,-6.839819564833621,6.001117127497477,0.30639656561654466,3.941200476565757,1.3916377733285588,4.113115352024464,-12.613441133957036,7.598515482547098,11.384544325259512,5.4634447343449235,3.7219125406803655,5.547601999175599
3691_20220825_1315,25-08-2022_13h15_HIVE-3691.wav,3691,14.0,HIGH,404,808.0,810.0,-429.3340383658746,136.17468465730076,163.18557645268922,37.53443194999674,-17.44534036208532,12.66347677477339,-17.010840377334308,8.653707651845945,10.281430546214626,7.0827572071216816,30.583795523841975,9.139790628971214,6.665287886415892,6.119723176262987,-6.11316060199325,6.99255511605379,2.9759218068674413,4.7445602489829195,1.6909356596328378,5.577382317508241,-10.261735344068414,6.7589359970106875,13.508515362007213,6.171927890789762,1.8221906228357398,5.743110820373846
3691_20220825_1315,25-08-2022_13h15_HIVE-3691.wav,3691,14.0,HIGH,405,810.0,812.0,-436.5343273980274,133.46906554066243,164.12958744785132,33.200558349968674,-21.316383926804534,11.526644233432686,-15.675610456844252,9.238786130767542,8.768186599618693,5.959243834576569,27.250112290234703,8.934108784677777,4.941519659326628,4.799096887304305,-5.149415018055815,5.64029300760434,-0.5112204524495407,5.384417612725265,0.2881639089984057,6.186859301977609,-11.367347959452319,6.118544697843313,12.134949290005624,6.216796245078017,2.3864285627836104,5.922053090677004
3691_20220825_1315,25-08-2022_13h15_HIVE-3691.wav,3691,14.0,HIGH,406,812.0,814.0,-436.37388882369765,126.43049503154484,161.93628732915877,38.994848732972336,-15.647342797628689,11.265007600648984,-14.650619073707077,7.325166651007446,6.043060983293997,5.001963483974473,27.82769447951996,7.755086552744331,4.249321881282615,5.417803385224499,-2.1959595436024086,4.719687681001624,0.9947484732979854,5.592977813257103,0.8156206142147543,4.888352208061107,-11.204337884327444,4.980471230381592,12.966247019672728,6.100536161201229,4.536864884202261,4.8057938350130085
3691_20220825_1315,25-08-2022_13h15_HIVE-3691.wav,3691,14.0,HIGH,407,814.0,816.0,-425.19930221210024,146.73683796888295,159.3498220072301,39.43891161085394,-15.845928934759808,11.949141165298835,-14.138296733200898,7.9681628561737226,9.603063315531706,5.602756154475435,24.029661664949117,8.326800319621885,2.5713116320020766,6.994669430138235,-3.5815293867806313,5.30290074831884,3.8648926438339744,5.0226319957875685,-0.7610336569858991,4.868776693355049,-13.226708640681592,7.030248114551503,14.737608766972226,5.504540579887635,0.24214700586098328,5.583457576525233
3691_20220825_1315,25-08-2022_13h15_HIVE-3691.wav,3691,14.0,HIGH,408,816.0,818.0,-429.42806135073033,149.6100359745967,159.70654691138242,35.25453579391579,-19.30181442696988,14.013538963644624,-16.167269435910004,11.32615159950997,7.195008800811625,7.590983084723663,28.26845632001883,9.129934227048224,5.442533231448455,6.034614759500792,-5.319909989252336,5.413294856569822,1.2908079756112307,4.238481162705478,1.7555494005727854,5.401052709425659,-12.509329481806645,7.008914800676368,13.293254047759438,4.997553308793561,2.29706979822987,5.202291876369411
3691_20220825_1315,25-08-2022_13h15_HIVE-3691.wav,3691,14.0,HIGH,409,818.0,820.0,-437.97765644834453,141.38108546741896,165.68950941913747,35.945772547030224,-16.656455187268314,11.617117439878177,-14.138620990483469,7.668189140180435,8.317563469925084,7.351924184345252,25.78177438534421,9.523613512924463,2.0912885908461942,5.353194619121566,-5.634453227249293,4.949815732283311,0.8964591656015983,5.435964969237592,0.41523459541279767,5.574951120602893,-11.38852777941293,5.501437577179832,12.170348001717384,6.1962400719549695,2.0815813968126866,5.377148449764067
3691_20220825_1315,25-08-2022_13h15_HIVE-3691.wav,3691,14.0,HIGH,410,820.0,822.0,-443.6832429432607,138.52525440497368,167.91851737582132,34.0895698274584,-16.728063512930014,11.872106441651395,-15.509012785506773,8.049536920602472,6.897652511256996,5.034424195659227,28.33821575656838,7.78497346149784,2.4243233160322686,5.48114195509991,-3.7903596413151868,5.009709246216869,0.14695118744824998,5.480646930382452,2.5869847658614904,4.427288636738012,-11.886219941335979,6.209115753115196,13.506948040522406,6.558174018501546,1.2003925817558985,5.090578207446478
3691_20220825_1315,25-08-2022_13h15_HIVE-3691.wav,3691,14.0,HIGH,411,822.0,824.0,-440.73889385693604,135.0838665209481,167.82530182477942,35.079437715282154,-17.016923867775922,11.514808255721254,-17.185048443815802,6.852169815610395,9.522309239149141,6.259397492763478,22.580610980230563,8.437640107195916,2.795568672223411,6.860741184001945,-5.716697670043996,5.583635989304796,-1.3080872106189427,3.8482460856871827,0.9452372626489094,5.750467921845344,-11.517413206915531,5.15089521120603,13.569931371508092,6.319338020238981,1.6283078952238055,4.628053866836021
3691_20220825_1315,25-08-2022_13h15_HIVE-3691.wav,3691,14.0,HIGH,412,824.0,826.0,-426.14396480466735,144.12907932022304,161.73837790337006,34.6502163409188,-17.042027171835013,11.882174350626466,-16.21785054580719,11.297839020292459,8.766818717672624,5.6796220029571325,23.97759713556494,8.410203502081666,3.687779945811017,5.518961228345612,-5.371923489148539,6.036562689159609,-0.8800623914958723,6.353346803827048,0.5171192699787778,5.1347000046603375,-13.179175383843441,5.971693429616059,12.475165596539956,6.153615124268251,2.1815576164912773,4.993155605409056
3691_20220825_1315,25-08-2022_13h15_HIVE-3691.wav,3691,14.0,HIGH,413,826.0,828.0,-438.82150817196896,139.37091249966068,166.76931639931163,36.12027002575169,-17.006145553212562,12.18750018227366,-14.468382276811525,9.001913033876699,8.863644532319094,5.641235900872568,27.43208083133141,8.448190560123406,2.012816157360293,5.5164547167082265,-3.1200875588436667,6.459364104801585,0.9616898500466623,5.986434023315851,0.4334145853747428,5.042592149603929,-13.953682538523935,6.362405817832276,13.718547344851824,5.462049385738947,1.1560767018063227,5.8783916685281286
3691_20220825_1315,25-08-2022_13h15_HIVE-3691.wav,3691,14.0,HIGH,414,828.0,830.0,-418.25496551225564,135.2599012343018,156.65837481862314,43.3780117064282,-6.295631215833857,10.333527586250081,-14.26014303534261,9.278066931300591,9.43312171761661,6.2266493678663934,22.05051224641399,8.900790453760509,5.163182261154477,7.556024189116456,-2.735511485859274,4.775670476982439,2.8583913860127383,5.691344308596866,-0.6509297580208532,5.120491324568429,-11.421937240626955,7.3832555024209805,10.84209268178331,6.241842897002613,0.6083926622217409,5.438802801132826
3691_20220825_1315,25-08-2022_13h15_HIVE-3691.wav,3691,14.0,HIGH,415,830.0,832.0,-436.73514799584785,141.63812071959325,168.8829782079511,36.72131013001882,-8.83864813105457,11.030914298614082,-17.55959269656062,9.451979429061844,6.432501117737068,7.500245147574013,24.310007786242203,7.490060020478233,3.656994783700564,5.317079050539665,-7.002289065385888,7.437817476093562,2.5114146255525998,5.198767109202878,0.20582482717628744,4.771262188176671,-11.698746922725315,5.490969614706768,12.878853300590665,5.558333475631431,-0.4507012797356286,5.504179799112257
3691_20220825_1315,25-08-2022_13h15_HIVE-3691.wav,3691,14.0,HIGH,416,832.0,834.0,-432.599762295115,143.06822020456366,166.96972918210693,36.26294272069326,-4.520296748008103,9.346956616338593,-19.642336884683623,7.705831196920327,12.441072631930098,7.31548978046781,24.45843130500211,8.473857526019625,4.505563652486894,5.8894497147881255,-5.607517383943333,6.019629584393387,1.2977074206995327,6.537160924191788,1.3905850281185428,5.352731628890624,-14.344503363510498,7.902041336960096,12.641788509448084,6.0740406701104455,-0.10417110708151145,5.806259260393423
3691_20220825_1315,25-08-2022_13h15_HIVE-3691.wav,3691,14.0,HIGH,417,834.0,836.0,-435.49668865212595,139.85074940135988,167.814993797188,38.17223790785056,-11.924156936928846,14.14522400716817,-17.07682938461137,8.010768722591028,9.089755364956515,5.481878717246199,26.941733508961033,8.267920652158274,5.794729500623184,5.745402177444602,-4.28292678012991,4.986586374259789,0.7456412038497098,5.5698205764614075,0.03592494017849948,4.257385906096378,-12.987488491450334,6.109118066759657,12.222715338088088,6.25399124817877,2.9986372877005523,4.515470787493575
3691_20220825_1315,25-08-2022_13h15_HIVE-3691.wav,3691,14.0,HIGH,418,836.0,838.0,-443.45613240923257,135.71419946124706,172.39337756097626,36.86535302623768,-9.549154473915996,8.246308242407093,-17.46289568924198,8.457873695791928,10.294321030983019,7.2048960075327635,24.79383243613399,7.410897686486495,2.6237360743966156,4.954865845045669,-5.702083139994435,5.6234265186065615,-0.6783899840841945,5.660894165878824,0.9017030549719524,4.42451010454782,-12.82954135603961,5.300458880682473,12.563433958821248,6.336981411491556,0.3341892197200804,6.138371509863187
3691_20220825_1315,25-08-2022_13h15_HIVE-3691.wav,3691,14.0,HIGH,419,838.0,840.0,-436.7329025101321,140.14936648747278,171.80862432617846,34.952442732354726,-9.8967132321109,9.678916343189613,-13.172941863502317,6.5125538723060155,10.147213846234562,7.054070781860524,24.649038829226555,9.055810004250892,4.181403039857127,5.112378519251629,-4.286543615471938,5.514438789533361,-1.2825319158876893,5.638932859526182,-0.8096859543318223,5.383074830191833,-16.487221641648055,6.166623851541157,8.96633755594072,5.773414133737361,-1.5128560307424066,5.775772664248122
3691_20220825_1315,25-08-2022_13h15_HIVE-3691.wav,3691,14.0,HIGH,420,840.0,842.0,-433.56971869138744,134.9037448204503,171.35563094653847,37.038400172761456,-9.536045241654984,11.934493495041806,-14.26962954033773,8.617810232707885,9.565339613470593,5.896242641639419,25.485215099840808,7.930373665092828,2.874114657250239,6.308054229896433,-5.073071568550031,4.954659922185805,-0.9039294283943193,4.902954449519128,0.6732941472678451,5.923201413141222,-14.394385105642018,7.246158734710724,11.686317584526536,6.337585200045498,-0.3215488993541094,5.617454927844803
3691_20220825_1315,25-08-2022_13h15_HIVE-3691.wav,3691,14.0,HIGH,421,842.0,844.0,-435.7251011559387,135.3041994050038,170.73353525425583,38.54270798568839,-9.384582986469697,13.501695251102008,-15.390129318814136,8.157492974748939,11.393177962044552,6.495333086649339,24.921912271149907,9.98162846827568,2.6640516073227647,5.490914910862963,-5.013198903103821,6.397903557886667,1.4795548669724488,5.500211672158441,-1.2606780825510056,4.974215873992235,-11.84940394033074,5.923422143013927,10.94014286567351,6.790830704753007,1.7146903147536532,4.578180631280317
3691_20220825_1315,25-08-2022_13h15_HIVE-3691.wav,3691,14.0,HIGH,422,844.0,846.0,-443.03016196082285,134.037575717432,175.07581924268,39.97420161792248,-9.059398546778851,12.23385541527458,-15.78586321811049,7.616251292196104,10.64473673162236,5.080112528297028,28.03684197381122,6.678790504486043,4.3598594328335825,5.441838695145505,-5.422138494727221,5.774849359675251,1.3675360842652384,4.522124000700435,1.3264389905974439,4.771024073557878,-10.714652786828665,5.970343415507855,12.350489522843043,5.642887994021818,1.4141221807003894,5.792993214053663
3691_20220825_1315,25-08-2022_13h15_HIVE-3691.wav,3691,14.0,HIGH,423,846.0,848.0,-449.5005259958322,131.88640837398873,172.76175879441732,41.0019872418014,-7.569674929321675,11.533779906362973,-15.679707312909242,8.42278337224222,9.309581047644679,4.066494259245588,25.207592235112838,7.261151427539526,4.952673632843199,5.048418848320425,-4.0346942740721925,4.73635414171647,2.9371209267022476,5.1446104919160245,0.65782214166102,4.8854876127237326,-11.753655007836675,5.618262848361611,10.309542641036336,5.477120367317978,2.892813232383536,5.177352401887998
3691_20220825_1315,25-08-2022_13h15_HIVE-3691.wav,3691,14.0,HIGH,424,848.0,850.0,-436.1543307289368,139.70022220212667,171.0393918583355,38.73795099199861,-7.18266109350253,10.674078850451776,-12.636653923341216,8.289194502383632,12.484425796302153,6.16937129111746,24.099918997059703,7.523672398064906,3.7822908950803296,5.6496649989107715,-2.687606582728708,5.326155993902404,2.3933355179175106,5.221861228829819,0.5660423905863855,3.9442779977923204,-11.47257153824276,6.6624069258232685,12.888226415323981,6.137298098311608,1.6585883179809748,5.543230129371519
3691_20220825_1315,25-08-2022_13h15_HIVE-3691.wav,3691,14.0,HIGH,425,850.0,852.0,-448.79161803079865,135.47229433022488,169.5261940844197,36.178310059613146,-9.036253939389614,9.304782801308512,-15.84988620204551,7.3646775602912,8.047334336002134,5.525802878351745,26.506955493686053,7.1153317495159625,4.402061588242122,5.678709759155251,-5.3309795601130965,5.086116073509849,0.31953553154933173,4.337968989625215,0.7315771762389475,5.697648818800826,-12.700280384435374,6.5793745682385945,13.45919466136292,5.088387854025271,1.2397646993435925,5.76018923339309
3691_20220825_1315,25-08-2022_13h15_HIVE-3691.wav,3691,14.0,HIGH,426,852.0,854.0,-446.9914890618347,143.94898549671504,173.00771983913987,36.357081484422366,-11.79599417093919,10.45869064216732,-14.918076578564957,7.292733524098033,10.209573628486167,6.151241674303658,23.85974012106715,6.381655576643642,1.9461232809481204,3.8851636034208274,-4.530663761525045,4.771356147261196,-0.33544982858721817,4.287855847791589,-0.7743086748682452,5.308241147590391,-13.763297758575272,5.5842112073908625,12.490092031293978,5.10979220874337,0.2787060712326607,6.277750746798898
3691_20220825_1315,25-08-2022_13h15_HIVE-3691.wav,3691,14.0,HIGH,427,854.0,856.0,-445.8885629613897,136.0680793235444,170.03835856957105,36.86313267953833,-12.444919861961166,11.618767599561338,-17.352325924669465,8.145513780373655,10.934041505592601,6.200689007158879,23.610743857605794,7.288723219598221,1.894219402819943,4.036003291705294,-4.133733201689824,5.541859837109798,1.517053560624624,4.508791827021593,0.8380922496727495,4.782834168601585,-12.208093298647256,6.451092618522883,12.704948847873377,5.652485398498955,0.5250493224853561,4.876159084327757
3691_20220825_1315,25-08-2022_13h15_HIVE-3691.wav,3691,14.0,HIGH,428,856.0,858.0,-444.2171899048971,130.65833555416367,170.50323042660358,35.86002790954117,-10.863329504543763,10.687269751207324,-16.660567999841064,10.417387019666922,12.469878636394157,6.695888758544434,23.176235656672024,8.107364452487,3.8309386082304284,4.558695786083614,-5.498215599544811,6.3212133545560185,0.5142499849630074,4.731005554125517,-0.8372892297190355,5.223491083769065,-13.53917921904449,6.525870864749591,10.438813023193442,5.344670807227384,2.0994896053520073,5.138573065779241
3691_20220825_1315,25-08-2022_13h15_HIVE-3691.wav,3691,14.0,HIGH,429,858.0,860.0,-442.5283795678099,129.5513971418601,171.0943573658574,36.19407927442629,-10.852791915714716,10.298181129900382,-18.22037072688536,8.328547353683284,9.565667722501338,5.575913777524174,27.403132132714212,7.88683047164227,1.0893677776276713,4.71970157842266,-5.4961156914083285,3.9302126672053626,0.5718398710557236,4.52875610341089,1.3240510438453406,5.191266816435138,-14.539809789280216,5.708674548331729,12.732953739973077,5.853698687546777,0.6257290722215306,6.352564164556199
3691_20220825_1315,25-08-2022_13h15_HIVE-3691.wav,3691,14.0,HIGH,430,860.0,862.0,-449.36788626656545,133.0105954824623,172.56829757029135,35.95002580263903,-11.109978258790036,12.574341067141564,-15.333948356492023,8.352536657473854,7.799404848575634,5.960084694507145,23.506509398502647,8.56049299419973,3.2712545821176864,3.6896550519119553,-3.8962166421383952,5.0324621931641005,2.3176518302449387,5.439082622951828,-0.52152047402575,5.957807887278338,-12.935285991455421,5.518161593149124,12.374471811951242,5.920179694414189,2.0456352783099927,4.657241962525941
3691_20220825_1315,25-08-2022_13h15_HIVE-3691.wav,3691,14.0,HIGH,431,862.0,864.0,-441.5436764320546,134.0636179793182,165.57592545585499,36.57598870088454,-10.206309779922393,12.249378871148506,-12.31319705195979,7.778895931211934,8.12656838899074,5.771574810554984,25.21872371740298,7.501263528515455,5.066936972839669,4.3637308441826015,-2.4265851591418843,4.808271956946972,1.5954975831023073,4.868390299237511,-1.1252158573582238,5.714510241071398,-13.064457472477688,6.647478635307487,12.556081403464418,6.281304121265449,2.664547169156635,5.440521248708992
3691_20220825_1315,25-08-2022_13h15_HIVE-3691.wav,3691,14.0,HIGH,432,864.0,866.0,-436.8764320811921,132.64349212383075,167.78105721378788,38.89675526670553,-5.775708821877221,10.98891798509392,-12.759280767191411,7.397751265423124,8.707489971872995,5.755528634487305,24.757824392057536,7.9382709998268846,3.0211567505295838,5.797147083044337,-3.494611045135972,5.0802086077283,4.317172246457213,4.270854677688614,0.933407802712671,4.6259653799309,-11.93090111371143,6.441985362916413,12.111066177983009,5.637857748923986,2.0091794367508586,5.118229826161408
3691_20220825_1315,25-08-2022_13h15_HIVE-3691.wav,3691,14.0,HIGH,433,866.0,868.0,-438.8955336132413,127.1635074209231,165.72356158514788,39.85415201483951,-6.13685594375619,11.448721896948168,-15.192542674886786,9.45424152462819,12.002521281385405,6.525062980183728,24.69155349441061,8.167137019272582,5.780640243347472,4.982134716071936,-3.285320294468584,4.945742026016809,2.891374847406994,5.044994950903322,-0.4581327035309531,4.4776370800124825,-11.988441621442592,6.222919047866171,12.525227542118687,6.094419549277415,2.613526898201032,5.415299077942781
3691_20220825_1315,25-08-2022_13h15_HIVE-3691.wav,3691,14.0,HIGH,434,868.0,870.0,-447.03405514797294,132.40722837970662,169.72461019057604,38.26385245788083,-1.3977140609366399,8.299716272681861,-16.518299338792296,7.012058013197251,11.119342545674419,6.021620491175115,24.224932470719892,7.74965903447757,2.7534735108345365,4.703068739932154,-3.435753214169176,4.846218566429065,0.3427223917042553,5.160679334694304,-1.1890768112729806,4.646553865252114,-13.049562917895528,6.644690398393413,11.671328538983182,5.6715373083292,0.5645399497567991,6.445944908508128
3691_20220825_1315,25-08-2022_13h15_HIVE-3691.wav,3691,14.0,HIGH,435,870.0,872.0,-442.8199870794947,134.1553361821084,167.50757153340498,38.28946095933087,-7.494432368093005,11.684151017891763,-15.660881343354443,8.356630874974083,8.55360477908641,5.844854918395793,25.096042403698288,7.436350016653664,4.893031337065305,4.639668324404525,-3.6203267122284544,4.62928460268022,-0.16607569066717598,5.280208704582079,1.3746068718124422,4.716896393379556,-14.45914764240117,6.8373975848138375,10.82627498753616,6.397988703314607,3.4393108821141847,4.957079550955002
3691_20220825_1315,25-08-2022_13h15_HIVE-3691.wav,3691,14.0,HIGH,436,872.0,874.0,-444.87776894101125,129.02299850583685,167.5915954166267,39.811731658892484,-10.283413503127749,12.924776187014894,-14.94279266914314,7.531959243486282,9.879463877948654,5.85197404364143,23.113183534551965,9.2698381084465,3.1914359775187875,5.155052634869148,-3.6285968542229092,5.313591727322338,0.7504182403932028,5.039060919010106,-1.3554782521940616,4.576324501408706,-11.287079543394153,6.229769165491874,10.93892112152446,5.167398980435314,4.126537671286993,4.624478183407456
3691_20220825_1315,25-08-2022_13h15_HIVE-3691.wav,3691,14.0,HIGH,437,874.0,876.0,-438.2050077099475,126.72736856872243,168.51566465485845,41.30366066437257,-10.625914885012978,10.893522090307131,-19.844793207140288,8.641154539691225,11.9827802276127,5.922949770100995,26.240712077581538,8.45931970743582,3.766685569767966,4.048924112162607,-6.218918457483774,5.169401843578985,1.931329994279204,5.440205864808202,-1.1082678302350515,4.754544749582559,-11.582702195387425,5.440637290921128,10.90010895165331,6.053999703162807,2.793855381639536,5.39234070763216
3691_20220825_1315,25-08-2022_13h15_HIVE-3691.wav,3691,14.0,HIGH,438,876.0,878.0,-449.99499578327345,136.8666779265667,171.81372609136614,37.26563124752886,-11.444154990120149,11.42022498368593,-15.548563313186945,7.36235629982467,8.406958537082671,5.395084783118978,26.291405850275673,7.253393860979207,3.598436839259755,4.320300175491333,-5.534837377541732,4.917284946294344,0.932067155554588,4.768500911071738,0.19965874379997653,5.182792985884342,-13.971686556475184,6.446752444985978,12.078672875391755,6.210998126068756,0.8364563592243266,5.051599605111421
3691_20220825_1315,25-08-2022_13h15_HIVE-3691.wav,3691,14.0,HIGH,439,878.0,880.0,-449.78968707612887,134.71854874491817,171.31500173674652,37.71923602217513,-11.506310045185895,11.862397088660138,-13.576607439887358,6.334674210386195,7.785436510733316,5.51699716118335,24.906786388330143,7.2425361628552425,3.5755309311741943,4.797905015648314,-4.857123180678721,5.0892702274823565,1.540583408883692,3.8419804527922374,1.1328801941881403,4.6432438882781595,-13.295076258450113,6.262275864401977,12.044204082801036,5.524121426893237,3.5942851656741195,5.063807548549762
3691_20220825_1315,25-08-2022_13h15_HIVE-3691.wav,3691,14.0,HIGH,440,880.0,882.0,-436.8004413031653,134.21531573524436,166.72749710737673,39.53717096988923,-13.103716924417451,13.307263662185022,-12.311407784588116,9.536731873356961,7.858991951212803,5.64805807501158,26.360935948612735,7.95169818477801,5.143638850237442,4.510664565624129,-6.184885034801218,5.18578905225218,2.1452485512022825,4.735668320507286,0.2897151774488935,4.533899941430624,-12.56279338588048,6.9754257879329185,14.013235193294438,5.719696151626131,2.5213026378927816,5.727920291962692
3691_20220825_1315,25-08-2022_13h15_HIVE-3691.wav,3691,14.0,HIGH,441,882.0,884.0,-434.8735677332207,129.39461282963242,167.60598900567953,42.8518898951349,-8.285457160705175,13.088312526264252,-14.22674149230708,9.138209345940385,11.199313890118955,5.616369558410288,24.68537853831626,7.2082758534715925,5.747693690906155,5.677683068099271,-3.830022906216562,5.756951115559217,3.5829378434732373,4.555229274888872,-0.8117224197899865,4.397771087397669,-13.301441980027317,6.938532962558864,12.3386631491858,5.939875260247908,4.752902659738326,5.023657445279754
3693_20220825_0700,25-08-2022_07h00_HIVE-3693.wav,3693,4.0,HIGH,0,0.0,2.0,-465.2769113900106,133.804708695564,133.56271223985132,28.719917625767852,37.37996472087841,9.967070424380676,15.732611694599639,7.95582499370023,-13.617160606661095,6.802421229547018,14.133873758209932,6.278193887207821,15.92308687380492,6.40243659081602,15.773918346040421,6.393180928744996,-20.371895444966853,6.825573011410419,-3.9572913359084745,4.928104768963472,-5.169014409127147,6.360519771219916,8.087810571083525,4.791911710210718,6.628775383261059,5.089423247610026
3693_20220825_0700,25-08-2022_07h00_HIVE-3693.wav,3693,4.0,HIGH,1,2.0,4.0,-462.1791493207386,140.47379406898764,130.35527342563867,26.810198660110867,36.768231190548754,8.635544773013482,15.034414627100908,7.376790833704612,-15.464138700191423,7.795101037782098,15.582577953344023,6.22693535190443,13.649743837929282,5.974296950983375,18.019795037194452,7.032438520612932,-20.24137518951078,6.957253833552773,-3.9479887511823106,4.765154242782092,-1.4278793843042539,5.3050323349799315,9.484026670921786,6.2335312005969925,6.8979676931757075,4.585091532792891
3693_20220825_0700,25-08-2022_07h00_HIVE-3693.wav,3693,4.0,HIGH,2,4.0,6.0,-462.2181570007521,130.55336831426314,128.46823530933602,31.1364814218248,34.108541214109195,8.369349546908134,16.490229977536792,7.591346097678059,-15.090071322086741,8.530703649901,14.953638597247384,6.4597774810948865,14.928681421747473,5.453042956139918,18.114849089358643,6.905842235235962,-19.026926605148674,7.322075054717116,-4.895077195037078,5.532738502408696,-1.0765577515782843,4.866568622157639,5.862936434536109,4.334949770123088,9.130212051119896,4.015750115139522
3693_20220825_0700,25-08-2022_07h00_HIVE-3693.wav,3693,4.0,HIGH,3,6.0,8.0,-460.8693380258896,139.44269174953777,128.08231726098523,28.690250938468026,33.362920878481134,9.877720432562498,16.903394038705585,8.46698693867305,-18.19835473712822,8.461479012935094,17.07691542146952,8.162374614589709,12.499443389473601,6.653314549322064,17.96439408159455,6.508843309859966,-19.51600605812478,6.758145208453204,-3.6243312371249674,5.6192631866347575,-2.1341170975504684,5.847845968614681,6.792710213324549,4.939764615312059,7.332049475834625,6.393150733462536
3693_20220825_0700,25-08-2022_07h00_HIVE-3693.wav,3693,4.0,HIGH,4,8.0,10.0,-453.56481984029074,132.84674921274058,124.77263683545995,27.92126369599936,33.77122314376869,9.952429891113182,18.667269547162526,8.656864369284705,-18.388809495694826,9.251941463127176,20.004221889736797,8.818312901869476,9.773911228487643,7.266091175933904,19.286581257333765,8.41763160311335,-20.43511592102389,8.002333335730107,-3.2543659841130244,6.5963879683510935,-1.0396975321065158,5.041880471635774,6.7835510049428605,5.084508721429122,7.519523485757986,5.2028040134418
3693_20220825_0700,25-08-2022_07h00_HIVE-3693.wav,3693,4.0,HIGH,5,10.0,12.0,-451.16555260294103,132.71340204410177,125.41193174741366,30.046555197555875,33.48462136592862,9.574678412244845,14.512996717671722,8.030723998861804,-13.870011792125068,7.764889958944995,19.692239492732885,8.299617143867517,14.410535438847843,7.159931707016564,18.230275491274387,7.342597210601639,-19.291123859818654,8.22800169711389,-4.486606718694536,5.494908640198378,0.877640820718742,4.472415697618462,6.379275517142022,4.465171791737036,6.940446358344712,5.580517886074781
3693_20220825_0700,25-08-2022_07h00_HIVE-3693.wav,3693,4.0,HIGH,6,12.0,14.0,-465.4724168444988,136.75119591509892,134.82519637886034,28.219974110237192,31.56925531459011,8.63969824835907,18.306449667284394,9.481289973335048,-17.02667648192585,9.24302611301798,18.561279026773637,6.9524501089658015,14.931307798220917,5.286321154334062,18.096478604285252,6.038732114879162,-18.127277022789208,6.5523329150015375,-4.865036869634329,4.627927908053603,-0.012373819946027435,5.222453639755036,6.0850753822954795,4.564300799816557,6.794570426876639,4.920885356511029
3693_20220825_0700,25-08-2022_07h00_HIVE-3693.wav,3693,4.0,HIGH,7,14.0,16.0,-467.3230864841742,138.68170965347244,133.92559278258707,28.170205439589584,31.06725664601419,8.850036039045655,19.07441335337386,7.40446699514034,-17.43553133724425,8.7361021247794,14.115240211533138,5.3427042982727935,13.490519032368628,5.520674134402535,20.91413715027689,6.786149787395169,-18.385500386108735,7.207479687574661,-6.171828406420771,5.297648465604617,-2.06525898420658,5.08800469480436,5.792943798759562,4.828960912790412,6.959836212673554,4.678688304018749
3693_20220825_0700,25-08-2022_07h00_HIVE-3693.wav,3693,4.0,HIGH,8,16.0,18.0,-462.80127505541617,132.15973322946653,133.36530608391323,30.753288060691332,31.8042254187789,8.042626988394296,17.054818962570085,8.163162343990813,-15.87437328400084,9.273894814208003,15.033640565955633,5.213254163411605,14.587263960055068,6.264815543994993,18.80357054599276,7.3153120769821225,-17.84270776601082,7.355680920301855,-4.511792455726133,6.0803507078142,-0.6343985763121973,5.560581287401244,5.6145089267679875,4.10963753578533,7.689806540204466,5.314181492194495
3693_20220825_0700,25-08-2022_07h00_HIVE-3693.wav,3693,4.0,HIGH,9,18.0,20.0,-450.0997306789698,145.46345283972786,126.81089677625067,28.083698003354325,33.24555091792108,9.457643362380422,18.19003712651303,8.639693794239728,-16.764142373588072,8.329190797901155,17.862161648826078,8.143302802645552,11.044148013340239,5.9821340682446404,20.078356268049543,7.642832064332135,-21.74586872784703,9.379853121014344,-3.0871479444061385,5.268409398334048,-2.3013969089617556,5.056926495486786,7.738498984930277,5.132342366691375,8.046737142517205,5.051428583935378
3693_20220825_0700,25-08-2022_07h00_HIVE-3693.wav,3693,4.0,HIGH,10,20.0,22.0,-460.1591267243269,134.8578381974279,133.49277896692016,29.70733052375444,33.61883949001166,8.78447972400441,16.28865851356949,7.428696673337623,-15.312159760858169,9.682324003248738,17.71062031660859,6.115477742645324,12.104191092684996,5.749230022983734,16.47029948114489,7.862513131564448,-20.588349355838268,7.9815764115864045,-4.4005281246012204,5.129054108459701,0.17722221765687987,5.708597315431614,4.944027920311656,4.323630401038597,6.212047739458138,4.892182670421947
3693_20220825_0700,25-08-2022_07h00_HIVE-3693.wav,3693,4.0,HIGH,11,22.0,24.0,-463.28990270262176,130.68243185355658,130.77761545725988,31.901254977138816,31.578957390725197,8.581875265578054,17.126475771797665,6.426582513157201,-14.286420351335803,8.290239689462231,15.33258972813231,4.888719150212447,13.283379404759408,5.669687961658362,20.896675571155928,6.939012036010937,-18.51943403693272,7.642709376015258,-5.516268309658712,4.534133768760683,0.2742032202346714,4.920849927109047,6.510506504512884,4.183733062708139,8.560943744753855,5.030209280828993
3693_20220825_0700,25-08-2022_07h00_HIVE-3693.wav,3693,4.0,HIGH,12,24.0,26.0,-460.21368132793555,137.55364047494288,131.64380927863198,28.44063145352847,28.4377612917886,7.748373096292137,21.27593397735048,7.252714768651929,-19.91252491745752,9.736088566870235,16.30620666290691,6.090332440891814,13.414057158525516,5.379741816683028,20.704377418590948,6.88119957661875,-20.097357043141056,6.897825732187753,-8.014182649315707,4.634388957468943,0.5568588989379121,4.926436623853532,5.999727196615069,3.9544942961490666,11.600085565938988,5.747156956724293
3693_20220825_0700,25-08-2022_07h00_HIVE-3693.wav,3693,4.0,HIGH,13,26.0,28.0,-465.2486003207726,133.95535989521733,133.89922943726364,29.271211123602978,32.53238274360324,8.817521584276923,18.99170047827375,9.194092975770253,-16.952765922312278,10.376647235107495,17.46121455435695,6.529757842773789,13.447257731412856,6.220514158027534,19.193740582185118,6.361709497765035,-17.859307004942956,7.100300009402186,-5.350880871136861,4.636008151266629,0.03552461481089244,4.618038858149599,5.529280278119702,4.7891028954515695,9.722977610938436,4.09424249203446
3693_20220825_0700,25-08-2022_07h00_HIVE-3693.wav,3693,4.0,HIGH,14,28.0,30.0,-463.9707394488679,132.74819563754804,138.70022310958026,30.29624302825201,29.571299718445225,8.832879024411714,18.26515815343756,6.67064502853212,-17.854514678958942,8.594869654339941,19.170378091604615,7.437664470264095,15.13606438250695,6.588223019857353,19.893674781035074,6.159152011949164,-18.36178014044822,7.380893983551395,-6.348097714282979,4.630391870888146,-1.1447052366260044,4.280908192025965,5.891173486930621,4.414379015898553,10.329685704918477,5.162562738261687
3693_20220825_0700,25-08-2022_07h00_HIVE-3693.wav,3693,4.0,HIGH,15,30.0,32.0,-421.7028245512368,143.94229161150778,119.40399287611942,24.6366309409755,40.01888541681024,8.244646270590305,22.595245956145174,8.489952083527331,-20.21093845820029,9.206696684273561,20.10243906162409,6.202911459527968,2.4881132464917304,6.86942298968795,26.410368217696714,8.97250264477401,-26.435500112866933,9.037022034488169,1.2247436607038809,5.616797883408685,-7.637264091206027,6.0579264484977555,3.2390348867259546,4.7770661313137674,11.664511534196256,5.366283101888268
3693_20220825_0700,25-08-2022_07h00_HIVE-3693.wav,3693,4.0,HIGH,16,32.0,34.0,-449.9917479607731,129.68135588524072,130.6192089366493,30.476548504992074,33.14902021528205,10.47975706141564,20.247119682943783,8.145922405280894,-16.65850991042954,8.624991830868394,21.020393079670416,7.202285460984731,13.30292625240538,6.850819643420595,20.866839576975963,7.410890328647802,-18.050847866917383,7.954680745471749,-5.271834568467856,5.474799291147824,-2.3012780946964497,4.516100105166578,6.157737673378076,4.135736462041495,8.099964240492346,4.698058891888918
3693_20220825_0700,25-08-2022_07h00_HIVE-3693.wav,3693,4.0,HIGH,17,34.0,36.0,-458.29041339574184,133.11255482643222,134.20494531381843,29.343472402040636,31.182044247369404,8.80601506890622,20.78374496608121,6.387704970218596,-16.855712785307244,9.334773184245632,18.297215549776404,5.848793312660526,14.556194324140744,5.810997745585697,19.227196690736392,6.197099347365917,-18.238305660031486,7.058422808558878,-5.858757525815591,5.601585671358297,-2.3548142258137754,4.3658801112992744,7.890156782681327,4.107223447676306,10.289975720031597,5.214588795462853
3693_20220825_0700,25-08-2022_07h00_HIVE-3693.wav,3693,4.0,HIGH,18,36.0,38.0,-443.4923092678086,140.2255516421565,131.05622752403568,27.79600248565427,28.954604513025668,8.936964166191508,21.473259359208473,6.941117511506706,-16.959024564712905,8.505955077384725,19.94454983543034,6.336070599087049,11.293435726396247,5.264546835360391,17.765151717274154,7.467293832092545,-19.502301163716496,7.351475994566493,-5.999326238320678,4.988096513109636,-1.550333618921625,4.768948667386156,4.13525455131383,5.193724443337962,7.061463196119478,4.637801878351125
3693_20220825_0700,25-08-2022_07h00_HIVE-3693.wav,3693,4.0,HIGH,19,38.0,40.0,-442.5887766733518,136.58754161964816,133.73067942131144,30.320729009723074,25.379816898088812,9.754841211184159,18.323574027076837,7.071916969182566,-14.74713712529171,8.258495780843456,21.941193171547962,8.586377009731189,9.431988464887775,5.8511828302421875,13.704768835127984,6.965900105233937,-21.450733593302367,8.38463390951584,-2.097955998956069,7.029055264882573,-0.26856240997690295,4.426048598214206,3.295638511045723,3.9694514529885967,5.046370214716417,5.954534927842447
3693_20220825_0700,25-08-2022_07h00_HIVE-3693.wav,3693,4.0,HIGH,20,40.0,42.0,-446.8340248933101,137.63483847869782,130.2852487999189,29.978672070477074,33.411584898256145,9.330534853992749,14.998306608950406,6.911649795207522,-16.673497983648613,9.107007898162298,17.89298270060828,7.387632367596322,13.792155990322382,6.0000017533687355,17.413366423273168,6.51104141276351,-18.663669983184924,7.341609806669516,-6.118694297231023,4.896976743566305,-0.003887942468806199,3.719898179986137,5.478029078536958,4.666934394956683,7.77836176993779,5.806008153311257
3693_20220825_0700,25-08-2022_07h00_HIVE-3693.wav,3693,4.0,HIGH,21,42.0,44.0,-453.98091380362507,136.76687817412923,132.5459114384253,30.24643982422755,31.71150191917019,9.094418862733184,17.914104889422553,9.36670554455432,-16.12936502274119,9.514351467180846,18.25767216221256,6.417306883550381,13.921245746417878,6.9497959777436975,17.680261755192923,7.3115499586021295,-18.2086978878068,7.177617055140502,-4.966578267987617,5.619253614159518,0.20894199502642993,4.587828948003992,5.361008237170299,4.649431756008788,7.0740260170348,5.499914781255563
3693_20220825_0700,25-08-2022_07h00_HIVE-3693.wav,3693,4.0,HIGH,22,44.0,46.0,-460.0036440728874,137.87374136655092,135.75878637436557,28.11022303530877,36.80777193849794,10.036603362367444,19.303461564032713,8.809580267957092,-16.453837089740848,9.067252398433867,18.158843160558995,5.262460597505064,9.994430291463344,5.365557994965399,21.585552654036366,7.490288934477436,-22.156405565537508,8.728015091028936,-5.5059456719564865,4.7165917053670965,-4.12714289805197,4.618650660136761,4.413973520195383,4.31637502620351,8.812858355454413,4.618542531837965
3693_20220825_0700,25-08-2022_07h00_HIVE-3693.wav,3693,4.0,HIGH,23,46.0,48.0,-454.8397366670587,138.69139304302138,133.4666896103168,28.06023228550719,34.24785780160591,9.537029571427341,20.91632360781163,8.361075986628416,-18.66027205260838,10.109530350961071,19.98546125966538,6.675205105878727,7.247575252459816,6.874516316667727,24.752529752652002,9.048082077154353,-23.195514385014178,8.467690299512926,-5.1186849402290076,5.051402168571571,-2.930801889228487,5.519442429113664,3.783609034670123,5.294593140727366,10.27578836880303,4.896208397599845
3693_20220825_0700,25-08-2022_07h00_HIVE-3693.wav,3693,4.0,HIGH,24,48.0,50.0,-452.75436603683033,136.84031522581955,133.88344585240856,30.8466906889043,33.64961454838826,8.959534806764543,17.230725210753747,8.133958830790203,-16.11717538075385,8.73380601377548,19.691623254235193,8.536349064841326,11.189959903243926,4.256552293004908,22.521485650591682,7.736901966862236,-20.50236251689951,7.616604281931835,-4.517423998885636,4.712174038641781,-1.9114664486060031,4.719314626278445,5.740473592408521,4.232280573224103,10.429671194063458,7.025658123303767
3693_20220825_0700,25-08-2022_07h00_HIVE-3693.wav,3693,4.0,HIGH,25,50.0,52.0,-453.99386015500954,129.0724083532346,131.9729047236709,30.655269164369397,30.410718581715333,7.808763793487627,20.545192812142336,10.053248507703398,-18.902169243678497,10.323967064055198,20.717562130832473,7.213695885867843,13.077972727863418,6.021149508836833,22.073025386434676,8.794260016846636,-20.51605357901558,6.747350141278679,-5.336014276079449,5.592858551896559,-0.5958936948108801,4.323534353236502,6.236709190763175,5.10329683352273,10.267568629493649,6.402637217535213
3693_20220825_0700,25-08-2022_07h00_HIVE-3693.wav,3693,4.0,HIGH,26,52.0,54.0,-452.23377141237717,130.93012388519557,133.0793715319671,32.037019300406826,29.921566679068462,11.240827682508026,18.244021124913136,9.235092423211226,-16.10575163786972,9.931044488474454,16.627849750439825,5.760977672033073,11.84971193827537,5.580965638348826,21.16057153385585,8.214760998282184,-18.635457104304393,7.425361653298821,-6.503456350073116,6.124904535758506,-1.8952094397165105,5.21797710102929,7.171973960716655,5.103428784634462,10.889357244297171,6.071707256953904
3693_20220825_0700,25-08-2022_07h00_HIVE-3693.wav,3693,4.0,HIGH,27,54.0,56.0,-450.24702948831896,137.09110436344247,135.77969505513607,30.85912885935233,33.83516806523559,11.620814989936465,11.745480105143828,8.06238601665009,-14.399619245817943,8.876106559443095,15.026040981582586,6.435947957806996,13.18154123005036,6.014487173970799,18.924290730947902,6.79708579476596,-20.559584407509785,7.72753324517623,-7.10371813364918,5.82611912933711,-2.262095439795457,4.029878457924279,7.259549365422395,4.516771950124831,8.850839159815385,5.808275269817957
3693_20220825_0700,25-08-2022_07h00_HIVE-3693.wav,3693,4.0,HIGH,28,56.0,58.0,-463.9604920045458,135.41061882608963,139.21221876847838,29.796754447201607,32.433446565780535,8.597230275563803,14.959836862826613,5.705339902996746,-13.856783582556522,8.685379206681802,17.06564858415797,5.81513095680898,13.358910335720694,5.402016110878813,21.04754379192689,6.915719916153913,-18.697086700365873,8.157201647810227,-4.088781480623042,6.19709931711495,-2.42053572226779,4.915880945456214,7.936729170472719,5.020114360493203,10.364422301884561,4.525715114289611
3693_20220825_0700,25-08-2022_07h00_HIVE-3693.wav,3693,4.0,HIGH,29,58.0,60.0,-455.7915330308221,134.30654475118365,136.54069558142308,31.891060271313023,33.085477427841326,9.70124439279851,14.409457434203047,7.38116856974152,-12.552520737538117,7.562207161292861,15.29879419298609,7.4469030460218635,13.983987802787459,5.661336579604155,19.332500725704733,7.235516156475105,-19.618668041081943,7.14880306920458,-5.451192460939531,5.762123452906292,-1.5627031715688233,5.222672477570639,7.285122693182652,4.103472851714246,10.198758051463782,5.243318119540961
3693_20220825_0700,25-08-2022_07h00_HIVE-3693.wav,3693,4.0,HIGH,30,60.0,62.0,-464.0065912618672,134.26126427104518,138.86826080741997,30.528580361726778,34.0037461866861,9.28562256266263,14.762005923682537,6.8313644143988395,-14.3118133904882,9.346319221481082,16.012922642696402,5.883971482552302,14.503971316344613,5.21933561860726,19.675085748380923,6.769068092239676,-19.767574659908185,7.258201346224487,-4.331364482719567,4.4064818780609345,-2.153003608141001,4.526208931283112,7.657407617256679,4.484129273111017,10.612626912014939,5.612465492358271
3693_20220825_0700,25-08-2022_07h00_HIVE-3693.wav,3693,4.0,HIGH,31,62.0,64.0,-461.4442833332571,136.58106206960628,131.4215637072997,28.28988977800245,35.082536862682325,8.56382038013802,13.43048823470857,6.664912435058743,-12.647070883764204,8.01420148635118,16.905248298205787,7.0625987152652,15.906496922628273,6.611445469727101,18.172840960547024,5.811038936175521,-19.367683698992675,7.824702791037455,-3.5781668287058137,6.139305728083633,-1.0087182829673447,6.085467014155354,7.376537165011752,5.59958019421125,6.883166458396027,5.312029914407572
3693_20220825_0700,25-08-2022_07h00_HIVE-3693.wav,3693,4.0,HIGH,32,64.0,66.0,-449.80226055511946,132.96348047188127,125.66666238686261,31.529269136767805,36.08882232936722,10.473592936073723,20.127362569092682,11.287609939625893,-14.833255714193108,10.950749843102267,14.595933662427225,8.223045326077244,15.39997363595172,6.822691998347422,17.713430612278064,6.9583265461509605,-18.439753823755062,6.747680694723058,-3.6252824467740967,5.052879196789457,-3.105817306803597,6.322573236377367,8.333313123087253,5.199624314528781,9.6702078015851,5.09709125800614
3693_20220825_0700,25-08-2022_07h00_HIVE-3693.wav,3693,4.0,HIGH,33,66.0,68.0,-445.8822510184144,132.6047376052062,133.02041617127807,31.078904053230744,36.41068065900945,10.367758716379559,14.289501802876343,9.5189813603725,-14.939791263289772,8.691787198888102,19.452592432051617,6.9545993653608535,13.854656960177076,5.9814377298326,16.69727758039657,8.943939333487421,-18.717288969284844,6.454011883091476,-4.550735649924669,4.676691310939223,0.3055815961631176,5.014278316129828,7.2673706393644135,4.17167993112298,7.637916803381374,4.951195491952914
3693_20220825_0700,25-08-2022_07h00_HIVE-3693.wav,3693,4.0,HIGH,34,68.0,70.0,-458.32987791170643,137.23517591607475,136.36174025425777,30.49333386227751,35.08188282239215,7.639825790423448,16.298844932112313,7.747665491282331,-12.691844807471393,7.978517717860999,15.730024782121243,7.065095281633994,15.692444756209492,6.044063715806916,15.76190726114742,7.399601977925558,-17.984705253807935,6.284415130847032,-4.650892265260136,4.646280590990071,-0.5664561080124526,4.810111796230917,6.678959091674427,3.771737444331429,8.482318502245409,5.483401096326288
3693_20220825_0700,25-08-2022_07h00_HIVE-3693.wav,3693,4.0,HIGH,35,70.0,72.0,-457.4247707911132,132.20002194767247,135.6611738365279,30.400510453649176,37.12410503153957,8.555404375030806,16.91189803307092,7.112012703071199,-13.624113009840595,8.773034940977386,12.30505265068694,5.403931872902257,16.026450398096994,5.920091116717454,16.616424226457532,7.041857976277243,-17.272971333132446,6.053669376922413,-6.214360798680574,4.103338785260042,-1.0822330372484388,5.216316173412323,6.81096636652219,4.936322152861541,9.025057815760539,5.043203300209819
3693_20220825_0700,25-08-2022_07h00_HIVE-3693.wav,3693,4.0,HIGH,36,72.0,74.0,-457.698408798047,130.3384854237469,138.09527872784034,30.681142080398978,35.118745236992325,7.879616980510042,14.344343669410668,6.932862320433705,-13.920732015153183,7.3029140916792485,15.379014413743826,5.6006326383822564,16.295704222135136,5.198131910553709,16.715707648524283,6.640836111314193,-17.468375431356613,6.4910556235443115,-5.238644774589863,4.613921680293949,0.3336423740166408,4.988626943258135,7.423451517903332,4.54118024879749,7.64165291502346,4.812129729024383
3693_20220825_0700,25-08-2022_07h00_HIVE-3693.wav,3693,4.0,HIGH,37,74.0,76.0,-461.1665024420022,134.41196625674212,139.84778665148286,28.492021077169305,35.34983881213923,7.4201771847800835,14.828384667500448,7.338348428479275,-15.944143208519376,8.557412806935398,17.002410571917334,5.123781171404505,15.759222585176223,6.1508600532596365,18.57977317832942,6.986992094824271,-20.05457643828644,7.187697865018122,-5.141184826440996,4.457282526311933,-0.37732024319856744,4.741123464123517,7.866000185019158,4.4638056787241505,6.523208962957886,5.015291241588261
3693_20220825_0700,25-08-2022_07h00_HIVE-3693.wav,3693,4.0,HIGH,38,76.0,78.0,-463.65432881138895,131.84916878905514,136.98688292938616,29.364909074756316,34.28104247912928,8.475289968186976,20.66524429716377,7.10667010164384,-16.70554001014551,8.000418916776603,13.737987044042058,5.292688933048213,16.36526737885716,4.802338025180225,19.79823378151446,7.219905566412791,-19.340478487108708,7.226100817774181,-4.079680581569088,4.514330094035051,-1.7639980948400387,4.259784321731656,5.715541577438743,4.390956956475489,8.51524756871276,5.081403986919752
3693_20220825_0700,25-08-2022_07h00_HIVE-3693.wav,3693,4.0,HIGH,39,78.0,80.0,-458.8861505622646,130.74505614298255,133.04172602743392,30.933911713256002,38.16635933585657,8.739172169779668,18.53221970077727,8.87986732594327,-16.542207543815895,9.392407528291578,15.980271604281603,6.72812853431491,15.896023030885246,5.048946706285688,20.68753174669372,7.270145981054833,-16.476841551765133,7.228530321256084,-2.5292881904051927,5.467921806842283,-1.1031587268440597,4.579168376744937,6.857544266321833,4.403564394002847,9.221102542107165,5.94790887767042
3693_20220825_0700,25-08-2022_07h00_HIVE-3693.wav,3693,4.0,HIGH,40,80.0,82.0,-460.5794479999869,132.11302248838086,133.36194641409818,30.26096107425665,38.76680276741376,7.6134906366856105,16.05171687342374,7.161806621376035,-16.06859523097443,8.914860227882102,16.495368097514692,5.928907170680422,12.764790981887735,6.237148568331459,18.911674733843956,7.334709646885312,-18.394559360836137,7.647656622377201,-5.086887689260309,5.087294510853632,-2.2066156990834935,4.8320965493601244,6.570430611436182,5.242674375414726,9.424707755929141,6.002015529586713
3693_20220825_0700,25-08-2022_07h00_HIVE-3693.wav,3693,4.0,HIGH,41,82.0,84.0,-458.84366248256686,133.81564551356075,132.54902966810124,29.239611035849745,37.75798604750431,8.415620677219705,15.26533290781807,7.6231011005822555,-13.290358090654795,7.497224207366785,15.660692354526557,6.589367944538344,13.743603332067927,5.697040898048437,17.08020201794379,7.432664376013382,-18.18273835914903,7.061896051910458,-4.6651054061364094,4.797930449709538,-2.100992030917141,5.076667282935232,5.806862374033531,4.428428472511084,7.28132680442963,4.534095702080946
3693_20220825_0700,25-08-2022_07h00_HIVE-3693.wav,3693,4.0,HIGH,42,84.0,86.0,-461.34812904355226,132.8446088224401,130.5344046101221,30.706702362411555,32.852863744728815,8.615590025216294,18.3038808861216,7.4106806505252045,-16.46140077916806,10.384447364110917,15.276840988846663,5.559424421308808,13.059211833981845,5.5261828608379435,20.00889270705349,7.6373681128319175,-16.96720107811256,6.789457495727192,-6.122695625337785,5.148907185371376,-1.5875639176209517,4.3853446369948985,7.535110799617914,5.154323907034302,8.53342924439984,5.328091759946643
3693_20220825_0700,25-08-2022_07h00_HIVE-3693.wav,3693,4.0,HIGH,43,86.0,88.0,-462.0418276041765,135.08931663497222,136.50492308487688,29.865535399740025,35.070945406414204,8.736135583794034,15.585977205309497,5.740466754996544,-14.112135332768235,8.143091408540801,14.694720519351131,6.0361924340385595,13.624862154661917,5.80263302435505,17.992814872825637,6.852122400214323,-19.061355363087152,7.122891661431314,-6.003991220660832,4.784509267126042,-1.8668289799397086,4.247684942172791,7.509940173380918,4.486954112682857,8.677278562582114,5.116918671206055
3693_20220825_0700,25-08-2022_07h00_HIVE-3693.wav,3693,4.0,HIGH,44,88.0,90.0,-426.8464606721614,147.22113606983928,133.47132255593652,32.73392760730832,36.26426361547054,10.74702313349588,4.3302489603045276,13.730709230192867,-11.871149985281635,7.762329141023701,22.27009772866494,11.228247706193443,12.839035903522063,5.449892577462862,16.08476071883628,8.894693872875242,-24.683561247209205,10.437232632424566,-0.9814792697678253,5.047615090889862,0.19660155079553257,3.691717662301944,3.5866849359420443,4.270781771584303,6.031872232841539,6.8928847634278245
3693_20220825_0700,25-08-2022_07h00_HIVE-3693.wav,3693,4.0,HIGH,45,90.0,92.0,-459.7375739974515,128.51282042038824,134.9754355089815,31.381877424840397,38.08565371300788,9.889640118270199,17.4707458610128,6.1086263681342645,-14.564356725317017,9.350807636223895,15.495804791335852,5.356839505260394,14.653165194069825,5.740168413237645,20.43218946146696,6.747070727410855,-17.539366578301493,7.7174720722212715,-4.1815547496814816,4.996487834158928,-2.1583197221286743,4.033206303996297,5.630258703040677,5.1632166020075365,9.782927566778229,5.107016692486337
3693_20220825_0700,25-08-2022_07h00_HIVE-3693.wav,3693,4.0,HIGH,46,92.0,94.0,-457.5242133333595,131.15054942293105,135.22540338125194,30.192540163534563,35.16506424250349,8.156303144489364,17.774545387596035,6.286672034641255,-15.164886654664315,9.259899402846248,15.749232933700183,5.90885383091573,14.844483713780646,5.516167385251351,18.976825821996474,5.951573516909112,-17.963955486003208,7.0433886327405,-7.006658549657137,5.311402572256401,-1.3477247016560334,4.873041565916161,7.462896269683603,5.473910925512291,9.765421057961577,5.434213966139318
3693_20220825_0700,25-08-2022_07h00_HIVE-3693.wav,3693,4.0,HIGH,47,94.0,96.0,-456.4325318194465,129.91228790596242,134.31180082778945,31.733688022654615,35.7951323748584,8.530832026186586,18.66879083235338,6.663346329010504,-14.899549147488175,9.57439904561461,16.33478930379427,5.665587651120519,14.617864231638537,5.22814865829076,18.665571748281,6.113369188462059,-16.050740127417075,7.797956460914084,-5.5991372461437106,3.7157058412602435,-0.9429567269942591,4.66373870475337,6.9501507247324925,4.471092799112484,10.371763087389139,4.830689178607506
3693_20220825_0700,25-08-2022_07h00_HIVE-3693.wav,3693,4.0,HIGH,48,96.0,98.0,-451.48907424693255,128.38431266463851,135.6039577973758,31.824403798636446,37.13113998320187,8.950176024728384,17.643031511399187,7.44027355656166,-15.598778998657368,8.679623122896475,16.117143702282544,6.422928101393582,11.458624123390882,5.595364505425528,19.327003475135054,7.211894541545344,-17.48095720281136,7.557771309788916,-4.6559266797993155,5.509959270961807,-0.32110333269906616,4.025000572886904,5.151166881156208,5.24287155285676,9.722701782959984,5.28914389131293
3693_20220825_0700,25-08-2022_07h00_HIVE-3693.wav,3693,4.0,HIGH,49,98.0,100.0,-453.1171617520783,127.20886462378625,136.71151671007877,31.72504571549994,35.66062244165974,9.27185283951483,19.066453302564657,8.37966771047933,-14.271926268409013,8.634061672314346,15.748048384248943,6.7750817963924925,13.412185733798463,6.043618988246506,20.55244927745999,7.255183341793858,-15.489622076341226,6.793320307020529,-4.093650573455401,5.184495337851602,-0.36525537751129744,4.03140758259853,6.55491759804972,4.0734213091365685,11.131892857611007,4.574325937301197
3693_20220825_0700,25-08-2022_07h00_HIVE-3693.wav,3693,4.0,HIGH,50,100.0,102.0,-452.81709144815756,134.56164258948192,133.86556454552047,32.22865238572447,35.834062355802324,8.771960015874834,18.10690777565451,7.2959570201537485,-13.863622364252766,9.164524943977828,12.398171217307944,5.691459448503243,16.950143356796023,7.126996536615123,19.256396820422648,7.566232800356739,-15.72876935438221,6.728343247225379,-4.311610243068412,5.745892529369479,-2.1596210576475654,5.954413725534737,5.8348466798333005,4.773099131730634,9.663234923268321,5.451405062303854
3693_20220825_0700,25-08-2022_07h00_HIVE-3693.wav,3693,4.0,HIGH,51,102.0,104.0,-449.21249189672,120.70658278322391,133.22542443801024,33.96856226941231,36.12819359022533,10.046895330205722,19.90788725589436,9.084573506440046,-15.227025065401111,9.54072100550326,13.08511525163379,5.562773532471316,16.822133820142707,5.821713981999151,18.684275951864958,7.527528292098287,-16.425991207935574,7.339496476859208,-4.517772089762492,4.3769974047964935,0.5665060407366798,3.952654786628098,5.714814663516199,3.3777863152936267,11.2229437174291,4.781056598220925
3693_20220825_0700,25-08-2022_07h00_HIVE-3693.wav,3693,4.0,HIGH,52,104.0,106.0,-454.125012741778,131.12694325166132,138.01856550045798,31.273952288336467,36.79460545955089,8.52552933916199,18.14540297755346,5.441427123640646,-17.51749024279187,9.17630717890899,14.15541457596643,5.22772119530165,13.16506727340796,5.4071333392763785,18.56644993686711,6.478877760950613,-21.08520935045895,7.813449520591596,-6.7056984403427515,5.089338445815593,-2.9201759085450925,4.654381068087061,4.180218418707565,4.000189204920571,10.763259418810765,5.278956247816386
3693_20220825_0700,25-08-2022_07h00_HIVE-3693.wav,3693,4.0,HIGH,53,106.0,108.0,-453.83964596767703,130.56662937092847,138.1920564148712,31.136739719463204,38.9586658547872,9.004599477050812,17.724399112986415,7.369478959420058,-14.823649804332767,8.23174049932081,13.660966205175214,4.715877726194682,14.30196583461734,6.6627990246633075,19.534532042942452,6.807415526766756,-17.221332933382715,7.467768079655079,-4.3961438561700605,3.912303780103257,-0.4510268327093443,5.40774280499874,5.665426510757741,4.729255857803057,9.450518003443632,4.455445277721352
3693_20220825_0700,25-08-2022_07h00_HIVE-3693.wav,3693,4.0,HIGH,54,108.0,110.0,-442.7353101772288,124.42299025325472,128.98231280108726,33.77425941443128,38.72079600057126,10.000458879184725,17.15489141009624,7.172167731464935,-13.990099499948151,8.941966826027825,13.330570803952622,5.226688674022761,15.377300354184435,5.637649131529005,16.450832685457012,9.100125367063193,-16.03035661109686,7.599331981864499,-3.383869063697093,4.699987111292001,-3.1749837328092925,5.934732024633358,6.899121474586477,5.5519617733082525,9.850287444953539,5.647787745725825
3693_20220825_0700,25-08-2022_07h00_HIVE-3693.wav,3693,4.0,HIGH,55,110.0,112.0,-452.03334309275573,132.20123363702055,133.13453231589168,29.654671761260236,38.37891425175107,9.436076486189167,17.537428067391474,6.883088495518209,-15.46784888744627,7.953498163813538,12.816255057503032,5.874423833113342,14.467634733478453,4.990175220453468,19.598755539825426,7.189489444814213,-17.426034100157334,7.890309922383757,-1.0218748268888584,5.227268382414013,-1.2619911774429664,5.400903232370747,6.827738453151782,4.4074939429792765,8.49250899572352,5.155043423073139
3693_20220825_0700,25-08-2022_07h00_HIVE-3693.wav,3693,4.0,HIGH,56,112.0,114.0,-451.18255145739,132.10794500099783,133.72847173785635,32.33634013370329,38.0742155538737,9.869317917371472,16.65815401599559,6.177653202070345,-15.029720419805871,8.361467258837058,11.350612788202078,5.1629311966433615,15.069788963260356,5.736767117450524,19.960036894926805,7.248436974488538,-15.353110511862566,6.514285617141121,-3.2000828490424653,4.139137897263111,-1.8491416677950316,5.117810857946395,7.052753041521348,4.854057810673139,8.48216153484993,5.482553320218607
3693_20220825_0700,25-08-2022_07h00_HIVE-3693.wav,3693,4.0,HIGH,57,114.0,116.0,-443.3006088316343,125.03864908859926,131.6834222930608,32.120537022929234,37.37846721208018,8.857860739338161,14.080065451819502,9.416450282810155,-16.467981706519332,9.319035322916951,15.456968259449827,7.538536531067015,15.910418403036315,5.659193577132153,19.372340808911993,8.325189557618682,-15.547791547414564,6.790141416675153,-4.002675112390536,4.461809591340439,-1.4003092584750483,4.7666741469307725,8.266012552798715,4.576736821237855,8.512773716604293,5.0843137740381525
3693_20220825_0700,25-08-2022_07h00_HIVE-3693.wav,3693,4.0,HIGH,58,116.0,118.0,-444.78331707329346,143.48825398063332,126.10294299434878,30.211732854064817,40.15218828636062,9.93017160628298,16.698536636092772,8.205210766548126,-16.114219994152222,9.657972082983202,19.197920241885715,10.517489379442697,13.382947852343882,5.767115787686609,21.43620344404397,8.769143101731025,-16.104159000649624,7.179268492804325,-2.485401446567958,4.9347412504139445,-0.5464878878841299,4.624897207518025,6.440374968933802,4.822291682214321,8.014602655511277,5.170694999909055
3693_20220825_0700,25-08-2022_07h00_HIVE-3693.wav,3693,4.0,HIGH,59,118.0,120.0,-459.5088266544172,136.04731578957828,133.92862250636537,29.36107231647965,34.63296658010501,7.860588304442281,17.90764551525455,6.837781014861436,-16.20940883566507,8.222416438458827,15.189999634705659,5.598831810956765,12.487361136717759,5.864749509765836,19.70229023600831,7.277802174403352,-18.729539878948717,7.669599852208184,-4.882375843330679,4.671434032355206,-3.0301846288879366,4.672961898500755,6.257128629930414,4.622463207187269,7.118216392318548,5.350571096124732
3693_20220825_0700,25-08-2022_07h00_HIVE-3693.wav,3693,4.0,HIGH,60,120.0,122.0,-452.8864325122263,140.87264333551516,129.49133248632745,29.443004861250582,36.74403567673655,8.189013089569237,13.849744678477746,6.817206756915492,-16.76602930072024,9.648403070806905,14.428636807984615,10.04592096860506,12.020294879779186,6.9422437431593504,17.261597693087346,7.509857602437022,-19.289080659171177,6.1732872298094215,-5.291967240141261,5.703668869968364,-3.9270058273677795,4.77240897309969,6.263449279313653,5.931348588333059,6.303187168980849,4.390209434820832
3693_20220825_0700,25-08-2022_07h00_HIVE-3693.wav,3693,4.0,HIGH,61,122.0,124.0,-453.6706418519117,140.44486475811374,135.31921099898395,29.00818323208976,35.85063337097032,8.768105113625834,14.834224535974863,7.142659315691488,-16.30836219975458,9.073911005073898,11.212684337584136,6.756478292232767,13.434366472192512,6.973660956517948,16.08838076293061,6.654135376740459,-20.72841980839286,6.81042125821989,-5.432409278267191,5.798060565949589,-4.935308530806503,4.597823485120592,7.0239333045153725,5.339104434884968,7.375563624053838,4.5943031301818325
3693_20220825_0700,25-08-2022_07h00_HIVE-3693.wav,3693,4.0,HIGH,62,124.0,126.0,-435.53565537798966,145.86342191062553,126.83633501474591,28.573654085141996,38.38874880814028,10.014492802221397,9.807180455768265,9.959097297987068,-16.11039746825444,7.099388812916803,14.060915106825473,7.377624856764691,13.23906373901398,7.176043208709149,16.72528646146345,7.7197054392766695,-27.308804340178895,10.434727118152024,-0.5532131703189601,7.240416780579406,-6.351380285638256,5.3982540559160945,6.638208023812668,5.050279157260269,3.6953818053051326,5.421816204612147
3693_20220825_0700,25-08-2022_07h00_HIVE-3693.wav,3693,4.0,HIGH,63,126.0,128.0,-449.71300429371695,141.31759018063656,134.40119817715512,28.602195249318623,33.451868433655854,9.914286029344451,18.30255805742619,8.999792783345544,-17.687084988116943,9.42292811795335,16.235765799613443,6.385213881841898,9.58316123430793,6.378498270225268,17.9462489909741,9.753964402931029,-22.03612636090426,7.192292585053738,-6.590650643406079,5.043533223102888,-3.0173185252757,4.320646625699975,4.313409076078145,5.865008720222437,6.339075846896063,4.827810388331338
3693_20220825_0700,25-08-2022_07h00_HIVE-3693.wav,3693,4.0,HIGH,64,128.0,130.0,-451.1859865701552,142.77839021230068,138.73604836900802,27.91549501578315,30.124007456115876,8.318317111193398,19.902367391057194,8.322459802493565,-19.198195362570047,8.439071088000755,10.968509966240363,5.0844632129970995,10.92398745725503,5.45479021216135,19.228999107464247,7.624194539386307,-21.773408464917296,7.55747503515935,-4.782635311589045,5.0689526030714465,-3.6872468580755022,4.536430211802972,2.1874804349039167,4.731761303077546,7.736846862406732,4.5660184227511165
3693_20220825_0700,25-08-2022_07h00_HIVE-3693.wav,3693,4.0,HIGH,65,130.0,132.0,-452.9009891194378,139.99111001749293,140.22072841000292,28.25159703298942,29.98811927847114,8.855293468115633,22.368706702287614,7.5778507555612915,-17.80423069244964,8.224639301195877,11.588445637545417,5.790560579830179,11.921269428528882,5.456252571963406,19.14155912795385,5.745029955264864,-21.943650076431823,7.995068167341318,-5.584005363930085,3.6654213848354757,-3.053854750631965,4.421422927799486,2.8949337324412445,4.152845780969698,8.078889698925872,4.660886181770797
3693_20220825_0700,25-08-2022_07h00_HIVE-3693.wav,3693,4.0,HIGH,66,132.0,134.0,-453.77367107392826,140.89966854040446,139.08060488373832,27.588812854793037,30.892338761124005,9.528053102304035,21.487298269083652,6.899990236480758,-19.399672024902845,8.902134278669068,14.967823423492412,5.579449121332143,11.425301262851413,5.789615274637278,19.468152258157346,6.621937749082518,-22.092098639291912,7.40665554350289,-3.119413211761644,5.264123903999869,-2.883503935488241,4.541690520916299,4.4030724631268985,4.072044439863437,8.400288485061376,4.374414874178904
3693_20220825_0700,25-08-2022_07h00_HIVE-3693.wav,3693,4.0,HIGH,67,134.0,136.0,-452.6806292658472,140.59801408452756,137.80172642226788,27.118851684116017,30.888864062307864,7.205424293013718,20.00358056072079,8.179189752842536,-17.828647183259548,8.281688823761224,12.242302976412777,5.636224747964356,13.21214058707457,5.1661574328272994,19.177827376571955,6.8698957377512535,-23.5666917468631,7.40281623502933,-4.653089738980419,4.824602358642211,-3.192195428533531,5.213093449591203,4.159543843026571,4.60907770153091,7.121023855892657,5.296337580710097
3693_20220825_0700,25-08-2022_07h00_HIVE-3693.wav,3693,4.0,HIGH,68,136.0,138.0,-462.2386462053991,138.8923665353461,141.14994150556075,26.95655085210622,34.09553398532592,8.107276576469545,16.47553881421782,6.319188107931259,-18.732094876890304,7.161885868229421,14.640727647391715,5.376091756059754,10.919811598622537,5.786592291000002,17.65702184746479,6.430351412427309,-22.38333448348972,6.331817860316469,-6.698424899868487,4.648862498190234,-4.140791181246337,5.151337415707665,6.855013187832344,4.282463660445213,6.786895052854391,4.637050413082193
3693_20220825_0700,25-08-2022_07h00_HIVE-3693.wav,3693,4.0,HIGH,69,138.0,140.0,-450.2344139196469,143.80992938730571,138.0921857762971,29.07738327869203,34.344798955582874,8.601282814923051,14.357758463549873,7.329082080161036,-19.818709489675275,8.508659691184945,12.838189125330272,6.209550707085579,11.888213757671632,6.02596883538469,16.798602399323563,7.3603808897115615,-19.679773019635626,6.36190327223649,-5.9048411670822105,5.013410349361472,-7.038013369107417,5.3453348235823555,6.281345882430095,5.141617472696641,6.848372807626192,4.549203359704032
3693_20220825_0700,25-08-2022_07h00_HIVE-3693.wav,3693,4.0,HIGH,70,140.0,142.0,-443.389980120169,142.12106320546008,133.15502771952632,29.4777159834064,37.420723222125474,9.86825748609042,15.446339839267115,7.856462055577249,-20.15115347084021,8.14828077869587,17.732811070541086,7.0709624482518745,8.559751418264643,5.5661855821835315,22.906195288911082,8.242689725519316,-21.974614785780062,7.871075691596988,-5.096078698705936,5.176317026860537,-2.2393948439319127,4.024462264108754,4.852054639990293,4.990242053102947,7.515199503915666,7.287976811578541
3693_20220825_0700,25-08-2022_07h00_HIVE-3693.wav,3693,4.0,HIGH,71,142.0,144.0,-446.10134189466663,139.07551797623597,129.2684360258023,28.52162145667355,39.42478064660939,8.99803640930465,17.229807576636894,6.2604087973768205,-19.604216159114078,9.274061670455964,18.34152730139372,6.922887445937932,7.817820353818117,7.044216470674248,20.34825303409815,8.8216053462782,-22.948805132263672,7.462411097338366,-4.172251504205981,5.075151444384146,-4.287591367732425,4.644914848231313,4.367146637059917,5.135557024589839,9.814157423063838,5.426175529800718
3693_20220825_0700,25-08-2022_07h00_HIVE-3693.wav,3693,4.0,HIGH,72,144.0,146.0,-449.98836817306784,143.40431485944694,133.6219458034816,26.654095176678815,33.598609913313176,6.796531729366412,16.55676988075424,6.072196680421591,-17.02108201319808,8.231362902606321,12.966363984329625,5.391443389542736,14.801428210445046,5.420842740630903,15.492828934290587,6.473512185268934,-22.661528786341684,7.070421649481293,-4.853731034650008,4.777788134993456,-3.203856868970587,4.202868302670819,5.6760345700183175,4.446407495040124,7.302227971237173,4.9946879925173695
3693_20220825_0700,25-08-2022_07h00_HIVE-3693.wav,3693,4.0,HIGH,73,146.0,148.0,-454.3601321667187,137.71637770945108,138.4979680782468,27.24329090664044,30.801162673037332,7.359275229373799,18.341381922009575,7.481530620815855,-17.79797117864083,7.531030337851236,17.363271079626596,6.467722208540956,11.491985329404816,5.399035343346258,17.598281231112477,7.780903791783934,-22.794872579323037,7.242933995797821,-3.883379117072518,4.476507009364358,-2.033972432951608,4.982090062507315,3.0249110831195916,5.476880229977981,6.525413813718093,4.629321838963534
3693_20220825_0700,25-08-2022_07h00_HIVE-3693.wav,3693,4.0,HIGH,74,148.0,150.0,-454.655073741493,136.63901782860196,133.72928050173394,30.07774539282178,31.953347141506836,8.367625035721831,19.085427922298493,7.3642566081717264,-18.418394056895405,10.405402223181127,17.641913163782522,7.138979277209389,11.467759342266849,7.069973584470749,21.4930752025671,7.833655316104279,-20.31523898468298,7.697190410510687,-5.981577111988148,4.547063400466613,-3.023592479624164,4.501678050897169,1.0399837614560439,5.1080115383308895,8.764836597054773,4.78711442653337
3693_20220825_0700,25-08-2022_07h00_HIVE-3693.wav,3693,4.0,HIGH,75,150.0,152.0,-447.50864877478256,138.20249046003272,128.2432415485405,28.787791259274115,34.56036131944981,8.19188509495259,19.870623915354763,6.375200959734972,-19.125910855425982,9.152968823763237,15.558044082146317,6.3681759442357055,15.356912298219875,6.510415031981534,17.020683526693862,7.636787946676011,-19.28921501843782,7.2813363331246,-4.657767003839733,4.215023643066236,-5.8555338175589995,4.5154312304596615,7.046895982733133,4.795609010773679,6.474090699726623,3.915319583539955
3693_20220825_0700,25-08-2022_07h00_HIVE-3693.wav,3693,4.0,HIGH,76,152.0,154.0,-453.2937299729372,133.8872550497225,132.89370826640206,28.476158374393282,34.15114536146749,8.946047727010138,20.471648434006102,8.489850591581757,-18.274680448492596,9.146975063899303,14.688034158197592,5.64193869119974,12.24853014261178,7.128375155209364,20.65172675030791,6.50903832951719,-20.781877003914204,7.917295480564523,-5.433474514933269,4.324538420605333,-3.8439005935942,4.949502586571802,4.231587758853995,4.287386509168767,9.228166616914367,5.180692032239696
3693_20220825_0700,25-08-2022_07h00_HIVE-3693.wav,3693,4.0,HIGH,77,154.0,156.0,-448.3478818913497,141.05964972364427,129.1533398622852,27.217550812305035,37.79644842649607,9.573820884051441,15.582030640269858,7.04731901902874,-17.618332445968537,8.914995959156256,16.96221937107449,7.019003626103178,6.963483383296134,8.430882937460838,20.570888105099485,8.374409389092161,-22.023818053141362,8.475347011334497,-4.389270649605992,5.231721405918767,-4.641248384496661,5.041900724788954,6.749070461432449,5.240325337175818,8.636537201792365,4.817505159043263
3693_20220825_0700,25-08-2022_07h00_HIVE-3693.wav,3693,4.0,HIGH,78,156.0,158.0,-445.3162890726628,135.3748702735013,127.20629456883451,25.08934277556027,40.46558285392233,8.956425749522761,9.35192835470286,8.01443878315919,-12.73188203456399,6.639109131729838,14.04870622565909,5.266626825782007,14.068255849966103,5.337929517525298,15.565202208704049,6.647466970412621,-19.629709075717205,6.765454820495649,-4.039878852683109,4.4390836717284285,-2.8579096023343973,4.459942107298702,8.54202193296721,4.316992123217638,3.7502609977315324,5.033756299244021
3693_20220825_0700,25-08-2022_07h00_HIVE-3693.wav,3693,4.0,HIGH,79,158.0,160.0,-449.2223804526975,140.3221591210428,129.8369575284038,27.033506103788277,31.614810141473033,7.662620505869837,16.46182655121388,8.815793749577464,-16.047125800077858,8.116479238338572,11.282703379980967,6.849930318953675,14.99628476173847,6.146657517127024,17.45760566067636,7.489352503468195,-17.892476552348015,6.729025857921132,-7.547989602197905,5.683338005649563,-4.800211007886752,4.834799902000757,6.429806828893977,4.68642409401208,7.559371482120585,4.700405466845126
3693_20220825_0700,25-08-2022_07h00_HIVE-3693.wav,3693,4.0,HIGH,80,160.0,162.0,-446.66218217404537,139.9611505231783,134.1190045196516,27.303203788852365,32.7013327556179,7.482957033061766,15.698866526399339,6.881185336329284,-15.416930519265037,7.7040308456528805,12.33056104700016,5.023962333650796,15.822523259666324,4.91567812826846,16.002952844279225,5.378255124904552,-18.71253550291234,6.398045690107902,-8.150986418152808,4.7591701667954265,-2.4493637946561346,4.953949730687895,7.46263150353085,4.851861067543429,7.5450779020188135,5.116098868367254
3693_20220825_0700,25-08-2022_07h00_HIVE-3693.wav,3693,4.0,HIGH,81,162.0,164.0,-436.82747255229884,131.14326988443614,135.68074799466407,32.41274074707694,28.273451077089106,7.6253805040304465,21.172627609884902,7.479402286435589,-15.13698947923563,8.518006715454774,11.24119933803947,6.2002649886019,14.553863255123197,5.243213515276285,18.139753615675748,7.076797320187953,-19.407968907738482,6.807669274522401,-10.40394843943343,5.436936284739889,-2.919331027493323,4.487417389462451,6.475461030278391,4.522984911303123,10.232210074626982,4.7647076867886025
3693_20220825_0700,25-08-2022_07h00_HIVE-3693.wav,3693,4.0,HIGH,82,164.0,166.0,-454.62418076918556,135.5904490879614,136.25283924430104,28.040730079444018,34.01284739394843,7.3552834585694065,20.899069873044287,7.663089045051551,-16.07985887215617,8.415380456451185,14.150606833023046,6.810078565688699,12.04503761544664,5.678287111999335,15.610224897839357,6.663661430815912,-19.084040221241356,6.832456026079712,-7.0780421650609755,4.5355367381832385,-3.6705978613834707,4.684759217228303,7.117226070268079,4.42248873852121,6.700791134516896,4.529797802012866
3693_20220825_0700,25-08-2022_07h00_HIVE-3693.wav,3693,4.0,HIGH,83,166.0,168.0,-457.8221772548342,133.45347577914066,135.68677248332156,29.964294105312383,31.95920530033579,9.002606565937898,18.260947910406276,6.53494555843151,-16.275783107833828,8.339034467671954,15.908228779681698,6.464078879046905,12.165219006397232,5.521019662491812,18.252048173246102,7.6511598193945805,-18.078034971857857,5.521082781606558,-5.454712301218964,4.513441435463383,-1.993914972093982,5.300098466398847,7.008881620842339,4.766502521957267,6.535012388287558,5.401766664792216
3693_20220825_0700,25-08-2022_07h00_HIVE-3693.wav,3693,4.0,HIGH,84,168.0,170.0,-457.2788445173706,135.5032147818356,135.92308891723968,29.843591101968826,32.81813602349658,8.225621140776198,17.244851438434363,6.60112832906061,-15.451664990403755,8.309220675805275,13.661863859925528,5.28035864400834,9.63518930375399,4.557251089253616,18.831033738492703,6.055633218908587,-18.16123532818257,6.445242350865085,-5.12280296302284,4.6627799253113995,-0.4497470437488035,3.8764004272189694,7.696051416271255,4.467198845088658,7.138958607914918,4.245795122822093
3693_20220825_0700,25-08-2022_07h00_HIVE-3693.wav,3693,4.0,HIGH,85,170.0,172.0,-438.3510437409249,145.3835573124349,130.39221308177926,29.144026855651575,28.65751604636942,12.941240402424997,18.692535411342902,7.334958361521251,-15.601646852318325,8.87164580014547,13.344236747539076,6.734617884927638,11.844306536422184,7.230889055475588,22.214981356501056,9.146361884737972,-21.94657308212522,9.711512183861407,-8.321644811955984,4.922251797250496,-1.8928714580807784,5.128371375939221,6.719992884606785,4.686143748529201,11.409116013425677,5.636705726559676
3693_20220825_0700,25-08-2022_07h00_HIVE-3693.wav,3693,4.0,HIGH,86,172.0,174.0,-447.03647970919013,139.19838118094734,134.66118294776834,29.41258410464945,29.222861540276856,8.90166003221913,20.295401137809257,9.306091569673399,-13.942465654663083,8.477769784862966,8.84835652660149,6.296180267329505,10.631499296889801,5.9338676570907305,17.49649005746204,7.312370356852962,-18.94792658177259,6.2639750222032395,-7.818791953803555,5.527313807841343,-1.3680989025995456,5.796768232452124,8.696553893463847,5.111912981621537,7.888495496305896,5.745942141322184
3693_20220825_0700,25-08-2022_07h00_HIVE-3693.wav,3693,4.0,HIGH,87,174.0,176.0,-453.05873884442127,136.89785530791966,135.12327078576578,27.86122235642311,27.16146602757462,9.496127314371408,21.498755882666007,9.361738551368896,-17.656399287121758,8.045547575796162,9.491140142876779,5.479550946408614,10.326565743086622,5.841788817811395,20.605632596207702,6.653532493298635,-20.034854838070448,6.422437967682491,-6.462654202808624,5.811348691957479,-2.6291091850775663,5.251854588106926,7.507609064199217,5.29385294227791,7.059055313557058,4.8311817749406565
3693_20220825_0700,25-08-2022_07h00_HIVE-3693.wav,3693,4.0,HIGH,88,176.0,178.0,-460.5474210902246,136.75593318345446,134.98514033822332,28.416273282286866,31.662738651100717,7.7599273604615835,21.13185445974253,7.534374125197129,-16.044856994344553,8.163937416622186,14.817158820983419,5.625758337597059,10.00905904329536,4.116209062981764,21.11495440049285,8.155004227116379,-18.149985559398534,6.545236812407489,-5.678766180103364,4.900773229725172,-2.0436630285854296,4.856834691924437,6.300308372573052,4.865451258953011,6.852931978255692,5.058129086669716
3693_20220825_0700,25-08-2022_07h00_HIVE-3693.wav,3693,4.0,HIGH,89,178.0,180.0,-444.14933046888916,149.82146190955572,131.49143033854293,27.36114724435547,36.81307409819459,10.324017249449582,16.676107607684813,8.261582921540722,-16.542601403377237,8.42226270311094,17.11374144279241,6.438783595457754,6.03733237497901,7.909652073354427,19.400008943683467,7.277586539357341,-23.45489017550369,8.42187555778895,-6.480506144656984,5.115516312118296,-4.665977403794094,6.026681118879279,4.436285407423601,4.398720400805142,8.795792385256668,4.741836871603483
3693_20220825_0700,25-08-2022_07h00_HIVE-3693.wav,3693,4.0,HIGH,90,180.0,182.0,-454.0670480126038,138.6033316145288,134.848959409409,27.411164111606837,30.92096863657213,8.52056717528567,18.129099064311994,7.197555769997425,-17.21386939019914,7.683806894214049,15.229894048688571,5.909866298776408,11.649020807508055,7.034563546530695,20.574265061842933,6.627835985363358,-18.6145225099195,7.592104199132109,-4.894460895932169,4.072353498114797,-2.7823909101382576,4.134761654487339,6.976801455009399,4.6402617277405005,8.951824364590143,5.573698949248304
3693_20220825_0700,25-08-2022_07h00_HIVE-3693.wav,3693,4.0,HIGH,91,182.0,184.0,-452.4133255764399,141.70583876454987,134.3348115697531,27.382670918749024,30.67826936051004,8.783952326528114,17.832678647800176,8.40447685920307,-18.351455313995835,8.48754085852982,14.32949853246209,4.775755035242525,8.539973957743245,5.088791870847469,20.394270067565024,7.471902920853472,-21.016168268476466,6.776060151784627,-7.190640799964924,5.684347576634435,-5.304895294990893,4.027159841717906,8.399183409875446,4.945185699183902,8.959639157813749,4.659399846733956
3693_20220825_0700,25-08-2022_07h00_HIVE-3693.wav,3693,4.0,HIGH,92,184.0,186.0,-447.8144420199452,134.9417890813573,135.26036356307117,29.232188003579807,26.956965172030504,10.611127116822363,18.676347584454252,9.69676761936686,-16.39824806370151,9.14634128854434,11.630309155920816,5.003150140075514,10.821090567976945,5.470706206618436,16.169227735747633,6.254716659520773,-19.62236823331726,6.162847262485701,-8.306481296648464,5.873325697723086,-4.441381108495237,4.812644534729196,9.783887931290382,5.518906132224233,9.38258435978599,4.905139465424589
3693_20220825_0700,25-08-2022_07h00_HIVE-3693.wav,3693,4.0,HIGH,93,186.0,188.0,-452.4355450235832,134.7276813000564,136.09749724956808,29.67865827817774,32.39966549631009,8.79010089549891,18.594510417398347,7.381597788174823,-16.54916796671416,8.154233650403137,13.43460430950955,5.5497062782051305,11.615197636208324,4.818198156987127,17.02510497059888,6.667674762717538,-17.61990076359329,7.679203314115807,-6.508558297043248,5.8211297943763105,-5.002874899749949,4.675274214917475,7.639014953661864,5.282069070343311,7.261968507003504,4.769386872103636
3693_20220825_0700,25-08-2022_07h00_HIVE-3693.wav,3693,4.0,HIGH,94,188.0,190.0,-453.0284142453884,137.7288021511621,135.70818096605007,30.30365052663401,30.431833560721508,9.522156499609642,18.89903314107737,7.706901449933507,-16.447613301248293,8.544656616493626,14.397280704740075,6.212034350678724,11.372812316179287,4.88171484454509,15.981301365277583,6.88138640761678,-17.01918586862901,7.589771177496008,-4.583626141426527,4.641266970982658,-3.4944861625522994,4.568815464441401,7.448174487086493,4.523370552712798,6.308588581941768,4.1955348218577795
3693_20220825_0700,25-08-2022_07h00_HIVE-3693.wav,3693,4.0,HIGH,95,190.0,192.0,-455.0384823740859,136.85062495164547,130.3363617917342,28.128834774704398,26.304802774924205,10.263514887224117,28.47476371416888,10.897518409235907,-18.723123250306884,8.288451370633862,10.225688786026423,4.858698767849339,13.744355752768026,6.2913231707678685,15.928871374266807,6.117645072436959,-16.83448169550406,6.85721535353437,-1.4814943436693617,4.967791019957547,-3.5163775921452527,4.815612386065353,6.036447746585785,4.8919842492551195,8.59198132792754,4.510582908599045
3693_20220825_0700,25-08-2022_07h00_HIVE-3693.wav,3693,4.0,HIGH,96,192.0,194.0,-462.11297029154764,131.10352930587896,135.9579924870847,28.971362899917448,32.35254135371184,8.162347294081268,19.063653164119174,6.885298833674045,-18.106444256743483,7.285562805313975,14.186708461255332,6.659292381675571,11.381065135874206,5.301311809181767,20.304275730532094,7.700532764425878,-17.595866044809927,6.258361485436936,-5.289439433504838,5.490002517765592,-3.2543766116898216,4.663056318309016,6.5096661747067674,4.3099580838136005,6.888803500252468,4.455087967196392
3693_20220825_0700,25-08-2022_07h00_HIVE-3693.wav,3693,4.0,HIGH,97,194.0,196.0,-451.84798133610343,133.56424078864094,134.03755839521793,31.11280430907245,31.750720929223267,9.53531403476236,19.873359876375083,8.468307374657268,-17.714853488632265,9.729493653641788,15.3031441246293,6.349032602289137,10.082514942538163,5.88553907510823,17.155292093851184,6.501993276785071,-17.700319830018284,6.9981774710563,-4.809890812262138,6.620079848385578,-2.309595467884118,4.213700267746066,5.551145393649471,5.067940191740018,6.673628445105235,4.936741876941441
3693_20220825_0700,25-08-2022_07h00_HIVE-3693.wav,3693,4.0,HIGH,98,196.0,198.0,-463.03279343584956,136.59583820915674,138.4268196024622,30.606813100854396,32.04130380497447,9.329068457106048,20.371813794696312,8.37460645372242,-17.123853777351876,8.884641924206415,13.383611816553323,6.988204520510508,11.993933232619305,6.279053653865746,17.511502382528818,6.8237335803723616,-19.67126822052436,7.434069095468353,-7.8176581557032065,4.551431851506287,-2.953672465600492,4.993115137822187,5.844010965273682,4.165035714334645,8.757891484427713,4.727499089497933
3693_20220825_0700,25-08-2022_07h00_HIVE-3693.wav,3693,4.0,HIGH,99,198.0,200.0,-456.89050195458464,135.78793128192225,135.06194503777698,30.442565376830935,31.294063119384646,10.516290470520575,21.809316777707604,9.589063882361337,-18.25679073360563,9.772566631910351,11.16420796551954,6.73267808306081,13.967537935050466,7.743988551171005,15.32076200966054,7.247570102254107,-17.546840567121965,6.094614996951856,-6.227755457832294,5.077922260522177,-3.7084023152583594,5.47306552196113,7.384081586075487,5.336637320594477,9.137690898402942,4.526603083545702
3693_20220825_0700,25-08-2022_07h00_HIVE-3693.wav,3693,4.0,HIGH,100,200.0,202.0,-421.2906219023085,147.97767920436607,120.24292520291036,33.642183204773666,25.79525227269842,11.737771687595968,26.963169272019822,11.847455075012233,-24.30745789355839,10.277665450988,11.053478636563872,5.631892320806722,12.756709673145004,5.048929904210862,19.139735463618315,7.231730785261363,-18.80587794534943,7.273964317341254,-3.497616845266928,4.879879249349942,-5.206494658608519,5.2167207895709256,5.2883804309076,4.688157864965568,8.751702923260753,4.642546292987039
3693_20220825_0700,25-08-2022_07h00_HIVE-3693.wav,3693,4.0,HIGH,101,202.0,204.0,-384.22033821822333,155.8216848959736,107.65975177925799,33.51709420918733,25.163615165579607,13.715293550609797,26.887753221802033,14.790838613836275,-19.157780171250018,13.532851874774837,11.045563286521832,6.6666472638701615,13.520754049860807,7.067122287793368,15.694505691938266,7.683168712366009,-16.939600456791727,8.55915755622393,-5.1504304825689,5.51473194790268,-5.511398052015352,7.056828585421309,0.7513532506548147,5.397541895475789,7.636941837438556,5.720867509037387
3693_20220825_0700,25-08-2022_07h00_HIVE-3693.wav,3693,4.0,HIGH,102,204.0,206.0,-443.91796584329353,130.5324882587082,131.4086065453512,29.431595047715547,28.73400211125663,9.628564272295922,21.758595847416665,8.821311166662694,-16.75374464358422,8.96816798082955,12.366495260453332,7.189003996284103,12.770285178687525,6.514049800027113,17.883608368710483,8.16000824434908,-19.693782119654355,8.20292416005934,-5.032059097194801,5.183335814223899,-3.2559719782555074,4.795319849305593,5.070066225600281,4.708743676086343,5.851773807487306,3.877357339865656
3693_20220825_0700,25-08-2022_07h00_HIVE-3693.wav,3693,4.0,HIGH,103,206.0,208.0,-433.1411895223153,133.90365265591106,129.23784014435006,28.026607095008167,30.062623542130712,11.300354754849023,22.062986037517618,8.809010989745707,-21.764588523014304,11.348284937644975,13.250902571803593,8.345323039133438,11.228372457142639,5.1054190827850405,16.089553069735842,7.092782952399825,-21.527301798721883,7.2420579328973975,-4.4287221661421885,5.461303578253404,-4.994240301191435,5.905832034668764,4.713500903020308,5.5815764792176195,5.996864161075096,4.9007104933837145
3693_20220825_0700,25-08-2022_07h00_HIVE-3693.wav,3693,4.0,HIGH,104,208.0,210.0,-446.57117018083915,134.93592342777345,125.40593027419426,30.07417440704793,35.27172795644006,8.36682056257955,18.236959250686635,6.641657301031413,-16.414209117441327,9.947054795568317,13.529167333635163,6.72640172010461,9.57829808923082,6.302928511692108,17.18137067943456,6.835565847513067,-19.761183161842037,7.531102064029705,-5.603983449936225,4.889162062740986,-2.248490776880737,4.243684703389738,7.680098739624751,5.160531486495325,8.546476746080227,4.523643301108158
3693_20220825_0700,25-08-2022_07h00_HIVE-3693.wav,3693,4.0,HIGH,105,210.0,212.0,-457.5068307383221,133.40574644952332,129.5946571869554,29.332722539907653,33.025392361161245,8.436443920682184,20.227095116107154,9.355094241021026,-16.999005064044425,9.586108443033918,14.832279893087023,5.329987308947364,12.638669692453815,5.619509702728945,19.03591260059887,7.686631746224477,-18.60836815604389,6.000867258877456,-4.509214597795614,4.595537937134324,-3.156292936222203,4.184944347613774,6.859334838268703,4.084659425274778,8.868473956523086,4.633584334266567
3693_20220825_0700,25-08-2022_07h00_HIVE-3693.wav,3693,4.0,HIGH,106,212.0,214.0,-462.0428399975069,132.43561507604184,134.98122816505094,28.937001431869056,33.16547030065393,7.772668790109881,17.876976017269516,6.355824743053214,-18.70468838673101,8.881206245273361,14.950861661060902,5.615229746730627,13.139547077698092,6.0050774260420425,17.9098821355374,5.224643023373876,-17.896658069825637,6.7885208554272864,-4.493109791832513,5.152444272597879,-3.84912797348449,4.9964715537628495,7.016109830703029,5.324500645709597,6.883916957778212,4.734872036149642
3693_20220825_0700,25-08-2022_07h00_HIVE-3693.wav,3693,4.0,HIGH,107,214.0,216.0,-455.64956053717174,129.2795339399084,130.97718996103822,31.45622790251273,32.480132096238094,9.185752070188585,20.247891632408454,8.03906659313089,-15.039632428588291,8.140423619957788,13.457304478324234,5.71021774052709,13.297676368868828,5.600588999184332,17.465724089754563,7.485924047041491,-17.155809011990584,7.192497550670316,-5.458934492555484,4.12583681641296,-2.7403793597890624,4.768326361702169,4.974457090894941,4.8100084816495725,6.781618745712549,4.562785218176732
3693_20220825_0700,25-08-2022_07h00_HIVE-3693.wav,3693,4.0,HIGH,108,216.0,218.0,-457.88368802727575,134.93492801166417,135.75751543423246,29.39244185851816,32.3331479406774,9.032247995603736,19.05084446118739,7.56209107568552,-17.705962156001306,8.791397635836208,14.101484797539705,6.332105964594599,12.281042398041421,4.921698240309566,16.407918732338686,6.834434910067724,-18.526522554221874,7.042330404039691,-5.556929519321659,5.9329330282590655,-3.4297462328800066,4.704949257534697,6.815693008720653,4.477356915492157,6.98216709793637,4.36478992669264
3693_20220825_0700,25-08-2022_07h00_HIVE-3693.wav,3693,4.0,HIGH,109,218.0,220.0,-460.7882459915318,131.88023485098822,136.32374989008636,30.27435565731663,30.778242474241285,8.340166555602295,17.967386716367393,6.880917186363202,-15.711710191949578,7.985613423940168,14.305498119344472,5.821036219549785,13.615286593974554,4.940942826791624,19.545273149906578,7.206157924577365,-17.68798899459596,6.390723827033452,-4.952245188865339,5.226077612944285,-2.4813971097272653,4.87172146588561,7.84230054628101,4.795809851745322,8.219093734853194,4.799344367253589
3693_20220825_0700,25-08-2022_07h00_HIVE-3693.wav,3693,4.0,HIGH,110,220.0,222.0,-430.5397180868002,130.30794426562912,131.2117280305738,32.749769994034,30.10719371401394,10.116953484156609,20.957384234282493,8.314765325188906,-15.887250803002049,8.738004665421483,12.547829456214549,6.710280412441829,13.107725482253212,6.044278843429985,16.585016105726833,7.829119138399528,-17.996819207244428,7.615352766963114,-5.5127472766041254,4.7035100202522795,-4.048853782128921,5.005528954725864,2.8009864089828924,6.639416890890029,9.334520262025112,4.4982855969927185
3693_20220825_0700,25-08-2022_07h00_HIVE-3693.wav,3693,4.0,HIGH,111,222.0,224.0,-459.1002402057026,137.15512444712908,135.21256487958343,27.91918702368777,30.70104017022663,7.749120955621357,20.133393582687283,7.420468616910476,-16.864876924827144,7.662201474582703,13.052703706720905,5.7868495319796045,14.184175896345703,6.379502545272754,18.700180454871465,5.985823658721101,-18.68871261050062,6.782563529742387,-3.3194743424767,4.879816360712247,-2.6506340442269125,5.07932283177221,6.909742049656661,4.315831155675551,7.955477785984094,4.020735962065083
3693_20220825_0700,25-08-2022_07h00_HIVE-3693.wav,3693,4.0,HIGH,112,224.0,226.0,-434.56317826852467,151.6091401290382,128.68236652965933,31.79876631303308,31.740158632502226,9.03398912311332,20.510436144321723,8.694985887395276,-21.330465554162803,12.00781950700932,14.383557464080758,6.693044569691936,11.100224586378014,5.746743403934959,18.027766007046974,6.191418892501111,-17.62048131409593,7.306423004600873,-5.5686235404885345,6.340673426782631,-6.6066837773012885,7.730726240007439,7.503010701037658,6.07255296466798,8.86463431563921,5.721413117931756
3693_20220825_0700,25-08-2022_07h00_HIVE-3693.wav,3693,4.0,HIGH,113,226.0,228.0,-445.1243767675037,137.51400834810389,128.35591416638206,30.203799455279135,31.42221304548914,8.505679043345882,22.133250990765315,7.142911484494041,-19.151035557597808,8.151178551186607,11.097780490095952,5.261658267064098,15.268810610819502,5.727968971581831,16.49168462036558,6.750493878052381,-19.98698735718497,8.540655555807772,-5.614226417774974,5.406887141224349,-3.937016817495323,5.959755383408793,6.079864447615164,4.085858714882442,9.377009304191033,6.243404633929195
3693_20220825_0700,25-08-2022_07h00_HIVE-3693.wav,3693,4.0,HIGH,114,228.0,230.0,-458.0084045658111,136.58312437098198,131.09931464971018,31.238413558248187,37.228895568399324,10.88317324592391,17.242608280605303,6.144862833111477,-17.301083573032813,9.522940090511524,11.87337858710137,6.026676282454603,11.874893089665239,6.761850344144926,16.873031981554124,8.441746085485246,-18.90108238308557,7.138477330095081,-4.028596478228122,5.386857896254439,-4.417749044950275,4.790827029575092,7.04414806792078,6.223659542458083,6.712116020429478,5.248731865421228
3693_20220825_0700,25-08-2022_07h00_HIVE-3693.wav,3693,4.0,HIGH,115,230.0,232.0,-452.3243348139351,132.31813307766302,132.50554923607885,30.764541782492955,36.08152947972922,8.896400487389277,17.78206309103427,7.3841526225800305,-15.095857668410982,8.166791492905723,12.086014153537642,5.9712642435820324,15.698728651391924,5.773426783020268,13.444544019531824,7.607761952166998,-17.24643676194711,6.5101167612811235,-6.379486023878197,5.177109118929955,-3.3373419796136865,5.636114903732624,8.670700167407139,5.046937140213625,8.77728932404549,4.6289902151660645
3693_20220825_0700,25-08-2022_07h00_HIVE-3693.wav,3693,4.0,HIGH,116,232.0,234.0,-448.02780547618386,141.70622631407517,132.7939868223849,27.0429639032829,35.07484331336921,9.216697638154304,16.760692735405268,9.027828152002389,-15.037417313040901,7.298303789082238,11.028690348836934,5.821239322748405,16.979500151537547,6.362924758984957,12.91197309679273,7.235301095671969,-20.73157545275392,6.564124997694988,-8.041959684891232,4.608519800083061,-3.8827736682074416,5.390116988967921,8.657833319209361,4.577283142905041,8.559966140559082,5.155133840396969
3693_20220825_0700,25-08-2022_07h00_HIVE-3693.wav,3693,4.0,HIGH,117,234.0,236.0,-444.7805736782134,138.68535984051888,131.2843212543578,26.19661092789504,34.22128396999274,8.792775416399119,17.330815933945296,6.563587276868749,-16.105670881649203,8.195870444097926,8.983162129206514,6.192513447013517,17.628701481594028,6.631096826896992,13.111241948315387,6.839408059572327,-19.17526757051337,6.142914215098204,-5.737115865044316,4.1984160289097385,-3.270349612413246,4.353148121572236,6.0870935952114795,4.4717763963769706,8.09454853009827,4.428959697461748
3693_20220825_0700,25-08-2022_07h00_HIVE-3693.wav,3693,4.0,HIGH,118,236.0,238.0,-452.0674213034882,135.29615589052256,136.7613262797574,28.754578955630652,34.28623255243964,8.078060062497485,20.383530452972384,6.295149149977049,-16.561425821458922,8.522453686061795,11.260423373692923,5.496138119809697,11.966917268320017,5.70366373251922,12.948541660278462,5.707706635393905,-20.85906970122368,7.21018921631017,-5.969592472186639,5.286891415812038,-3.7973246095470734,4.412656718979967,7.107963945162366,5.5591340014116675,8.867973254773956,4.928752912472839
3693_20220825_0700,25-08-2022_07h00_HIVE-3693.wav,3693,4.0,HIGH,119,238.0,240.0,-456.1134521754295,136.81691215400159,137.691841965052,28.642058223963474,36.8513049300592,8.414233208436011,18.940361095846534,8.020778208678122,-17.188249463068495,8.713183526506308,13.082881620961803,5.223903357612525,10.925562941465875,4.665004555847259,14.720222736283512,6.540207824108332,-20.29665773745575,6.072597873550424,-5.423838158699516,5.201958606857091,-4.008736226318839,4.786966092754037,8.714552279994988,5.451726879788406,8.712242150120954,5.1214539705342705
3693_20220825_0700,25-08-2022_07h00_HIVE-3693.wav,3693,4.0,HIGH,120,240.0,242.0,-458.40340219523904,134.6739460621247,136.21272874784867,29.81180339573253,35.657075828522785,9.28278445868391,17.507652303546035,8.320287000807836,-15.567678389158525,8.766628878882123,13.064544773692898,6.169819760765088,10.80758058455264,4.322583144130501,15.68754469958892,6.640512342370818,-19.505703465494925,6.807194653962194,-6.476511604376446,5.233428094441118,-1.9342588780203398,4.676838921304403,7.823532584392264,5.179943909125282,7.186392335086052,4.6656175516540275
3693_20220825_0700,25-08-2022_07h00_HIVE-3693.wav,3693,4.0,HIGH,121,242.0,244.0,-458.59179016221,138.32358440838135,135.17993176523868,28.29609987352533,34.725358269557624,8.27527249060735,17.870294216289626,6.51139655981658,-16.476959836110055,8.092149032725155,12.798313398485083,5.3043022458681905,10.296768898812418,5.565369247551491,16.36927773506804,6.211100579736586,-19.086495277188792,5.930597904256572,-5.2508669150425265,5.425050588424586,-3.762040431314036,5.119515340553178,7.00704837807607,5.006022495986964,7.70630979784611,4.488030863079201
3693_20220825_0700,25-08-2022_07h00_HIVE-3693.wav,3693,4.0,HIGH,122,244.0,246.0,-460.8872238002304,139.3095325471724,133.84055430300728,28.660948652967125,33.914644225404665,8.755498686786972,19.411982715836004,7.454690152482379,-17.003005950717103,9.166568210916806,14.316727161191618,5.963194200492856,12.315922155550096,5.870592340265275,17.72258970428399,6.085121221963394,-19.10088052801722,7.1885380450064265,-5.160651360889331,5.431222884916169,-4.358058027645694,4.875151062557935,7.080862414034238,4.861718981143324,7.456353691394155,4.891666693055558
3693_20220825_0700,25-08-2022_07h00_HIVE-3693.wav,3693,4.0,HIGH,123,246.0,248.0,-458.62821884722854,137.96333819612235,131.26218876287464,28.23112260341255,32.974565296559994,8.725004585983433,20.912759767922328,9.498274413380658,-18.176184731388176,9.96089276986714,15.86261770755059,6.445099539182301,13.092591138158435,5.650567885538728,19.352508881813208,6.7576200602943945,-18.388788267365324,7.920827890379034,-4.382820798369709,5.631350028288954,-3.3344569981631875,4.790508367776543,5.8691637325334165,5.46302425130486,8.760949271095628,5.122444193525962
3693_20220825_0700,25-08-2022_07h00_HIVE-3693.wav,3693,4.0,HIGH,124,248.0,250.0,-460.43608533882986,132.71149836848753,135.40337248570108,28.788106819942676,34.91388711767479,8.792313082404885,19.112862883568948,7.526428282695983,-14.868783180736532,8.29109183386759,14.857646952538037,5.923840709477494,11.650121719555672,5.4223292740599085,18.30959969737425,7.537178182758558,-18.14699457357908,6.441257547594291,-4.314092028182445,5.114418273106769,-3.4423476381833233,4.511612567417051,6.484525273748962,5.280913154685019,7.357587567249354,4.8992951707274575
3693_20220825_0700,25-08-2022_07h00_HIVE-3693.wav,3693,4.0,HIGH,125,250.0,252.0,-452.41541709763845,132.12345209313003,133.67812791945883,29.56369530431156,36.627963445670076,8.37495734280938,21.62159292108749,8.279658967162405,-14.766042556021288,9.648911157337217,16.36879426085438,6.207680767635396,11.86857170406367,6.702364649664066,19.60141376474545,6.893718320255621,-20.248394149701937,8.684003136564355,-4.906636934114162,4.93222850094028,-3.0658944458375075,4.673511374693195,5.6038174101662,5.198679497924573,8.95805231204892,5.0231989481099175
3693_20220825_0700,25-08-2022_07h00_HIVE-3693.wav,3693,4.0,HIGH,126,252.0,254.0,-456.08299326375044,129.17586396094376,135.7424789070738,31.7392791782484,34.8143114803635,8.98205267799404,16.337042621416586,6.441951692306165,-14.159788150837148,9.28001712867958,15.578975035098816,6.21614649030692,13.620006831776127,6.792669701202602,19.035844284999648,7.74413317065734,-15.1128142914636,6.45836719190244,-3.970787016102978,4.5511984670281,-2.7661803358448585,4.61661807918435,7.6320689866675275,4.8513755379494405,8.878849854973904,4.997624520525057
3693_20220825_0700,25-08-2022_07h00_HIVE-3693.wav,3693,4.0,HIGH,127,254.0,256.0,-447.52865672646436,135.68641760893786,128.69699088791222,30.798857661531287,37.69803199164323,10.285933993982924,17.16549806042745,9.15968388615589,-16.82757140242803,9.532669176624859,15.869726928970703,6.704782526999565,12.837232326264294,5.647131068939313,17.12900508197583,7.595928785387289,-19.6313004159008,8.298033701335848,-4.039632327422906,4.917572860299459,-3.791625312665972,5.434531962333702,7.354926851582992,5.236215746000272,9.373555134756444,4.936204526885765
3693_20220825_0700,25-08-2022_07h00_HIVE-3693.wav,3693,4.0,HIGH,128,256.0,258.0,-437.99054307425547,126.517463308058,127.94898947074466,31.89846474167901,34.0171685481802,11.33194683469646,21.28091852212764,9.763752527515846,-19.451435020125384,11.026606988657951,15.006250510431991,6.202909687837063,13.11422977855294,6.279964992910488,15.233163450420863,7.353157137536426,-21.208987748487367,7.865751597320072,-4.799543808639717,4.900246235731979,-4.757004326271929,4.731317325727292,7.874390701491629,5.322249687994616,7.07272854023097,4.825661186119816
3693_20220825_0700,25-08-2022_07h00_HIVE-3693.wav,3693,4.0,HIGH,129,258.0,260.0,-457.7992961654339,133.72599905069487,136.10418946066545,29.242302786560327,34.683940054959905,9.510655511511738,18.68833685303268,8.173339424360524,-18.191662618724134,9.107046129105424,13.43918162188951,5.317569394895752,13.124259817698382,6.009060099829884,18.827406588099254,7.385088644280266,-18.87087561110906,7.149031565019934,-5.837100355891104,5.450448651429763,-2.6419995203685054,4.214038517155379,5.938486039731943,4.101611575731307,10.517499837501711,5.372815584565718
3693_20220825_0700,25-08-2022_07h00_HIVE-3693.wav,3693,4.0,HIGH,130,260.0,262.0,-452.05628044641355,129.15280729998307,133.07346105424762,31.89525344669913,35.9435575234219,9.37990825386371,17.91287526838282,7.48029893547075,-14.91031490604569,9.543614430997405,14.693501925944885,6.318455273004031,13.003619376629299,5.934597161831262,17.78351314221053,7.345512667414853,-17.92813603006845,6.975833621806236,-6.078572710851524,5.277044591990943,-2.738611774943924,4.24655004976248,5.611542745030068,4.9765199994795095,9.054786245752963,5.540075001871899
3693_20220825_0700,25-08-2022_07h00_HIVE-3693.wav,3693,4.0,HIGH,131,262.0,264.0,-458.89369487783244,140.23400967822607,136.0051697847979,27.720251205291447,38.18811453826509,7.7804424488740835,17.988481353304394,6.808843448866515,-15.651071089268576,8.324337503493634,13.940344840117913,5.338186520308554,12.912948021189889,4.6229245388963,14.727721766095373,5.898025232537406,-20.948050573318376,7.784155552261715,-6.306071944744871,4.557652737179566,-4.685465801072104,4.820975579484007,5.92081378192141,4.205901485321309,8.76404082782628,5.20238700462073
3693_20220825_0700,25-08-2022_07h00_HIVE-3693.wav,3693,4.0,HIGH,132,264.0,266.0,-450.56733572208265,136.47317983575292,137.542092977864,29.132262881496658,42.414581902602286,8.850817681931238,13.646726633098684,5.7437415012600646,-11.496752842435544,7.54343882607977,11.006116235817816,5.405767931491737,12.461895295378365,4.8472054932290645,12.24207710033849,4.698055936762565,-20.95037102506628,7.377995412616956,-8.794115175598066,4.955346570829588,-5.029536940997603,4.346571003480684,6.32754721046709,4.529217373759419,7.115378359011928,4.564088263270776
3693_20220825_0700,25-08-2022_07h00_HIVE-3693.wav,3693,4.0,HIGH,133,266.0,268.0,-450.43390015157354,131.77619296402824,141.99613197339184,30.64284587824982,37.41830783329791,8.84594321308408,20.06093865695129,7.94871841032149,-15.082246532154656,9.094565195406702,14.194268233744614,5.604285148964018,12.241758916316963,5.629355556065866,16.958626905906744,5.89853599982392,-18.50790395000509,7.57260085445324,-6.860627955367507,4.610508476767867,-3.996750964167618,5.093966328621848,5.486229779335801,4.395626615230935,6.3825678816405205,5.178230215729286
3693_20220825_0700,25-08-2022_07h00_HIVE-3693.wav,3693,4.0,HIGH,134,268.0,270.0,-452.4812545366705,130.36974955289767,139.7723333812989,30.588728089188713,38.69669090168391,9.24127140253703,20.65208148417945,7.803478465378002,-12.314661947934656,7.497555799746578,13.712913011513152,6.104852767966157,13.047059809580581,5.699866280717805,17.335756982626144,6.563209623044387,-17.91669648889841,7.597566857760172,-5.441893089533161,4.689991747874237,-3.1373659545916928,4.986884781191259,6.0350949225393595,4.576965295285063,8.212075881356135,5.485339625487488
3693_20220825_0700,25-08-2022_07h00_HIVE-3693.wav,3693,4.0,HIGH,135,270.0,272.0,-450.05550192563913,129.7194353175688,140.7695719654013,31.44155340815435,37.88201480134063,8.645095434892088,21.058909839640233,7.215190376591064,-12.811437806744182,8.637358854434424,12.93393872596867,5.298898717846556,15.38308261045908,5.540508911752877,16.560738799305348,6.520558193589132,-16.550397686458584,5.714804816670824,-6.681689778041781,5.034087487735572,-4.5642854418859455,4.246935438231415,6.069038321938363,4.788483911810554,7.61476288270135,5.012431201613154
3693_20220825_0700,25-08-2022_07h00_HIVE-3693.wav,3693,4.0,HIGH,136,272.0,274.0,-448.9374324667382,145.86841329875799,134.42359178568944,31.887605879643264,41.79313484241183,8.186505239803934,19.074346150566342,6.1496992449364205,-15.655253312493366,12.622115097086786,17.22544354991026,10.256614619659452,11.040054293670424,6.168741671629396,15.927884959423844,5.921832046616493,-19.41025167855333,8.096882470105436,-5.4477593287108395,5.450609473156239,-3.7314682578372564,4.762933817955733,5.320381756731914,5.144894699148771,5.908265146550978,4.982143528541341
3693_20220825_0700,25-08-2022_07h00_HIVE-3693.wav,3693,4.0,HIGH,137,274.0,276.0,-453.8370424860581,130.15814039716474,136.82357703649006,30.579319902464672,38.51814100002109,9.316429626782552,20.490650470287076,6.833511984741384,-16.631314544827266,8.806156373069353,14.958160524001876,6.916407587923684,10.480074071595402,5.91416972220573,16.905603931668455,6.254348907647689,-18.66337831398042,6.15096102947773,-7.22864230605258,5.175527554969943,-3.6064328475393537,4.17620700503801,7.057274371997173,4.7242910191255465,7.427729747137767,4.4662244922268135
3693_20220825_0700,25-08-2022_07h00_HIVE-3693.wav,3693,4.0,HIGH,138,276.0,278.0,-429.4688896976689,141.29692994286003,128.18762210292738,30.9943767007142,39.37673243657474,9.702356343067295,14.817187972883358,8.435172073716096,-17.15603947514165,11.44118547312732,19.329507788772727,10.199451060523094,13.13832342997294,5.51695146715669,14.40384843319916,5.802892301212786,-22.34538512273698,8.6275437061759,-4.797812801201713,6.421121509093362,-2.0878890435997777,4.741054066645113,6.036512898271412,4.694585451331339,5.2130192886572555,5.646330404932231
3693_20220825_0700,25-08-2022_07h00_HIVE-3693.wav,3693,4.0,HIGH,139,278.0,280.0,-449.6837659912989,128.83809070093335,138.0527300929638,32.566902089887975,36.92846311297524,10.300266511568413,20.537301477024755,6.972291337625204,-15.120881708846403,9.58682316429397,17.725988633220418,8.111564436489656,12.467517193384051,5.086207648923176,17.570054504136955,7.318554712404736,-19.671038570956895,7.053481532357034,-8.104070403201101,5.737982687910114,-3.8870471277738043,4.334192078746979,6.19197126698898,4.840088273221752,6.722379732675605,4.506048320975251
3693_20220825_0700,25-08-2022_07h00_HIVE-3693.wav,3693,4.0,HIGH,140,280.0,282.0,-439.8622925310972,144.23563908029809,134.57576475503998,30.387291943645604,34.975502550345986,11.273218215415016,20.30871244693406,6.574441272525843,-12.178849469820788,9.711818412461364,17.959081764890456,6.072141403820183,11.545084454767668,6.591968489500059,17.577183697091304,6.6537416905007865,-16.525502819002888,6.170080987694603,-6.004908628886296,6.3531643184211335,-5.162612744874624,5.053028037503712,7.374932944425718,4.48921869047753,5.68009291747992,6.327010092473604
3693_20220825_0700,25-08-2022_07h00_HIVE-3693.wav,3693,4.0,HIGH,141,282.0,284.0,-449.56032066931215,128.00195661153495,137.43628124829644,31.789155894355385,41.35340986928164,8.72266893117923,15.164472232811324,6.730247730505951,-12.87397512657122,7.586460521461224,14.904884084075398,5.756343188832524,13.610907974580428,4.862290752259181,15.161915594120527,6.306777803986174,-18.783536883861153,7.154754790261772,-8.295237932368867,4.412676470379078,-3.60322787969471,4.177911985015046,6.7625313341260345,4.573261531654041,6.787508609760204,4.473180519562903
3693_20220825_0700,25-08-2022_07h00_HIVE-3693.wav,3693,4.0,HIGH,142,284.0,286.0,-455.22452646375956,134.481294826034,143.02023184357077,30.52058489852693,38.83363674367373,8.560118916176398,18.838522004675948,4.8778026790716265,-12.478308896814603,7.583322840184695,14.924772930969981,5.833468362998994,13.894300805948522,5.3077760258594315,17.568335704096633,6.083313509744418,-20.66543411331096,7.759713484251881,-7.075247692592494,5.383021755983219,-4.549707369858369,5.5714714950201065,6.09665674726504,5.065239885348759,7.242050891040814,4.424848637396114
3693_20220825_0700,25-08-2022_07h00_HIVE-3693.wav,3693,4.0,HIGH,143,286.0,288.0,-454.9268525256988,129.06408932262983,139.21808460247087,30.21703045774912,37.935079704733795,9.37438208629763,23.959979288294434,8.56704644649059,-12.044805896332248,9.12321540393187,16.731374215561193,6.454291016577369,13.624871721185947,5.388851607444354,18.117206081397914,6.394562864443863,-19.325531623873648,7.7990378237103,-5.6677884095706155,4.446502169627365,-4.718130546897855,5.645165852145694,6.0486666860222025,4.676758519222046,8.140251866681005,4.326479095950674
3693_20220825_0700,25-08-2022_07h00_HIVE-3693.wav,3693,4.0,HIGH,144,288.0,290.0,-456.39033421336893,133.0023028275331,137.25641128473518,29.33416861915305,39.76083992355906,9.655122816851552,22.33854164809538,6.594682880169496,-12.421186226378993,9.680251290385538,16.068131961816302,5.593324708271915,14.100618024975459,5.372058740496386,19.537767105541622,7.187705880887817,-18.251365382674237,7.697937295010947,-4.935963705942004,4.685660683039182,-4.904260381329918,4.8405118026492175,7.895573262324517,5.046994376446706,8.750044938828678,5.0503078674417266
3693_20220825_0700,25-08-2022_07h00_HIVE-3693.wav,3693,4.0,HIGH,145,290.0,292.0,-445.5536055574593,135.85313566834273,136.03218981413212,28.832396094550077,40.06609173351281,9.936022715443405,22.953057609765274,7.761306665395818,-16.056673534360872,8.927520406921897,16.839610520591624,6.117719927665827,9.358530828050112,5.060635106374989,20.18212146836131,8.230697744754593,-21.742758818731115,7.844251557547422,-5.9137015802394455,5.403350503442523,-5.345532376903133,5.056568038024535,5.299299423536482,4.578848323218303,9.526393809646656,5.678033933295639
3693_20220825_0700,25-08-2022_07h00_HIVE-3693.wav,3693,4.0,HIGH,146,292.0,294.0,-448.4945004016607,134.43212658489455,135.82150890722335,29.780641178203798,43.13990428097642,9.105138228965428,21.690516080382874,7.2107829781077735,-14.195819990920697,9.055913962927113,17.831196789478003,6.429447502543847,10.267918366309074,5.673251193135034,18.624491570856648,8.309162041185992,-19.04434892459017,7.219234406651342,-6.434419189957837,5.0760276836686735,-6.184148490261927,4.583810035853113,5.768935766581506,5.081130661862354,7.423608644259446,5.375916870461576
3693_20220825_0700,25-08-2022_07h00_HIVE-3693.wav,3693,4.0,HIGH,147,294.0,296.0,-451.2301088966449,136.68363097979008,132.53053498610828,30.249829525554297,38.669739799764535,11.987309103138314,21.73195460514097,10.967921051055756,-15.220295376678662,9.02687882801025,13.67253546723013,6.2321181789584426,14.49603724101924,5.801247762896075,16.405186621955316,7.47812596977662,-17.528418591934656,6.9418816695012495,-5.174795549014383,5.537829388662856,-5.00670261338219,5.202126079234181,6.445300949014562,5.639115682790527,8.171392794866033,4.304297142872993
3693_20220825_0700,25-08-2022_07h00_HIVE-3693.wav,3693,4.0,HIGH,148,296.0,298.0,-453.68501186146364,131.81861531635366,134.60277833209864,30.23532686829134,40.78581157267169,9.562371817984763,22.019163414434345,8.244014507380085,-14.26609387492805,9.435130120772005,17.48769495088083,6.521700753327529,13.673180908449904,6.922381788539378,15.743749008587692,7.057778701617273,-19.195316529034606,6.995134882222484,-6.624021427335675,4.417315784359307,-3.579133383454109,4.713000459530079,7.2195715261683135,4.3429020882012885,6.0569242191237604,5.478043969344383
3693_20220825_0700,25-08-2022_07h00_HIVE-3693.wav,3693,4.0,HIGH,149,298.0,300.0,-448.49915139270234,128.90061612773187,130.75844966638036,31.961235661288097,40.26540826806668,10.458485358113323,21.399485819461372,7.275807841848591,-14.938589094942785,9.867496130143925,17.602094777738333,7.3266955960746465,13.09224925152814,6.066283629449035,16.8138229142611,8.012491101080634,-17.069731099517853,7.291300300266084,-6.569440004262491,5.902955274347865,-2.885656367699595,4.84610449407048,6.716517672567834,4.859801285704962,8.127348832903596,5.24069054548161
3693_20220825_0700,25-08-2022_07h00_HIVE-3693.wav,3693,4.0,HIGH,150,300.0,302.0,-453.4594331033842,128.1623397726571,134.31132035347147,30.8767233161071,40.04270222692516,8.622433528797139,23.2015014842175,7.730794622963124,-15.684510287861977,9.081520555496725,20.283858171922013,7.925884079408407,15.086331461940512,4.984236514294224,17.89777727204262,6.948886590915118,-15.034698236552096,6.042378762989833,-7.136377107748403,5.197093015288442,-3.1185086717529433,4.387092808493895,6.83193216790998,4.9939900903210255,5.811365464120542,4.966821878129056
3693_20220825_0700,25-08-2022_07h00_HIVE-3693.wav,3693,4.0,HIGH,151,302.0,304.0,-449.995668277627,136.3131737960873,129.1484501762912,28.705381532184386,44.42734008287793,9.437607275726426,22.059691341772893,7.283356954616856,-16.316100938452713,9.854798745260492,17.133796585635263,7.047672287620653,9.669444242225481,5.9341256168718015,22.32015630329495,8.839364019612113,-20.021027277252234,8.135970250693395,-5.3196662701985895,5.3830523596593975,-4.550956539572205,3.6463673662521408,7.5220722964415545,4.283273988486721,8.832000490318366,5.380504183993221
3693_20220825_0700,25-08-2022_07h00_HIVE-3693.wav,3693,4.0,HIGH,152,304.0,306.0,-456.35212777050765,131.5206651889117,132.65932241381185,31.356620038980697,38.39664299477497,9.379990922305959,22.639390369981324,7.385731830180357,-16.630380199981573,8.914831711061852,18.27614135726342,5.681245507704057,12.59404914303838,5.75731271274548,17.804241489141734,6.575047221090097,-19.26810345935031,7.770491390870712,-6.273037725060043,4.7738260445825995,-5.272873897371749,4.807237213701272,6.551262373862833,4.9614836676023275,8.673561869368237,4.671812733298274
3693_20220825_0700,25-08-2022_07h00_HIVE-3693.wav,3693,4.0,HIGH,153,306.0,308.0,-453.6518629579288,122.26732185868453,133.61446733278277,33.185462472282865,38.17424751835408,11.835827909506595,21.66574556599132,7.668800110268262,-13.465968088695947,9.05127650629474,15.697471977548329,7.409489024762697,14.176809611949515,5.103050677631801,15.939040137133025,7.062895445178177,-17.634936503327857,6.8655767674052,-4.757721273685284,5.0209543057161135,-1.2611441049030692,4.3513477432754115,7.012184348723632,5.881346780453218,9.265192957364034,4.691404845893024
3693_20220825_0700,25-08-2022_07h00_HIVE-3693.wav,3693,4.0,HIGH,154,308.0,310.0,-426.1782480193701,146.0662298735547,117.84267538240289,30.279184506505764,37.40001461208912,14.006654087701992,22.147858218694665,11.878239798374022,-18.025727542143745,13.551896785475009,20.41115885786699,11.89088591632019,14.739526477381371,7.867452031502678,14.263391358259128,8.24344975316007,-19.277528211858037,7.5214911643890545,-0.8680516106211399,5.953444368855303,-0.11498430078570213,4.3900838143726295,6.072943398874621,4.856515858768849,6.06747306784795,5.951676280224675
3693_20220825_0700,25-08-2022_07h00_HIVE-3693.wav,3693,4.0,HIGH,155,310.0,312.0,-445.07174674066385,137.51269512986076,131.61368107115618,32.831271957100206,34.52035809524478,9.632573258620367,22.566595845297602,9.413005749670983,-17.77248751198818,10.959300528441418,19.129787230637014,11.63218497264378,14.52847154729428,5.3853437391910015,16.876368634178032,7.177935533165625,-19.274661415759407,8.096195357034558,-3.826472351952311,5.441372764381664,-3.3796737217346458,5.689334200103166,6.707363986246045,4.631762279330308,6.943006420851512,5.581931976444199
3693_20220825_0700,25-08-2022_07h00_HIVE-3693.wav,3693,4.0,HIGH,156,312.0,314.0,-446.9433884656797,127.26199592028995,126.615370903276,35.03476713594145,36.352323089475895,11.668445830080442,21.638135082366983,10.034753959229148,-13.186048625475992,9.889967772049324,15.391175967535018,6.96396006737676,15.683619579066278,6.784731277757968,17.960377335302685,8.026488426387436,-18.68999538719248,8.045627875757306,-3.6715198350101432,5.35341476600093,-2.3045315456309012,4.796268714759526,6.338972129443587,5.084509902649178,8.210264688222585,5.756684425108989
3693_20220825_0700,25-08-2022_07h00_HIVE-3693.wav,3693,4.0,HIGH,157,314.0,316.0,-444.43032869426526,124.48261185821696,127.33827733755342,33.079164848414024,35.53415367048785,11.136320822314557,21.33386793645954,7.934170529430882,-13.808753095938025,9.666316684186798,15.816653821567632,6.622785705910516,13.942327142770074,5.44938174115213,18.637163690072455,9.01410420745453,-14.734745071110432,6.413238137078046,-4.371691667775717,5.811377646184614,-1.063675266058328,4.413458431291183,7.4593800016733525,5.472527884658708,9.678244218027205,5.123126464154265
3693_20220825_0700,25-08-2022_07h00_HIVE-3693.wav,3693,4.0,HIGH,158,316.0,318.0,-455.76753513464905,130.23597957849455,129.79755242432614,30.608117021367143,39.2401323576574,10.782091490118065,20.874844825815522,7.881378501097564,-11.999994768878524,8.53820218529345,14.012443018312883,5.924374693546754,12.719524068756977,6.141637917829652,17.5868852416781,7.1896694257313065,-18.106510626679476,7.7031622745789035,-4.1513056801586385,5.451977534893414,-2.763210383609987,5.436608593705024,8.443246847685494,5.28367380782622,10.552102423960488,4.614563063948467
3693_20220825_0700,25-08-2022_07h00_HIVE-3693.wav,3693,4.0,HIGH,159,318.0,320.0,-452.09386097553585,131.5949680082287,129.1734470521076,30.603779247717245,35.666596803335466,8.224042251892337,18.487930258310886,9.209783440957084,-12.482399744295671,8.620526560955755,13.786870030309501,7.6866502743106455,13.060525182697893,5.487556339163092,19.893920719134396,7.679490225136529,-18.904758237567098,8.33609893882675,-4.7739810463809516,5.361692023459276,-2.932327027223285,5.66742906915037,6.970393597772228,5.009864322175292,8.906505197348686,4.8928197830139855
3693_20220825_0700,25-08-2022_07h00_HIVE-3693.wav,3693,4.0,HIGH,160,320.0,322.0,-466.60446881838624,133.26997506460418,133.64604283473585,29.41002969245416,37.894424797058655,9.190285267674623,18.794561251819623,8.092268246962185,-10.207437479073313,7.784218197083583,13.36594750045036,6.107432809158529,14.666297913636967,5.730321025650074,20.4248172903132,6.930755767201911,-18.527838237482555,7.891513134683095,-4.192173019921798,5.408487103705646,-1.5145343202064088,4.3503831531230315,8.120540013909558,4.737054115784081,9.739464044659526,4.690061813440899
3693_20220825_0700,25-08-2022_07h00_HIVE-3693.wav,3693,4.0,HIGH,161,322.0,324.0,-452.6381850157346,151.95895372401725,122.05965445855,30.204613766060678,36.989534482594436,9.538255796849967,20.052628280809014,9.075840066938616,-16.080749447254796,11.695676276264503,18.23386874137815,10.607465753249901,12.047092653381354,6.3813493878701975,20.82205925030522,7.4677412721600325,-19.093909443031947,9.997503865041327,-0.9391253201079642,5.614894078637536,-1.8794933487345669,4.732630635313757,7.37294550286701,5.010841873259664,8.445660321231982,6.236046956576753
3693_20220825_0700,25-08-2022_07h00_HIVE-3693.wav,3693,4.0,HIGH,162,324.0,326.0,-457.84563870522993,130.3565244720964,125.90876444964336,31.133943352148584,34.04609438502646,8.567168495449604,22.702395726528923,8.096766683303633,-14.242706334501333,10.35278152588653,13.906396308074978,6.767666920836321,14.428668722602717,5.49776503032252,20.73551648410019,7.941477286065621,-17.72636263970993,7.0621484110802175,-3.8779471843523257,5.210661790186495,-2.3723959649504534,4.922377527884489,7.21583377251038,4.647186125904374,10.155027220550442,4.718424824321393
3693_20220825_0700,25-08-2022_07h00_HIVE-3693.wav,3693,4.0,HIGH,163,326.0,328.0,-454.9023485126764,135.63351764953705,126.9643018407488,28.320991199130923,36.586614898553876,8.895927405588505,15.922949294550511,7.575512717561351,-12.583621752590142,7.209631689960451,15.042272889956577,6.738401972905193,12.676483807085699,6.403149246370982,20.935530138626408,8.86866970826575,-20.509066077067807,8.590775909618438,-2.8051662328034443,5.424786275679256,-0.699953375202016,5.351586073227486,8.5620720801778,4.5397722623860615,7.165810592716602,6.927046813995099
3693_20220825_0700,25-08-2022_07h00_HIVE-3693.wav,3693,4.0,HIGH,164,328.0,330.0,-463.10188855857416,134.19809543540939,134.1385599995728,27.556377306342196,35.380132098931206,7.533109654912365,18.30290099364305,6.805416577229809,-13.821036967689459,8.179318135104346,11.684978744154419,5.829847249507205,14.73995901985494,5.249496207177197,20.26678247178413,7.031671899260426,-20.25047355837827,7.696913058582151,-3.2003252564474414,4.980491951895473,-2.14603842414153,4.549676942684201,8.36423876424531,4.733446864365891,8.300387288483758,4.740354234013964
3693_20220825_0700,25-08-2022_07h00_HIVE-3693.wav,3693,4.0,HIGH,165,330.0,332.0,-454.34414506986906,137.64278224724325,133.30161879226063,29.356784173865968,34.83375660488222,8.513922328833042,17.5480395368933,8.31585396470824,-15.34820120119034,9.15303338052119,12.03753163594268,5.608580978617158,14.061227519290108,6.340808562582078,16.647172502683894,6.568312372877237,-20.548737243173484,7.804326996291504,-2.7921964809376805,4.554032590886891,-2.69041869635556,4.295569466358528,8.92121782767297,4.86264186243877,7.939275240659966,4.1797765161750595
3693_20220825_0700,25-08-2022_07h00_HIVE-3693.wav,3693,4.0,HIGH,166,332.0,334.0,-461.0125490827399,135.55940244151918,130.81240451263622,30.35310705986001,39.37459517308167,10.523184313424492,15.742868254130078,9.485918507943277,-10.924496812167236,8.26440868946005,10.525797104896192,6.083562373355998,14.490472647304415,5.517789211626233,17.26976080028791,7.520795605982149,-19.06539361855678,6.7791786045601645,-3.8271947379646885,5.61194953000765,-2.889956354004146,4.463616219956271,9.19170903209637,5.8405114863427965,6.621064016389887,4.345509049905681
3693_20220825_0700,25-08-2022_07h00_HIVE-3693.wav,3693,4.0,HIGH,167,334.0,336.0,-460.3331297849119,139.30259630905806,134.09805632862137,27.821247290626452,35.40054774855708,9.798363506357159,17.11295086752046,6.582860675984635,-12.686585491056649,7.678082324263923,11.060793503295182,5.364118750417674,13.827372405477604,5.696297454092127,17.516224816995095,6.793905260344437,-19.344585190117076,7.4557019386543635,-3.922893630718899,5.405729015396623,-1.222412649836816,4.94098807483288,8.245873839263224,4.821156586247373,7.940939321938325,5.202175727293931
3693_20220825_0700,25-08-2022_07h00_HIVE-3693.wav,3693,4.0,HIGH,168,336.0,338.0,-463.2796025363275,128.20144140829083,134.90989623746344,31.705461301789498,36.46691760974129,8.754642475988025,16.27949961217923,5.689023500339267,-15.180399895165674,8.275040497161742,12.358501910029453,5.576420914253949,10.52963650823273,5.0540161733216005,17.256703299940416,6.1676103684230785,-21.36154354122872,8.200420653131175,-3.878292119370788,4.621983113973285,-2.043314150519297,4.357434706294971,7.7414750962832715,4.459588778848715,8.135085089360135,4.0924713913940955
3693_20220825_0700,25-08-2022_07h00_HIVE-3693.wav,3693,4.0,HIGH,169,338.0,340.0,-456.9135885695847,139.0681764943229,127.90367069391942,32.46424304703041,32.80370669378388,10.658335737968736,20.78732706950798,8.815756565799164,-14.301098338240196,9.714749217987286,12.576587789435386,5.837723380930854,14.033849873275674,5.973395909162469,18.87169132518439,7.953480381362648,-16.47933142920311,7.565624433064263,-4.607111053958877,4.751217490761063,-2.7601927184355506,4.661648340100237,6.84588335715695,5.535610604084609,10.283117982161224,4.811576447240292
3693_20220825_0700,25-08-2022_07h00_HIVE-3693.wav,3693,4.0,HIGH,170,340.0,342.0,-469.2160759561995,134.3113424032395,129.60437510459207,29.15728219860981,37.76750253677256,10.303710123994907,19.452348312034427,7.161359025761326,-15.215018833814005,8.306279898235186,14.787982918240433,6.760848307060252,9.57536900757338,6.290231332332187,22.843010912506386,8.338613486961737,-21.238571281381954,8.422211825688702,-1.4789525675825992,5.8626980583283785,-3.392287413480644,5.968079130372025,8.390281864363427,4.857883519801229,9.348212095404492,4.896185523973289
3693_20220825_0700,25-08-2022_07h00_HIVE-3693.wav,3693,4.0,HIGH,171,342.0,344.0,-449.9961654364484,132.11275830191298,126.28909168256095,27.468629064456533,38.59013960001259,10.535378363211063,13.451545939618006,12.524716995647283,-15.791439903784799,8.555712164317677,18.194179330222685,6.950727376204605,10.512808953028072,6.421041040475347,20.5132295837976,8.722643781820173,-23.665923194287018,9.053676758687132,-1.56469006454555,7.116369497823692,-4.240274778233971,5.058091324362879,8.343813968541777,5.264694852873488,7.554631972979748,5.220723049836332
3693_20220825_0700,25-08-2022_07h00_HIVE-3693.wav,3693,4.0,HIGH,172,344.0,346.0,-458.0816354312293,136.88297325026508,134.3602770738013,26.438900483920644,37.350960306422884,8.557692325719138,17.57864792882264,10.172847491319848,-15.186983665640053,8.277663150359663,16.58628171109623,6.114937721391335,12.168907242193326,7.640177543922002,22.846747973183277,9.002075569042765,-23.442638340476783,9.429374070085277,-2.5073868332274607,5.968723096415407,-3.7159671982566285,5.779475892192095,8.988070649053507,4.819243136490535,8.117087674467168,5.385970547172538
3693_20220825_0700,25-08-2022_07h00_HIVE-3693.wav,3693,4.0,HIGH,173,346.0,348.0,-457.8413666738027,142.04711669883358,134.30562494359384,29.953741503003673,40.20613840095156,8.35499934446767,17.86911921167758,7.397745631483985,-15.002035254037803,9.194278520439791,14.154167841686114,5.4798142288099045,11.119688576820195,5.732156927695821,18.356543882648868,7.33428826027738,-21.32299485576217,8.650598720331459,-4.250442968158319,4.837676354208477,-3.090274598212854,6.0015409208356045,8.159679547601534,5.197196953857339,8.243241714215788,5.4944526348597185
3693_20220825_0700,25-08-2022_07h00_HIVE-3693.wav,3693,4.0,HIGH,174,348.0,350.0,-460.8848535793741,128.22173402261075,132.55348430106613,32.25109438174774,35.573662722739805,9.094744419036424,18.606006713416686,7.639064085826398,-12.44583012662291,8.459830022371268,13.328553552159997,5.437792836628991,15.329375644249149,5.825540101319578,20.435513644870767,7.4114524456581705,-16.331019825614657,7.442604133265665,-3.927728699502168,5.089822187330541,0.4451827765773216,3.9150004443806954,8.19913103436878,4.516388969078288,11.602778355939648,5.9574662008162775
3693_20220825_0700,25-08-2022_07h00_HIVE-3693.wav,3693,4.0,HIGH,175,350.0,352.0,-463.3024680478188,127.93221882703412,132.6925304769902,30.631732002273054,33.465264417585274,8.385623242305327,21.10906492275016,7.290275992438091,-14.802308700510475,7.979543768806612,14.782217922751853,8.567948510133013,12.2515980508049,7.516026521015744,20.35298631251386,7.7302448218015325,-18.053129436626868,7.20240111874344,-4.063386200870371,4.289726494177334,-0.4872529213032677,5.873581290263115,6.5580980585876985,4.928944984029916,10.20537760091574,4.945303593313672
3693_20220825_0700,25-08-2022_07h00_HIVE-3693.wav,3693,4.0,HIGH,176,352.0,354.0,-456.56157997402823,132.87155936900868,127.70537416847318,29.739741479941618,36.17182139274656,10.716735260418384,19.935926432231888,7.678627181049791,-12.954182362107954,8.747342351587836,13.271595923478394,5.3161878102086995,10.70013416948329,5.029427594943868,20.829634559675764,8.619644653066912,-20.223222100206137,7.55780610034463,-4.196849460006259,5.088020940300904,-2.328378707147858,5.403136939005699,7.819875410491666,4.918983118816859,9.289641402649389,4.541231776436535
3693_20220825_0700,25-08-2022_07h00_HIVE-3693.wav,3693,4.0,HIGH,177,354.0,356.0,-454.14698272007905,132.22957498329833,132.72730513386074,29.592486327214413,37.31414643224676,8.907699169077354,22.08217543909773,7.549418841163636,-13.66715034916918,7.223129896616043,11.863169990405138,6.296567904439725,10.662843597877737,6.266523667415617,20.18479520842491,7.628982336681283,-21.39820360905833,8.043248417681212,-5.2265022384333095,5.456284745141371,-1.762295487754822,4.681161383192769,4.87863882395264,5.749759812095577,7.733841592217649,4.467205732895609
3693_20220825_0700,25-08-2022_07h00_HIVE-3693.wav,3693,4.0,HIGH,178,356.0,358.0,-466.33697764965706,136.2095524537815,131.02021460253516,27.89506550868251,37.50046576273383,9.977361456916357,18.855500261550308,7.689867328846201,-15.304237315583793,9.240099324580552,14.104386954658231,5.651324344239875,10.635212806475291,6.377506267507453,21.23606226964237,7.239412067781499,-20.13773511712104,7.866904520434038,-2.604294758990366,5.710813478981365,-1.622599231153155,5.458640984323596,7.796731307048205,4.866416546273488,9.101523111240525,4.8519852009260624
3693_20220825_0700,25-08-2022_07h00_HIVE-3693.wav,3693,4.0,HIGH,179,358.0,360.0,-456.32520893102594,138.57326318321194,130.7060857534479,29.048523533941523,32.80092024388693,10.544416606431115,18.26673994966429,6.502711643227639,-13.95204962287311,8.956673735473757,14.280190762584674,6.4553681308391955,12.225045414758279,5.239743613442135,20.602239034043553,8.413204982456312,-19.83417823668194,7.682912381887633,-2.9814065966311225,4.877643347224765,-0.4260716356802177,3.7254063392978587,6.470984413129146,5.303088666378475,8.893640577437754,4.969646653696013
3693_20220825_0700,25-08-2022_07h00_HIVE-3693.wav,3693,4.0,HIGH,180,360.0,362.0,-454.1167127575579,134.53067341884076,129.55064712010767,29.859627272551513,39.403014281699484,10.659991936763609,18.70238311621878,7.351858532935293,-15.993681277274277,8.906897715908892,14.818454653192575,7.055644177976662,10.556137345216449,6.373045814433362,19.513895812365163,8.783477906016895,-22.129529089111507,8.611274130999078,-3.245554558595284,4.289220432503108,-3.2335048862416516,5.892584108144621,7.592438355856808,5.208704722943639,7.75579243215586,4.58101087510631
3693_20220825_0700,25-08-2022_07h00_HIVE-3693.wav,3693,4.0,HIGH,181,362.0,364.0,-451.48997250178707,137.11364297652247,129.35973476876072,29.400298713037586,30.804035601721957,9.511305945773428,19.07426072144312,6.705145950999279,-14.638850962739363,7.075002736808575,13.304243614942026,5.881091276290668,10.551198219300149,5.823766765217591,20.756667363695218,7.415394564628671,-20.855203276678008,7.392524780594249,-3.865681758823525,6.818843015090001,-2.3270508554338685,4.584013830282648,6.767317434518369,5.659377323401879,8.347996631503058,5.054159308628455
3693_20220825_0700,25-08-2022_07h00_HIVE-3693.wav,3693,4.0,HIGH,182,364.0,366.0,-457.1918763133986,141.99166074296636,126.77842459664292,26.638086435535715,34.154211679809016,10.476044289325156,20.634463726554305,8.54526179682655,-17.642162756842303,9.136789226595887,17.541494652363905,8.37668364776825,12.488921905923352,5.976857724683824,20.467644538513934,8.61582753656402,-20.681530610409286,7.318802949372586,-1.2038461259694393,5.892784207434967,-1.7395218425184433,4.971024240080092,6.877360448905203,4.798904183389761,8.53947818024417,7.147522957612659
3693_20220825_0700,25-08-2022_07h00_HIVE-3693.wav,3693,4.0,HIGH,183,366.0,368.0,-446.20608056364983,137.75676361806958,120.89080162635364,26.033269660638812,34.04813865871209,8.235085574751073,20.01138676454272,7.24890872427965,-17.362985197321162,8.37333093812587,13.489106300353482,7.3745811522264795,10.54926511789249,6.489683136075079,21.73375562120618,8.491106204099644,-21.794330077329903,8.049832509526492,-0.8114889508342507,5.428987120859853,-3.3968100944672504,5.243048349951714,6.833098635943934,4.044416443344296,8.730926918141604,5.154720588500532
3693_20220825_0700,25-08-2022_07h00_HIVE-3693.wav,3693,4.0,HIGH,184,368.0,370.0,-458.29432714086784,126.69240415906664,126.62327288666907,34.82138669885395,32.97174650421469,8.989926454732878,20.667189946064497,8.18719728784457,-17.635161939931432,8.120308539437664,14.108406667123074,6.418311188675096,13.853762554346625,4.899780558498879,18.84610478546823,7.499521950255578,-19.39653158514276,8.035839041779772,-2.1929600783456347,4.9836747994133175,-2.288339126332325,5.355165539894652,7.074309907727593,5.394685985063027,9.97141120356935,4.474301236626651
3693_20220825_0700,25-08-2022_07h00_HIVE-3693.wav,3693,4.0,HIGH,185,370.0,372.0,-449.61163407165793,128.96729947131303,124.08410145957406,28.922985947456528,31.662752488691062,11.409229166122705,20.917433800610706,9.98246578046182,-15.601147354718469,9.430854053515413,15.79344118031203,8.276317999814054,12.510336420696117,5.604965406998842,20.025015259497305,7.822750535074262,-20.779651457374918,7.8740260948490235,-2.070630562683712,4.9643154860848115,-1.8241441295861447,4.026155254874464,6.81654316292815,6.938595154117775,9.827242693559242,6.540950793581862
3693_20220825_0700,25-08-2022_07h00_HIVE-3693.wav,3693,4.0,HIGH,186,372.0,374.0,-463.214623141434,134.94470598712675,130.4080169144733,29.998252999547223,33.80347118241882,8.613959207838416,18.65756002159219,7.115850644711203,-13.353445440334408,7.783397618189703,10.198198416702986,4.881684493223514,13.185352541512312,5.623835183604262,19.1338941883336,7.36282948261693,-18.956076829880995,7.988629187107265,-2.66255972414196,4.325393913641697,-0.8558867635867279,5.215116187543406,6.172453228423977,5.773076235242445,8.47706339513585,4.758153689543188
3693_20220825_0700,25-08-2022_07h00_HIVE-3693.wav,3693,4.0,HIGH,187,374.0,376.0,-453.9310896355002,130.57915617085433,127.39050631802314,29.624272026503693,33.71260568631974,9.499803925822551,17.92129895514511,7.5649190448515,-13.98914593401287,7.398565961138773,10.956977901321439,5.272132121226371,13.648126144463049,5.813240374790692,18.781980054168503,6.909398857806058,-20.064766778732025,8.169513979561879,-1.6352138769059772,5.09098810025003,-1.1923352912232839,4.283008114957057,6.777280163925867,4.7374225619251025,9.542325816581267,4.383701518386907
3693_20220825_0700,25-08-2022_07h00_HIVE-3693.wav,3693,4.0,HIGH,188,376.0,378.0,-456.47591636849836,134.84381213383955,130.0172361438163,30.05794605336103,35.55102414499147,8.324441791230731,17.953604482835726,6.015330909479113,-13.488238244204583,8.880131278576133,12.151375163659301,5.280250256424908,14.81320357167436,5.803865576489826,17.68321090147728,6.823360186778141,-20.216776479626343,8.098398098197036,-2.678010829944559,5.963039455373862,-1.6653086844492302,4.5538657997121454,6.7558741972300735,6.03872867026325,7.619460032968839,3.793837406997734
3693_20220825_0700,25-08-2022_07h00_HIVE-3693.wav,3693,4.0,HIGH,189,378.0,380.0,-459.4826455778374,148.49839336695584,126.94159495216236,28.97246342768189,34.77122959626215,8.215645224776212,18.54956170893731,7.81731687631072,-15.83320556393043,8.361601547892057,15.17843825334515,5.980901144596855,14.1177110749637,7.492100951449134,19.785543505893653,6.706035070765098,-20.67003099278157,7.998007161894801,-1.951351272876213,4.759307688535773,-1.6915666847637008,5.573991950990506,8.755639690165268,5.077593294778999,6.759119661164445,5.29407686515465
3693_20220825_0700,25-08-2022_07h00_HIVE-3693.wav,3693,4.0,HIGH,190,380.0,382.0,-433.877832280605,148.09874215507037,118.12343737977223,31.44114072200006,34.73835120556477,9.545363161297129,17.507477251407455,6.961841902943723,-17.001866164787792,12.567712362992049,14.076968050648569,7.288317796348516,12.2192726058813,6.580589144612857,19.91951215162743,9.430884328533423,-21.042372215857124,9.050799160120963,-1.2253821165695409,5.6589759261688775,-3.8742233440558755,6.281166701576191,6.248815254727726,5.938482783269197,7.835251465621742,4.213947425635468
3693_20220825_0700,25-08-2022_07h00_HIVE-3693.wav,3693,4.0,HIGH,191,382.0,384.0,-448.2812753252772,133.69684499268607,122.53770570422645,28.67043740767298,35.393079676291165,9.52305307544656,19.067910931565663,7.618805604238512,-15.46857088499321,8.52371961697593,13.081789414729055,6.592742171712435,12.085144059676876,5.932215461240817,22.826663693698727,7.37726788763913,-22.07119982117737,9.340148653247107,-0.5186465856504758,4.83912187224048,-0.9084730178698521,4.881962611704473,6.387624869796209,4.525853738048461,7.53431839576235,4.442806704275821
3693_20220825_0700,25-08-2022_07h00_HIVE-3693.wav,3693,4.0,HIGH,192,384.0,386.0,-447.7200588406402,141.16826166770431,120.99228013312498,28.354447227077063,37.01312080645977,8.93332510243433,20.201539840834293,7.8913494920614005,-17.741300493135533,8.569197418975984,13.644113210251852,5.783625312017609,13.43634717220339,6.146121926763562,21.52655435351661,8.457849120954291,-23.251518548666997,8.02530447716991,-1.4105429162304375,6.072978424448228,-3.703381969446181,5.669009333646912,8.84514857898735,4.983571922512723,6.930763978359775,4.263684823601817
3693_20220825_0700,25-08-2022_07h00_HIVE-3693.wav,3693,4.0,HIGH,193,386.0,388.0,-450.1758616470697,137.0758713941708,121.51376825003013,28.579850037024638,38.05609560417616,9.531107012824734,19.165065841947158,6.535248001435197,-13.82990573322648,9.532159334375779,13.123878118474412,5.6917247502073804,12.345273012667953,6.826187986302184,20.144442360828137,8.13122888576326,-24.338773982920465,9.34318055412024,-2.3798539675470516,5.740272267271397,-4.591057366160882,5.611328070264625,6.016767935901439,5.250419444142254,7.65704863360819,5.2505540811174365
3693_20220825_0700,25-08-2022_07h00_HIVE-3693.wav,3693,4.0,HIGH,194,388.0,390.0,-450.54985407368156,143.0866544997585,127.9091065152826,28.544741212807978,36.565047315751315,9.16518197757272,17.351677162795447,7.3242484037887525,-16.660670983818136,8.044546914253317,16.617653962954094,6.518045876348158,10.162530948885724,6.019396879656061,20.538364733001885,8.641241015453032,-22.663607663910188,8.07012097860115,-2.3282009539984294,5.515134084113537,-4.770550516264095,4.911761629776363,6.540614548645235,4.885598238634652,8.280447363283697,4.613163229744683
3693_20220825_0700,25-08-2022_07h00_HIVE-3693.wav,3693,4.0,HIGH,195,390.0,392.0,-448.8727835866706,144.175447411724,128.13072099971777,27.871312498456568,39.4884218661081,9.170877899369986,15.728182710021805,6.877165879395131,-14.505633101776523,8.223733235490739,17.78628485538661,7.382344723860086,8.40879052114437,6.269352084417365,18.194836389955842,6.569907056510745,-23.16505589417449,9.054505987249108,-2.964007001018574,5.877382281424157,-4.217887593613367,5.103021219369158,4.692942204058046,4.546432354699041,6.096652699764839,5.8489085139447194
3693_20220825_0700,25-08-2022_07h00_HIVE-3693.wav,3693,4.0,HIGH,196,392.0,394.0,-464.74084090850766,139.81111901959537,133.6894077108223,27.09288166309409,32.07643648989749,10.025978913378838,21.92529728525612,7.860197900152497,-17.201049067617507,8.867529364780742,15.052017556321655,5.485140480407019,11.71819784296117,6.078556828722117,20.959379043730436,7.661153721026723,-20.960721073512712,6.870249021036628,-5.460170423408444,4.4486641414468675,-2.6255144791604867,4.984887651121975,7.384341517748856,5.301521906276308,8.914329047226683,5.390792391459574
3693_20220825_0700,25-08-2022_07h00_HIVE-3693.wav,3693,4.0,HIGH,197,394.0,396.0,-461.45771376103,135.88083084101075,129.42900182599664,28.528690267587397,33.91011659979887,7.76774693287921,18.853139177244163,5.829109513839866,-15.251686266155572,8.373331759886753,16.322157795272492,6.781549075464911,9.329394936450054,5.212903113436629,21.05604734562738,8.651346845694416,-22.225055953194335,7.684648075746167,-4.02298543089047,5.5179143784666564,-3.4551974706878403,5.825093991795701,6.066587892143966,6.327673574383313,8.371164820095359,5.726926310793046
3693_20220825_0700,25-08-2022_07h00_HIVE-3693.wav,3693,4.0,HIGH,198,396.0,398.0,-445.990801033293,141.70751218312176,125.65106788804592,30.702706319488517,32.384339420526395,10.536180781766726,20.8539855347629,7.207515749884263,-16.52053675259761,9.708657516383496,15.440063019362809,6.516634987717238,9.802789880229266,5.4555907405454995,20.25497138394478,8.799572528619779,-20.994558166824813,7.589683634796085,-4.05235065991786,5.423816784634733,-3.125338047810618,6.232732570767225,6.804149215603515,5.261775198135296,8.710401186987358,5.0731098948358975
3693_20220825_0700,25-08-2022_07h00_HIVE-3693.wav,3693,4.0,HIGH,199,398.0,400.0,-444.03825046190383,145.54316499845396,129.95390001150588,28.393982314435195,34.73646718161938,9.650415136428037,14.04113659449598,8.002308368400378,-14.894769488252992,9.304335659670704,12.08037198216905,5.399676710534573,13.941524196601097,5.00883872234135,17.878529303575554,6.832646275332615,-21.174364233841413,8.524753412901667,-9.06536598226833,5.225613449205383,-2.3793938509061623,5.243344126918928,8.766748809219582,5.364561033903515,10.05300295988583,5.165966318407108
3693_20220825_0700,25-08-2022_07h00_HIVE-3693.wav,3693,4.0,HIGH,200,400.0,402.0,-457.6187324599172,139.3171144334535,129.8505075928773,28.834794242967927,30.362931294745334,9.355797585923275,19.261384386375383,9.172094739111332,-17.308063757862683,8.907356309206275,16.186158113181342,6.697599325256454,10.093963899983846,6.393059936229685,23.877430342311573,8.564328548104612,-22.81242847117095,8.527042186023541,-6.412835681743129,5.390352021742051,-1.5550761648379199,4.847817417521796,4.710277850991781,4.838503276775486,10.387798569808188,5.4371594006368404
3693_20220825_0700,25-08-2022_07h00_HIVE-3693.wav,3693,4.0,HIGH,201,402.0,404.0,-457.91128419542906,139.71996788990947,131.98401200871152,30.59985877638234,29.29275111313291,8.886322276754568,19.630074698519426,8.1298892104091,-14.083728366240273,8.878620435860945,15.346860346807473,6.323794192686055,12.060092738891623,5.988346476501824,21.21336293901465,7.379386105851202,-19.2049834719949,6.523914619867345,-5.687834276545019,5.437176624824278,-1.886448440027021,5.324802675660757,5.593296117937711,4.42694963344519,11.647846294692846,5.309590941702049
3693_20220825_0700,25-08-2022_07h00_HIVE-3693.wav,3693,4.0,HIGH,202,404.0,406.0,-466.9626077620335,137.30183065321592,134.48649414913461,28.81826262188094,28.20830155274397,10.141870236446485,20.14319000208721,6.804206678415083,-14.639172440577847,8.314437500922603,14.90526458355217,6.190305829134163,11.597974209027452,5.6988817832271055,21.423317917889563,7.8923667954656835,-21.87358566821157,7.842681914754244,-3.8172991499236266,4.824079797684791,-1.745655401986893,4.085212383434351,5.480866311392961,5.326911942477594,10.910315374489478,5.4202725296424346
3693_20220825_0700,25-08-2022_07h00_HIVE-3693.wav,3693,4.0,HIGH,203,406.0,408.0,-456.5707524319776,144.19736811076785,131.50610192230963,27.977886233248718,27.770292112021934,10.280170695570105,17.461473026997574,7.836121345473428,-16.245834395261085,8.243310610515858,14.947351820678007,5.186441290728179,12.378707874511178,5.6296253101417495,21.808990739988474,7.487916420415695,-21.8946281129993,7.550200461370793,-5.656149932093691,5.729994786263802,-3.542832206804878,5.980014363375248,6.036595209432357,4.853994836592808,9.032422114751737,5.076328760549186
3693_20220825_0700,25-08-2022_07h00_HIVE-3693.wav,3693,4.0,HIGH,204,408.0,410.0,-469.7317034800277,135.70029103569985,134.33013886249543,28.879313337541525,29.294726729201063,8.581522002711722,19.752489607455892,8.41061543918873,-14.834252044359223,7.7263629238345715,14.79358770922653,6.3726687037195,12.57639012322515,5.293151935988757,19.170609445968648,6.948114452074937,-20.652708324095205,7.507664829218893,-4.641916271199658,4.641375364161044,-1.5147900841915796,3.977033745354405,5.643455443095876,4.77175925014653,10.211242310352334,4.59336705046898
3693_20220825_0700,25-08-2022_07h00_HIVE-3693.wav,3693,4.0,HIGH,205,410.0,412.0,-466.8622102153298,131.25819465991762,134.6421478754685,30.02644153165999,29.41189647808719,9.175641434339406,21.257163182974615,7.428779481809793,-12.021804105423945,7.776064044660662,14.15940455438636,5.759554135267857,13.265488553870936,5.720689647206605,19.885134410888924,6.883754100195879,-19.24368104746612,6.897764752706093,-4.115552994824077,4.507486253411722,-1.400507156547979,3.9572279831855326,3.7854491668989065,4.495616085524668,9.122868132293771,4.635735697664613
3693_20220825_0700,25-08-2022_07h00_HIVE-3693.wav,3693,4.0,HIGH,206,412.0,414.0,-471.4807845286437,135.78305396399296,133.11793675872926,28.092815891425133,30.07793185977828,7.45974904463789,22.019153964411665,6.9331091036611525,-14.440607862594574,8.469261069249718,15.046722804794303,6.215567210434702,11.763327569647675,6.254617776538738,21.391291628832082,7.624271934798388,-19.353984553489827,7.533286274592623,-3.5874884528587776,4.224447674904836,-1.1138615013467292,4.043915175570934,6.1943818416047876,4.6919059573782045,11.307691796220501,4.991434723603823
3693_20220825_0700,25-08-2022_07h00_HIVE-3693.wav,3693,4.0,HIGH,207,414.0,416.0,-454.4816769316085,139.41176521252598,126.37025057628196,28.907595414040763,32.81497567836227,8.272016538350378,15.193746529404583,6.320105688596079,-14.062994375122253,7.476333073520086,11.101189522513385,6.826267928887069,13.101938230728708,5.56643434514897,18.151597870238465,8.714327783190456,-20.847301689996357,7.897488311344602,-4.065190936514127,5.866550100932499,-2.3460513336559914,5.420826325182862,6.771817626482327,4.716007376141695,9.08938104035966,4.588425759592572
3693_20220825_0700,25-08-2022_07h00_HIVE-3693.wav,3693,4.0,HIGH,208,416.0,418.0,-447.65204303277153,132.74387575396474,129.31308677021858,32.03152941134739,29.152455880510026,9.50376754200924,22.14032241847994,8.57703702504238,-16.866440240052416,9.890663182855949,14.164797479731602,5.985645233404203,12.57776697644178,5.354588829106218,21.606717583385198,8.54603717777832,-21.07181920625336,8.01378899146619,-6.128299163021272,5.377885641771055,-1.888443056740603,4.57886718178753,4.1229142935140635,4.767209202928215,12.625042574952245,5.726334368701024
3693_20220825_0700,25-08-2022_07h00_HIVE-3693.wav,3693,4.0,HIGH,209,418.0,420.0,-459.8380782789998,137.6688297242164,132.60277900664417,29.48016296036278,30.286596910801727,7.947073917646729,19.38018425155007,7.802954328920775,-15.999183411802248,8.146418251486553,16.198706364526537,5.387655828124179,12.220700852878576,5.043418633601434,20.241444107858673,7.064916610512634,-23.177085701056633,8.221299699404678,-4.514523225957251,4.387377560549113,-2.043748387505249,4.778829861650136,4.746509557717311,5.456056699932396,11.982393224957198,5.428091405004461
3693_20220825_0700,25-08-2022_07h00_HIVE-3693.wav,3693,4.0,HIGH,210,420.0,422.0,-461.87008032653534,132.7481017355519,131.53513604347182,29.55404515043874,30.868809404841535,9.20539414922906,21.937075738578436,7.466958094591271,-14.590537882945505,8.193527804506854,16.382492407861804,5.290016175279167,12.817448820002962,6.025669357103751,21.975212331276676,7.297853967245594,-21.253353449690927,8.205288965179566,-4.2879231721378535,5.6334182289122205,-3.5845151745850923,5.618020541160457,4.5132270267841825,5.858440825618747,13.44529646352613,5.333895340903786
3693_20220825_0700,25-08-2022_07h00_HIVE-3693.wav,3693,4.0,HIGH,211,422.0,424.0,-454.30345255384765,127.248495993717,128.6579053244804,30.83177358992778,33.614602591097515,9.125304344133689,21.373016523597467,7.76091365051749,-13.584985812388476,9.812612749765572,16.09246061644226,6.123308050167353,15.337921356947609,6.508790897639072,23.571002239020448,9.211938753412552,-19.416013437392607,7.526237540713438,-2.374476444682435,4.235650927852215,0.5060062161525888,4.921124836881019,5.4248622309801835,4.881558869887864,13.236599747632141,5.726196351104952
3693_20220825_0700,25-08-2022_07h00_HIVE-3693.wav,3693,4.0,HIGH,212,424.0,426.0,-452.7384444263016,124.9321082794172,130.22854155169694,33.50439400932676,34.14528101851122,8.820264149890663,22.21123415011012,7.468885397314227,-10.059192526247156,8.23148027657826,17.017898244245533,5.568524833443555,15.825447484296571,6.154504993755429,24.26961598446317,8.43334315669868,-18.634978168610033,9.134663783818617,-2.566463331877696,5.269644330325951,-0.6328818691263023,4.457462466208648,5.869344691201747,4.731226792966308,12.973322588655911,5.338433070883883
3693_20220825_0700,25-08-2022_07h00_HIVE-3693.wav,3693,4.0,HIGH,213,426.0,428.0,-455.76164242118614,129.68636897500377,129.70508807063266,31.561710957649122,30.441572376420694,10.011551526760394,23.84028109206185,8.187140390865926,-13.358263165519574,9.563241020227077,16.62104730615732,6.636534518479948,15.151930205534493,5.742975830718776,21.334202544764437,7.638113782953027,-19.267551713306766,8.186161164009723,-2.7936348964533426,4.254257895581343,1.1786019115237327,5.140494578438952,5.339355626398094,4.387034563685338,12.342781921272005,5.27621808141975
3693_20220825_0700,25-08-2022_07h00_HIVE-3693.wav,3693,4.0,HIGH,214,428.0,430.0,-466.3445972570576,127.46261979372255,132.08201086799102,31.937756868550203,30.27488732797988,7.987078443036075,21.165382272276368,7.620254974365733,-14.87781856114762,8.98886553001081,16.112110988735463,5.9732832103964935,14.696209848938418,5.387095528156231,21.943110051086727,7.348384768174829,-17.513847726564812,7.073867784247623,-4.568113949866746,5.22615504894177,-1.3427595963850776,4.510469710350239,5.998985429135648,4.282422526982463,11.78799229240848,4.67343871837429
3693_20220825_0700,25-08-2022_07h00_HIVE-3693.wav,3693,4.0,HIGH,215,430.0,432.0,-459.7436962206068,130.90647828076425,132.2179813039464,31.618675128490054,31.814021990645525,9.501100018472629,22.589090143992877,6.494390019896345,-14.01971936923803,7.607711179869637,16.34315223340331,6.015188579624105,11.388766644325479,7.0548757864170195,23.927284858933266,9.094307322345474,-21.05501965214685,8.054515522754299,-3.1763681242277406,5.183892075912686,-3.176236044380663,5.196459111380201,5.2033690636892,4.924307517099637,12.916069343806651,6.265289846540107
3693_20220825_0700,25-08-2022_07h00_HIVE-3693.wav,3693,4.0,HIGH,216,432.0,434.0,-429.80221820324005,130.8337837534643,120.07214207513364,30.409549454044726,43.1773947972532,11.180203357701622,21.59189718495518,6.881964467542094,-15.490252595906295,8.41061492396889,19.81505054389383,6.744830362492499,3.5465458644861143,5.240777988458255,31.04790110527928,10.29940118582088,-24.63230013536252,8.097783575056795,-2.333528884137722,4.363832711678846,-3.081995758609848,5.186026835882849,3.9868452058481876,4.781978857844713,14.40287658228651,5.282955631077157
3693_20220825_0700,25-08-2022_07h00_HIVE-3693.wav,3693,4.0,HIGH,217,434.0,436.0,-441.8721320648088,128.14843125914334,128.37252863962235,31.47718153563391,38.42860520609745,9.077033183330494,20.99247379180375,8.240096787498207,-11.40683601517601,7.479896541628658,16.03553179229097,6.450105712418312,10.897637696620803,6.397484588869784,24.79407220285574,8.855626760874348,-22.3742947685993,8.025645885278134,-2.915535079029835,4.457330589872063,-1.3720688533627445,5.298991878946579,7.151397967154718,4.200633764375195,12.896071234993823,5.313026703529156
3693_20220825_0700,25-08-2022_07h00_HIVE-3693.wav,3693,4.0,HIGH,218,436.0,438.0,-460.3516776035092,113.69165231410719,134.53444453510554,33.878055307016325,30.842478732829733,9.006196248148672,21.5736801972332,8.197092727249498,-10.342339879219795,8.14039989458494,14.35372494610814,6.511133172755791,18.292470489559925,6.031831927781322,22.868737480820744,7.145804869967532,-16.208587155583,7.772867392706353,-5.3874382322157,5.246535385273763,1.1626366173082787,4.7896988796793005,7.078211417839096,5.18154447670871,13.406589096702346,4.825860833437612
3693_20220825_0700,25-08-2022_07h00_HIVE-3693.wav,3693,4.0,HIGH,219,438.0,440.0,-458.1596092924911,129.70967739295762,134.96888812323178,32.115204256809655,29.121258739074406,10.625262230593169,21.755462959863035,9.414573285230498,-9.921407620981457,9.465891468725088,14.830465381090816,5.865529369040647,18.470965110379414,6.171263024180992,21.202284026671922,7.343197682106471,-17.65418703669365,7.92302244211118,-4.335401820347522,5.587188317351755,-0.7913434156532555,4.287244671635556,6.733000893662458,4.3312381801928765,12.512576639410264,5.577555887300119
3693_20220825_0700,25-08-2022_07h00_HIVE-3693.wav,3693,4.0,HIGH,220,440.0,442.0,-463.04240928415265,120.99893313054827,132.3596259608312,34.18371903858617,35.11021178607206,9.091335365544168,20.18119207281762,7.220139980012863,-7.738320088768318,8.05279531458278,16.852851689312864,5.396593591542058,18.485851658226636,6.508653062240406,22.511318983064335,7.593448609374326,-14.42309419829196,8.147831012744552,-4.055715506910948,4.802496366171026,1.07423377574777,4.51540194756398,7.799064978526609,4.997090911228049,13.472132094848345,5.3725789285776235
3693_20220825_0700,25-08-2022_07h00_HIVE-3693.wav,3693,4.0,HIGH,221,442.0,444.0,-472.0917954403635,129.0700887469176,133.86529018621354,30.560781298198183,33.046147585842206,8.264274188414255,22.461672911152682,7.728965115470898,-15.268964190680451,9.019902781092432,17.063502696933494,5.834228274371312,15.361688554227015,5.949521303219378,21.09455241789177,6.56955419115165,-18.527223895695155,8.371438068778257,-3.6471128001317163,4.557000901095189,-0.9102151914068458,4.202115428262989,6.662785078272425,4.753328085310402,12.845504475646255,5.2871368480347325
3693_20220825_0700,25-08-2022_07h00_HIVE-3693.wav,3693,4.0,HIGH,222,444.0,446.0,-462.24345211620357,122.07576904279749,128.9570008315498,33.714901125478555,35.00614640673471,10.942290017756216,22.363111308982152,8.224707912972736,-10.068676310175448,7.945314686103892,17.46688927789373,7.509486559544558,17.866314243147112,5.6810237157994745,20.818023583532288,7.390587406199198,-15.389699833812223,7.962905471119289,-3.549386319878255,5.123941932020011,0.40837325615963327,4.657229322441623,7.385088207689119,4.988393316243894,11.777573246474729,6.165009405668423
3693_20220825_0700,25-08-2022_07h00_HIVE-3693.wav,3693,4.0,HIGH,223,446.0,448.0,-470.67178959482715,119.5355471824654,130.47174426472313,32.002958390284256,34.32154426567951,8.702887047057581,22.89906617625961,7.195642683328261,-11.225745531407869,9.068331517433625,18.22414725604389,5.978130438526281,15.372981921700637,5.109649144153725,21.577872498840794,7.449081182474758,-13.464547341665554,7.06669029614069,-2.766480654196553,5.218418833744279,0.7857053541005973,4.059760394051652,7.711195760330808,4.552613206275077,14.042262573238988,5.019887622809994
3693_20220825_0700,25-08-2022_07h00_HIVE-3693.wav,3693,4.0,HIGH,224,448.0,450.0,-463.8005772751342,121.45712430174481,128.717854336921,33.3448666277982,33.528836626087774,10.743788825042902,24.059230532053263,10.178141079513512,-11.38255663014107,8.88485025690321,14.089391065411812,5.996742705001135,15.537616539994556,5.2325190363799114,22.93010202240414,8.790838332001599,-14.211287703557272,6.9348574765588165,-4.712852854818614,4.858982527396844,1.4054744174234812,4.7122830469453305,7.2989319878867205,3.569850618593861,12.626705286521334,4.7801570749184705
3693_20220825_0700,25-08-2022_07h00_HIVE-3693.wav,3693,4.0,HIGH,225,450.0,452.0,-451.77526334781504,141.32507539872933,122.66657299089326,32.2808667305317,32.783779864455425,9.649742768485842,23.785499255225993,8.537510602505712,-14.499566753496838,11.807287264127703,13.269316142840411,6.100386699867641,15.224408910854601,6.086743543490548,19.932506167578158,7.351406291175658,-15.639304539825272,7.93778740468552,-3.505571418383317,4.279683946902201,-1.089904164600382,6.053264795634722,6.991494469045904,5.097067418090186,10.55860738592311,6.373939499060985
3693_20220825_0700,25-08-2022_07h00_HIVE-3693.wav,3693,4.0,HIGH,226,452.0,454.0,-446.36195839660854,130.5560130365234,116.28254220506567,29.910744758234515,37.45011873535357,10.600061122887299,20.383466056533038,8.62972489272483,-16.60483273109548,10.849610255962547,16.326425758076795,8.045963369925774,14.126400065463317,7.127524552847965,20.293494597470342,10.191347019908651,-16.768324218139387,8.484847911359568,-1.2093694399395674,5.603154684358932,-3.54693505673713,5.434430684035136,6.663091654776643,4.717391505660328,7.684302020865366,4.775024191385303
3693_20220825_0700,25-08-2022_07h00_HIVE-3693.wav,3693,4.0,HIGH,227,454.0,456.0,-448.2986892753883,143.2478881374168,120.22870181404966,30.608706080336734,36.113454176672874,10.436620363826142,20.448296003113256,8.577447703120846,-16.644447599565574,10.373428200830741,16.529939353306695,5.887252930972858,14.044379702318535,6.743179843190948,20.928812271294337,8.41885026623519,-16.050766597139827,6.608577204745879,-1.4242919688314881,5.818524336257554,-3.6291354108524536,6.119165762973585,6.393907440819271,4.864200316731091,8.820781871142293,6.130362892653895
3693_20220825_0700,25-08-2022_07h00_HIVE-3693.wav,3693,4.0,HIGH,228,456.0,458.0,-459.86838801534896,124.07877214620447,128.09102369667727,28.572870642667095,33.15640158679964,10.477877482253183,19.86872576683443,7.853605635718671,-16.787722339700636,8.719726102850272,16.449135675550178,8.257297428742135,13.369072221578701,5.785925191085889,19.526058653079087,8.67166004773814,-19.543389992942004,6.169849890966013,-4.199255329617662,5.465457436739679,-2.898142078763483,5.0923913962270175,6.0484946764846175,4.677675917472806,8.273528689121358,5.651965921832178
3693_20220825_0700,25-08-2022_07h00_HIVE-3693.wav,3693,4.0,HIGH,229,458.0,460.0,-439.628617688753,142.5420396948682,122.95082119646719,27.688138283073318,38.25775071240936,8.523430705224365,18.290100612464492,12.115469637449472,-18.985483093433412,10.250588634143964,21.6317891297934,7.621499135935549,9.967286224219892,7.184473648627223,18.004545178939008,9.435281913622708,-22.724615943834667,9.15920140709943,-5.264046211173022,5.738162901311424,-3.920142617446495,6.025117181084564,5.5841434603455955,5.8053914612375435,5.717192822327219,4.8541944420922265
3693_20220825_0700,25-08-2022_07h00_HIVE-3693.wav,3693,4.0,HIGH,230,460.0,462.0,-428.63606877497534,133.85328365599923,116.81848054058077,27.892114539129256,32.999532410607046,13.044581456918786,22.43467782586381,9.304195741043518,-19.319978235138134,12.300375557493687,16.09267157140445,6.360128712874439,11.475485520022064,6.042269109642261,16.892588568268543,10.534005292055673,-18.681320691969688,8.839479197812034,-5.183338885291775,6.488757983595055,-2.104569275414267,5.645941064195245,6.7601173413173195,6.191548614469337,9.264643544456401,5.835365418522322
3693_20220825_0700,25-08-2022_07h00_HIVE-3693.wav,3693,4.0,HIGH,231,462.0,464.0,-464.25173237338674,129.79117825619562,129.06677035561452,28.445440552620955,34.268335645028095,7.356784476593878,23.152364528750493,8.519874904995328,-19.251001151632863,9.99839008120371,18.44704896404508,6.96158643049182,15.505136472227907,7.310089672267043,18.52318724698353,8.091157323744186,-15.963537694315194,7.626106626598665,-5.774706341279539,4.826298837314822,-4.731360700461629,4.86608627303046,7.6451586826053894,4.610955141523134,9.403363683857807,4.221039999118174
3693_20220825_0700,25-08-2022_07h00_HIVE-3693.wav,3693,4.0,HIGH,232,464.0,466.0,-465.6648119877352,130.19197588278925,131.02260762722662,30.995963716933304,34.65632623464714,9.781589528019127,19.608372358583416,7.010994984479126,-14.61116730690965,8.772496585846598,18.086564634835522,6.93399717994117,14.392279834833714,6.789232210810299,18.617371947454117,6.6503079243659275,-17.581842869229156,7.75865322299574,-4.14159118855798,5.047737119512112,0.45916056072206035,4.111959719340803,6.990433341628975,4.380654970241374,10.984950623215381,4.163553235784049
3693_20220825_0700,25-08-2022_07h00_HIVE-3693.wav,3693,4.0,HIGH,233,466.0,468.0,-475.84603101897903,133.48147933978402,132.11898744976705,29.766835964146953,33.644579831458095,9.236177425324218,22.007568491698837,8.304169561789184,-14.275888414045678,8.037534563889475,14.693453851728465,5.445476195804595,14.842759072034237,5.569040415673296,21.632127429508337,7.0194854437096454,-18.627546489052488,7.65506644104061,-3.7881891977417794,4.982104899344851,-2.249126516887422,4.820633126022808,6.155395315299406,4.858170802607131,10.838898433363191,5.1306859011015975
3693_20220825_0700,25-08-2022_07h00_HIVE-3693.wav,3693,4.0,HIGH,234,468.0,470.0,-465.7334882463329,137.88509888267058,127.14713534494139,29.591511503818197,32.2334023741196,10.508585849978044,25.82679809686484,9.625842171354776,-16.460608005891817,8.884921102671605,16.648012956275508,7.553607341222449,14.157699361866179,5.969977638702103,21.90948923906733,7.122272720034123,-20.001209198209747,8.373422833954764,-3.0420267381603137,5.5327018238129595,-1.6306756733705754,4.353119488227382,4.771721170781708,4.713862741246033,12.514280621059749,5.475862606625159
3693_20220825_0700,25-08-2022_07h00_HIVE-3693.wav,3693,4.0,HIGH,235,470.0,472.0,-467.38722841838825,133.6244393923484,131.44391451361273,30.049685522807053,31.24532999637491,9.368473828390108,22.934873622458312,8.511829502422449,-16.926440877994025,7.994511096071032,17.82567470280944,5.600923227798709,12.383405252030176,5.447344882163552,22.201583435873342,6.382846341379541,-19.062847127379893,7.703915107767319,-5.690152518374018,5.41739722864077,0.9375953286615363,4.447074588937047,5.46022142900014,4.809169383902616,10.914988790381726,4.731403201537266
3693_20220825_0700,25-08-2022_07h00_HIVE-3693.wav,3693,4.0,HIGH,236,472.0,474.0,-466.7840925921887,130.43209268566008,130.65041087824798,29.63635696671935,30.283505108411973,10.266125588956758,25.24873968712749,8.996498661814798,-19.230945908240447,9.268281678824584,16.969121485162447,6.784843624607125,12.382874313998494,5.214665885225201,21.64302775856816,7.365635053660036,-18.541825817738943,6.90662786350316,-5.612822170517751,4.802423756962966,-0.13148685557271142,4.844451917634666,5.367594041068462,4.778960231228908,11.569379669669802,5.510124731013002
3693_20220825_0700,25-08-2022_07h00_HIVE-3693.wav,3693,4.0,HIGH,237,474.0,476.0,-471.40609891161535,128.29977494852528,131.64306539167825,29.786031957704587,34.78150036318124,7.985426939601621,22.84112540229264,8.459219044733581,-16.058365708765162,9.575513969260829,17.86306555668653,5.308281041124469,14.819576949813404,6.407728199834472,20.00858200851746,6.7333120278806025,-19.143193163788233,7.109358315004077,-5.967212180278338,6.022224829372355,-1.2304630660037212,4.105170273597488,5.2877680649362615,4.436100709752064,11.963305834182483,5.380730166162593
3693_20220825_0700,25-08-2022_07h00_HIVE-3693.wav,3693,4.0,HIGH,238,476.0,478.0,-468.66877064589147,131.90825680396748,129.20861245702824,29.648971511139198,34.368054369086295,8.766265209236423,21.39201825697186,8.324443352254015,-14.642850628225727,9.092380571351624,16.406220071465068,5.9959635465783485,15.44085612291213,5.281003561736674,21.71679640886436,7.015476927712411,-17.98506387940533,7.875844483652123,-5.938328089622262,5.170662269628407,-1.4459636828680669,4.785498889800153,6.364598720202249,4.788787292719947,11.391088196854053,4.644570336237972
3693_20220825_0700,25-08-2022_07h00_HIVE-3693.wav,3693,4.0,HIGH,239,478.0,480.0,-461.31955712112114,136.1589595237742,131.15363128968033,29.36213823211256,28.227582953717846,9.097308075481077,19.66577259210079,7.3053680712098705,-17.410594821482643,9.018449816784496,13.0793541490855,5.7568256882471,13.463303168535694,6.497970768132555,19.99075429737355,7.488665626637294,-19.775765591520233,7.072293928318204,-5.969314269031388,5.829238661480519,0.2039960220590043,4.379715353061604,7.043444631248956,4.8573588078896055,10.899752871545607,5.191225503936376
3693_20220825_0700,25-08-2022_07h00_HIVE-3693.wav,3693,4.0,HIGH,240,480.0,482.0,-441.56648862933577,139.09235465418908,120.16289299703267,30.798406573551414,32.63546721003844,10.885322342005162,22.22948462143101,7.3980710636214635,-18.120313638749153,12.351903246223744,13.979705881378225,6.648765888944846,15.320565059456445,9.187620853856844,17.350975268591032,9.801968589029006,-18.094096214148713,7.452965390331814,-4.30650311094163,4.632809861990457,-2.622057407930724,5.467455802347219,6.814127471238156,5.041222089868566,9.491048322601305,4.870717247377303
3693_20220825_0700,25-08-2022_07h00_HIVE-3693.wav,3693,4.0,HIGH,241,482.0,484.0,-464.11140773824286,137.18140915218223,128.9477277161311,29.757180483359733,29.933419141872275,10.52504635725815,22.626355988271097,8.978719799814039,-13.047722660862041,9.303202577774922,12.47157851761287,5.355859914701333,18.88430348245583,6.603384035854551,18.305956685450525,7.322286421124572,-18.351052032571893,7.716638055282486,-3.893767623842786,5.327102667091336,-0.7083548912168335,5.597779180186652,6.5621269223489085,5.25653507928786,10.65316842161426,4.586446302042448
3693_20220825_0700,25-08-2022_07h00_HIVE-3693.wav,3693,4.0,HIGH,242,484.0,486.0,-446.30780557882366,138.47541991682436,122.0148258654198,28.253983912256967,32.793220754843006,13.310153839153154,20.19013000841126,11.074171317402323,-16.709996461650274,9.351198153561626,14.425162431194527,6.304148124853516,17.72398155130259,6.7040213918194596,19.103996959082,7.543818432382045,-18.90075515217465,7.84677599045335,-3.5664553461870194,5.206649420511861,-1.9138801635863962,4.9923991469546145,6.487812435765461,6.047525684945095,9.640002426147856,5.975942722318931
3693_20220825_0700,25-08-2022_07h00_HIVE-3693.wav,3693,4.0,HIGH,243,486.0,488.0,-444.35500017465574,139.7152242864461,125.1114204125096,34.06679721320864,29.44590238570201,10.57205495671174,18.977162943056634,7.643221214534367,-16.901156769801165,11.328101148693241,14.603453540073838,7.0049750290328,18.472796414178735,6.495828462062963,17.26790951583372,7.3340029609681165,-15.466351745486095,6.242457895748643,-6.947227589172894,4.833562460605381,-2.512281917401833,5.37327527165043,6.483036711302334,4.85763327338499,9.257914569246207,6.256155621151857
3693_20220825_0700,25-08-2022_07h00_HIVE-3693.wav,3693,4.0,HIGH,244,488.0,490.0,-450.8265687411467,140.6912960755362,125.02729482031043,29.103078580435568,32.385185822720004,7.874381103874286,17.673706775853834,6.633141619609181,-18.13237085398549,10.540403298627096,15.184185025167357,9.4487559835324,19.048750496432536,7.039476368966843,16.950867749674888,6.717093778378687,-20.07422580148221,7.568974233749847,-5.8325708235553115,5.156118554292299,-4.537356506833392,5.404137242394046,7.212700895986462,5.0001889104681485,9.939291091632379,5.603033983301274
3693_20220825_0700,25-08-2022_07h00_HIVE-3693.wav,3693,4.0,HIGH,245,490.0,492.0,-441.6910546828084,138.02046295916603,124.36386277995703,27.915788401216734,35.30835767913302,9.120704186347405,16.077827537080417,5.966449942729442,-16.0178526350368,8.454609873430869,11.798574942253822,7.027036114563338,14.25266630935751,7.540069702644335,20.406720665531278,7.938724814752705,-23.366737973937553,9.499369067121394,-5.3624703872574635,4.891866777129696,-6.202111935911241,6.537618703134028,6.647348585760802,5.707795292116028,8.981271933607712,4.663374411567618
3693_20220825_0700,25-08-2022_07h00_HIVE-3693.wav,3693,4.0,HIGH,246,492.0,494.0,-446.526495538591,141.96237434701462,128.13496709945244,31.69451604879636,37.41848409012961,9.965940012837224,19.247718538540695,9.51708290967478,-16.629736713801492,10.409254437581316,15.288856177053992,6.820221193609591,16.675990985061897,6.87033398160596,19.574287912136462,7.214541889101135,-20.018183155039736,8.42889734698227,-5.369765401320644,5.145686318064422,-5.490930811309782,5.407353681249553,6.5327641030607735,5.05714712417685,7.240979966734123,5.342715978409563
3693_20220825_0700,25-08-2022_07h00_HIVE-3693.wav,3693,4.0,HIGH,247,494.0,496.0,-458.99294168896597,141.5761247485513,135.7874366048253,29.906419022646023,38.6055746826786,9.27942098191714,14.444198175002624,5.540566657453387,-13.088333221825854,7.296162042050342,13.258653508558762,6.644546439919137,12.792147604188633,6.177184129854483,16.850314467371987,7.075264710916973,-18.73137893170488,6.691648455760157,-6.918393667798789,4.821561688212956,-1.61622237434662,3.949982259014886,8.620070462981637,4.5683320371005065,7.3637935178811285,5.2329740442477375
3693_20220825_0700,25-08-2022_07h00_HIVE-3693.wav,3693,4.0,HIGH,248,496.0,498.0,-459.39890049202836,141.76643204808477,124.2857009142597,28.25272237329324,34.29347454141742,10.513509794153201,20.895054681943154,8.010331825227771,-16.130104752151027,9.213730121890652,17.09935253389581,6.445584061071882,11.515779043699164,6.946441216157185,19.47542601134463,7.963740616558923,-18.227475478502523,8.235397500085803,-5.690951380559271,5.08759701954185,-3.4335749026616424,6.492294602881747,6.014287482100746,5.769941813152281,8.429485561256325,5.99624158392807
3693_20220825_0700,25-08-2022_07h00_HIVE-3693.wav,3693,4.0,HIGH,249,498.0,500.0,-467.8102134402913,134.6888797115505,131.9667994730123,29.796953383239586,35.24087708734414,8.912157412243626,21.445158760681338,6.892897072617508,-14.54645827732963,7.863228676980013,12.949371252700152,6.32581860253489,12.60627772243294,5.109138384333076,17.804603965290774,6.700720393247101,-19.336249244796768,6.810241719184621,-7.335177047313818,4.652377831869039,-1.729233819140819,5.651739149621288,4.986298481310798,4.468069441989742,8.421356182697405,4.918679017231751
3693_20220825_0700,25-08-2022_07h00_HIVE-3693.wav,3693,4.0,HIGH,250,500.0,502.0,-467.8749202042367,140.47740364765474,134.1055577616076,29.00487347516672,30.8701929416025,9.070442420641175,20.570157469450162,8.570514966155068,-15.454521145848945,8.485460890924806,13.936802749693644,5.810695236968282,17.505543396875257,5.704048958750205,16.875683448135398,6.945971665950647,-18.342897410864285,7.068579698330988,-6.018616516660621,4.841425149112933,-2.2989979120495003,4.564566804559266,7.335809902238313,5.480871559358125,8.229780790615148,5.118522023631351
3693_20220825_0700,25-08-2022_07h00_HIVE-3693.wav,3693,4.0,HIGH,251,502.0,504.0,-473.5044724824864,135.22083677437305,132.0693659966777,29.02965417380179,27.505270551571307,10.677457781994162,25.26904217935175,10.42806059032408,-16.624643228895035,10.204229225879233,12.449846214544833,5.262494795490814,15.091734922820146,5.335772219411847,21.78268506673204,6.701863454257441,-16.282258602111234,7.884372404122304,-7.092073359306268,4.7803371211640115,-2.6764417519528427,5.29114708796502,6.342200846274947,4.362171932992283,9.900243197224924,4.677892840661447
3693_20220825_0700,25-08-2022_07h00_HIVE-3693.wav,3693,4.0,HIGH,252,504.0,506.0,-459.9868141121617,136.1914357363916,133.9836458604983,28.123744317208303,29.718782376461697,9.713969545339916,21.37351387550504,9.570169289835524,-15.555144651456128,9.141550893560364,13.078188751739521,5.344771800907742,14.09063613877656,5.510925723424622,19.71696250668609,7.230616134349439,-18.011191284515615,7.1893219854352335,-8.41642493532395,4.6997993122527415,-5.824498383755087,4.259976828162939,5.160438806507672,5.21386177022394,9.137085698284809,4.808840027908744
3693_20220825_0700,25-08-2022_07h00_HIVE-3693.wav,3693,4.0,HIGH,253,506.0,508.0,-457.70156082678284,135.46368956168786,131.11165482211436,28.5303598946301,30.084422862962295,9.31433386260963,23.89950818869943,9.021387161598657,-15.455612567846314,8.562759664760963,14.810183499790101,5.827711186865416,12.140209390287422,6.240549247135144,20.067231935410504,7.93514025383824,-18.537705358365873,7.32361653681105,-8.106117744778633,6.020378640496216,-3.261249360005658,5.2545569993270345,5.536457262201953,5.125212759551842,10.81783992401687,5.2253504240745325
3693_20220825_0700,25-08-2022_07h00_HIVE-3693.wav,3693,4.0,HIGH,254,508.0,510.0,-457.70435379706817,132.0057452157713,128.69835785314766,27.184523893139367,32.6299214552777,7.886333096252811,20.297681422479695,8.992581943354537,-15.1447306212074,6.745033989832821,13.011946464939447,6.320430263780461,12.557411403447743,5.5411617784870275,19.644800095437876,8.07793561811493,-20.021141525765103,5.885408315529889,-8.737503401043645,3.9498361652776106,-5.0593779080538335,5.008986029024879,5.660991099283992,5.761047351885678,10.365502558682866,5.887857545074077
3693_20220825_0700,25-08-2022_07h00_HIVE-3693.wav,3693,4.0,HIGH,255,510.0,512.0,-450.1249532571758,135.85105211486797,132.07702648153213,29.539919109587068,33.4972851581395,10.008803583808128,18.90015028855206,7.986193335892104,-14.978144724617175,8.869688265152272,15.051028313547143,5.618371034612115,9.37623338239879,6.4111117940633,21.63979881727087,8.232811438601429,-19.410048221127184,8.670771735610176,-8.712328327486656,4.562177155415367,-4.476243284096156,4.67587847433455,5.503487904208536,5.914341264253072,10.62156520565816,5.05023114257929
3693_20220825_0700,25-08-2022_07h00_HIVE-3693.wav,3693,4.0,HIGH,256,512.0,514.0,-469.43283502330576,140.4321266295197,133.1466669849859,27.22315221987108,31.847618037650104,8.905912797151538,20.779151325532187,8.82338836254375,-16.16756589559332,8.176531731320832,17.719707340886252,4.909327944932583,13.59258025335651,4.556462829427317,21.96967897170095,6.820776984139426,-20.490299847890082,7.419805343837955,-7.493053259211548,5.427292958930626,-2.9539196793402787,4.192837968758839,7.264780739977426,5.256312609844755,9.741803467116027,4.111300779937763
3693_20220825_0700,25-08-2022_07h00_HIVE-3693.wav,3693,4.0,HIGH,257,514.0,516.0,-469.64426008893196,134.83558411848637,128.48342034635994,27.913455153272423,30.32428102546625,8.556297862999447,22.600991372303795,9.98803721273547,-16.625064695944555,7.9087592881905975,14.877723996939386,5.533045126580081,13.684672851356781,5.949901806089423,21.59594964123612,6.76499364522772,-19.725423130265735,6.760949074437864,-6.853839623772081,4.949814858650666,-3.2808173435813783,4.286985149449511,6.261617438528961,5.093546035208791,9.791532427729276,5.093779051407065
3693_20220825_0700,25-08-2022_07h00_HIVE-3693.wav,3693,4.0,HIGH,258,516.0,518.0,-475.3388710706264,137.53779645280449,129.49367143795433,28.85150582767233,28.947618272506716,8.156859634508647,23.801208836904035,8.051967564814554,-16.018848361379636,7.929822235174776,13.284842310013696,5.3797638849148255,14.373278225661185,6.6463338056808094,20.15332887495693,7.328457126909176,-18.074333356820024,7.3187697400315495,-5.8449195545188095,4.500099572408968,-3.202134765368846,4.8706998861560225,5.617828792968731,4.039421516538572,9.011375355358622,4.849509150895311
3693_20220825_0700,25-08-2022_07h00_HIVE-3693.wav,3693,4.0,HIGH,259,518.0,520.0,-472.22240999742314,140.20402808575682,131.33310637091034,26.903949519055722,32.317562077253186,9.937703505716113,19.966255576384626,8.475763379272069,-15.65348364153216,8.851616516031592,13.446050843891523,6.698874453611547,15.80618292432902,5.843064227145257,18.274101301038904,7.474124181029527,-19.76473176924957,7.539588926894916,-5.43354923721355,5.016836761155701,-4.359862635161618,5.003924839004433,7.10985797339584,4.612038313122546,7.3740370730259475,4.601763481191512
3693_20220825_0700,25-08-2022_07h00_HIVE-3693.wav,3693,4.0,HIGH,260,520.0,522.0,-455.6930002939468,145.98092669568612,126.09655188540808,28.199747150257163,34.8894978343347,8.648300177082676,13.962093195299612,8.175358623563271,-15.943640902953453,8.36502660713445,16.717557854886866,11.019202107480616,13.875333503397423,7.3911110492621575,12.384204943194868,6.421525106514631,-21.189093617215615,7.670920963696269,-7.617375569041139,5.921477003740872,-2.9005118396542238,5.824110677385614,7.095751208964364,4.451931125598086,4.963165423754731,5.847170984171387
3693_20220825_0700,25-08-2022_07h00_HIVE-3693.wav,3693,4.0,HIGH,261,522.0,524.0,-468.5530072331579,136.57448011533702,135.88692397672273,28.746314369973053,31.179031630143953,8.13758004538537,16.740107153339796,5.879226544782739,-12.962460155367358,8.479699920703561,14.08810645223842,5.616404850316467,13.053349648855965,6.640866401453876,17.21473400163343,7.307265628212972,-20.317916833547503,7.151834243389032,-10.190433956963222,5.472980085436853,-3.5876640310014576,5.187142025207212,7.776582004747052,4.874260144579507,8.269042709502362,4.07251420536751
3693_20220825_0700,25-08-2022_07h00_HIVE-3693.wav,3693,4.0,HIGH,262,524.0,526.0,-448.08182773985646,138.44963206433425,132.0610897090286,28.104177416869558,31.80625067563747,8.051603493999737,16.08598466707485,7.614884768431919,-14.039305830259618,7.712968013900295,7.344451681227641,5.2417544553849735,13.728394299151267,5.974856675340397,11.604860205241883,5.293393610779547,-21.029605524761,6.935514527831857,-6.495233208378756,5.266471730715615,-3.0762013849722396,5.044592442387015,8.521242467412014,5.465513941127624,9.35811123734435,4.589701829089722
3693_20220825_0700,25-08-2022_07h00_HIVE-3693.wav,3693,4.0,HIGH,263,526.0,528.0,-457.18485204715637,136.77436322471797,122.66325399067235,29.275748873993255,32.77504902453804,12.786978376891364,23.058708521550116,13.33955643877941,-17.425063036011547,8.82443899688169,14.952613621275527,8.213322704512954,14.161526636928063,6.01880498767144,19.15865503672066,7.203955112476642,-19.569321497220496,8.36628917041893,-4.739606260423743,6.130185830798567,-3.2743048708437814,5.6334857982893265,4.488935490105146,4.830920462340462,9.698719736546455,5.92383764770037
3693_20220825_0700,25-08-2022_07h00_HIVE-3693.wav,3693,4.0,HIGH,264,528.0,530.0,-461.84701244888385,135.53633307096007,129.3352958241577,27.835712342453835,32.81805994947824,8.019943043880746,20.875205496412153,7.915646222578092,-15.870333520226973,8.910591662765322,12.692193315671553,5.632663720240446,11.694129361992177,5.3814816372090375,19.84120392093374,6.954969607563499,-17.401690054818935,7.076240375987343,-6.4273651439710715,4.886295899970242,-2.5824379109424163,4.451842182677831,5.373118639660534,4.120883146484398,10.429020254597972,5.239522099064786
3693_20220825_0700,25-08-2022_07h00_HIVE-3693.wav,3693,4.0,HIGH,265,530.0,532.0,-470.46465356242646,136.26913040483026,135.7546441021913,26.872809687274167,30.682946912634236,7.91503900947103,20.421919140665022,9.218249044813836,-18.052877477932412,8.584279153149089,14.35979104376426,5.213741504315626,10.133112394202291,5.787019888158272,20.038952546936347,7.182550153366547,-19.489618271435475,6.77173305002641,-8.77322973653837,5.26262857985551,-2.120546586964847,4.232812745336409,4.82800937040362,5.057792657144385,9.8449227631457,3.8984400654070397
3693_20220825_0700,25-08-2022_07h00_HIVE-3693.wav,3693,4.0,HIGH,266,532.0,534.0,-463.7228303243456,131.87105445178904,138.43545982585314,29.460434167227,29.61624895814044,7.703191403280035,22.340838052207985,7.3264041328675304,-16.554878281558906,8.351985712817653,14.664786635170879,5.672579304531104,10.581938026589702,6.788873655932687,17.50425576702251,5.819681680891108,-20.314640045511492,7.386146530764358,-7.8670161873855236,4.101910761815676,-3.1088116131553405,5.7731896707403205,4.354214442190051,4.2705142380930985,9.371235033652399,4.617733378834517
3693_20220825_0700,25-08-2022_07h00_HIVE-3693.wav,3693,4.0,HIGH,267,534.0,536.0,-447.81135167979465,141.74650311650365,128.11645283238792,28.183527759808182,25.703337499782712,9.277325976663562,25.931238533500117,8.395208572378243,-18.859664762622593,7.791539761179465,12.638757323297481,5.8229623041996925,11.163066905236771,5.593299062695475,20.577644271587847,7.586708958376964,-21.279232558286907,7.731918144402927,-6.4479458990015255,4.8516627670969275,-2.2224417465214126,4.737987354827956,1.4153138404475312,5.290328571383606,10.792362531275277,5.529497324417221
3693_20220825_0700,25-08-2022_07h00_HIVE-3693.wav,3693,4.0,HIGH,268,536.0,538.0,-453.245972159304,137.93585896532147,134.53638952630612,27.65929508486185,26.64137101520822,9.218167901159491,24.15061919786235,8.09077056177748,-20.6519542723207,9.6622562875193,12.85206976486152,4.869249511321225,12.755618686873436,5.1045610552450915,17.64519493403375,6.034980133430062,-21.570453108352464,8.263700144214024,-6.09025114999462,4.476736300061903,-3.849744517518944,4.198511214006951,4.228895078841111,5.824288254712552,12.136189873424863,5.996628160521283
3693_20220825_0700,25-08-2022_07h00_HIVE-3693.wav,3693,4.0,HIGH,269,538.0,540.0,-457.4671622715997,138.063389463599,133.28723893554053,26.862835490295712,27.12783259351047,9.471511236519648,25.104140754396425,8.923033556468846,-17.76393935539512,7.807173651787946,13.55940497803944,6.606241307203717,13.571696223658927,6.225118423142388,18.64927629715747,7.68262310930191,-20.71082754827348,7.357353084551736,-4.874929211940582,4.921364674452481,-3.503285264085528,4.803167557973568,3.725060133743163,4.720275474310191,8.958864819030424,4.622064356120738
3693_20220825_0700,25-08-2022_07h00_HIVE-3693.wav,3693,4.0,HIGH,270,540.0,542.0,-449.0149872073342,140.5750816295268,132.02674740272508,27.24130487646731,24.423037507640835,10.584376778103495,22.682814520949176,9.973017271551997,-16.336440950064617,8.057206761638207,10.21149158236448,4.949393390088373,13.053316195953126,4.950329838607854,16.70110973980242,6.817112368443827,-19.14301484157652,6.506106699097258,-6.229677143252896,5.071255590317694,-0.9936278935554587,3.8413753437894917,3.9307340326135916,5.228622379426302,11.16847040551904,5.170793844913224
3693_20220825_0700,25-08-2022_07h00_HIVE-3693.wav,3693,4.0,HIGH,271,542.0,544.0,-454.0992692232501,134.48982865677982,135.47536204397989,29.763760935570428,35.81134047865858,8.256991975297538,14.533511650977028,8.157544263409656,-13.081003266853541,8.286310120761302,12.292699380615598,7.939245689290981,13.755772363529745,6.373565755350173,13.762189311349303,8.244113503716894,-21.220611571044493,6.564480961597278,-6.480054533486681,5.49740730574174,-2.3767540443582287,4.413249327231067,6.4618546658896365,5.0478372711308035,7.296090465348922,5.608485847530675
3693_20220825_0700,25-08-2022_07h00_HIVE-3693.wav,3693,4.0,HIGH,272,544.0,546.0,-452.251691658488,140.76568400436184,134.34873594216745,28.686138657124012,30.84832234291903,10.288576274444491,21.12332525702295,10.449463064303345,-14.487810368036495,9.156721358410351,12.243598404291085,5.025348943533332,15.832472931528514,5.376990474641227,14.175403795279466,6.342236916276533,-19.828791312937057,7.201057470474006,-7.371341577668291,4.917448308310195,-3.0781089733986513,4.808275778178031,5.558773503885375,4.239211301945779,10.313109617566878,5.207787361150773
3693_20220825_0700,25-08-2022_07h00_HIVE-3693.wav,3693,4.0,HIGH,273,546.0,548.0,-461.74250057119275,135.72319842437147,135.64275147925335,28.688836964819473,37.227838393551494,9.318579306796133,14.148439375006202,7.712437424884965,-12.111237803494163,9.385299022327711,11.470136131782505,4.980446515176496,16.789275104485927,6.042279394336083,16.973236189825325,6.494891579013692,-16.948586988299187,5.987631986083533,-5.725659136310597,5.542832615317459,-1.9354327968798415,4.399602486352496,7.787263142811283,5.061594488111021,8.605883798482097,5.522207113434325
3693_20220825_0700,25-08-2022_07h00_HIVE-3693.wav,3693,4.0,HIGH,274,548.0,550.0,-464.12095264080443,134.32192545027215,134.25582465039184,29.60411095725682,31.531736548825034,10.2775321369463,22.392942165255608,10.638909217272266,-14.89994171498067,9.122180816263908,12.776337168338696,6.941457569771901,14.445829888682217,6.224583849423129,19.97549009869803,6.510742312303856,-18.185763783685363,7.82967825943252,-5.726509930534639,4.498272148660538,-3.0061181386053306,4.516616286181944,5.880637311490691,4.800862148274629,8.799237653725928,4.574883406052098
3693_20220825_0700,25-08-2022_07h00_HIVE-3693.wav,3693,4.0,HIGH,275,550.0,552.0,-458.68625558657425,135.52129476734126,141.42641772457745,29.859369652003153,32.322161739075014,8.298258991648373,19.45116279949595,8.418343272474969,-12.92615515825667,7.734955213353847,12.55766073660347,5.169035713025093,11.885945133943062,5.612039054327543,16.005767579902813,6.993144005298803,-20.931364808169313,6.739073528266884,-6.696219015416512,5.430713593427297,-2.9336432357234865,4.12665333128815,5.856388885072991,4.8186129122162855,8.370295110388756,5.343446350412341
3693_20220825_0700,25-08-2022_07h00_HIVE-3693.wav,3693,4.0,HIGH,276,552.0,554.0,-458.3269912367989,144.97134097726064,140.25703434772922,27.147686364143784,28.781496124810605,10.169499688800325,22.04121683960887,7.733113447355075,-19.077885412961795,9.213788517973848,12.546207548737813,6.319954520640679,8.865960874889685,5.646678269453763,15.268332943976038,6.405911486547723,-23.94001578190319,7.469009086378026,-7.852418634837411,4.614913674938648,-2.889144843016593,4.612721525738642,4.934366652184259,4.903956014393654,9.245025288689193,4.209399948779957
3693_20220825_0700,25-08-2022_07h00_HIVE-3693.wav,3693,4.0,HIGH,277,554.0,556.0,-460.716022484691,137.40865054396545,137.9149635478017,29.591344477205638,32.2997860292336,11.60655013550837,21.05037695206665,10.074456612461438,-14.985972854947915,9.23895132363753,12.632808662419219,6.580591114411469,12.033340967563042,5.417864865872365,16.453385132412826,7.398898999438256,-21.686516518532112,7.593730101126204,-5.687083621593925,6.181078179099087,-1.5048046171713811,4.433964433690387,6.0407078944751165,5.039237219124402,8.331384167115228,4.659565832468191
3693_20220825_0700,25-08-2022_07h00_HIVE-3693.wav,3693,4.0,HIGH,278,556.0,558.0,-455.11289943412544,139.86915665694502,137.22470832445256,28.03115730586778,28.252411464062703,10.12613398028851,16.371776723047276,7.272616163835033,-14.04370325473383,7.4416125103255135,10.822980889818906,5.732819819006352,11.452122524131033,5.511342492134291,14.808590404270827,5.260177644669775,-22.707060610154137,7.079319508475409,-6.425055251539467,4.347912794549591,-5.562210398110092,5.55967317922201,5.475393894693253,4.697648904580443,10.104286428890694,5.033471324134457
3693_20220825_0700,25-08-2022_07h00_HIVE-3693.wav,3693,4.0,HIGH,279,558.0,560.0,-458.61624471115937,134.30738890230947,134.70649967328248,27.88621499263264,31.407335544028474,10.246967991675879,19.214835877226413,8.308728516130538,-15.367588156958961,6.9521787012625165,11.885469572318211,6.410754040416872,11.21191813009246,5.291845066718528,18.183717058712155,6.967364480531422,-20.502582833158506,6.71630778120223,-7.850323545171253,4.998315518927975,-2.3064610415852242,5.397059519197704,6.931037982510716,4.3703647675534585,8.832756868770954,6.087167751218117
3693_20220825_0700,25-08-2022_07h00_HIVE-3693.wav,3693,4.0,HIGH,280,560.0,562.0,-460.78050583376074,137.40594841986274,136.09364809538516,27.473290731455354,31.550280111185536,7.394089716757298,17.849586058373223,6.719261209109402,-14.804586881379409,7.859557492190432,10.37915730261694,4.98513011350016,14.20218433728281,5.218080495553785,16.19864377978525,5.952025385898329,-19.721262368065766,6.705076937841484,-8.901520147129531,4.29627703017245,-3.1776832953625815,5.265121862177234,6.615661269246082,4.1671915815926095,7.335502018568709,4.700548360770382
3693_20220825_0700,25-08-2022_07h00_HIVE-3693.wav,3693,4.0,HIGH,281,562.0,564.0,-458.43520203775097,133.76131846699553,131.98754585835493,28.347640359223814,30.304310889745018,7.867284760994389,20.761306311046283,7.7511099070340785,-15.67256137427297,7.0307222187453,11.13933160103676,5.7105470420863105,12.878227837013066,5.326256799113271,17.54916712135128,7.935865380393196,-19.843038681441847,6.537111806022317,-5.544889167510753,4.535606121972869,-1.4974437017055846,4.992526476800743,5.635884634743109,4.768777985171308,11.170411333703054,5.847606756162436
3693_20220825_0700,25-08-2022_07h00_HIVE-3693.wav,3693,4.0,HIGH,282,564.0,566.0,-462.53318335483874,133.7610680630301,138.2658727656056,30.691485147944693,34.37258922368837,9.908456843881728,17.010760945715248,6.476735668690004,-13.03251939927706,8.094939624822775,11.7495610820948,5.7404189992952475,14.582410385006627,5.207886347867564,15.624418663968768,6.902970715604392,-21.053010912628956,8.35403394277897,-7.3785232971046595,4.6866469632326275,-2.1422827748415467,4.167923277682368,7.773147218801498,4.842842753444525,10.083671647360353,4.88674689026182
3693_20220825_0700,25-08-2022_07h00_HIVE-3693.wav,3693,4.0,HIGH,283,566.0,568.0,-447.3902078289736,138.73769250663952,128.84225604783845,31.049444528713334,35.48230777342806,12.148112326694731,17.497071827669387,6.220089168053653,-16.48098557762814,9.63224725867536,14.830202801017156,8.093029860686423,11.952852448706498,6.746150562021858,16.885737128185053,7.15969740264456,-21.53971658732625,6.758049339331096,-7.17132362510765,5.199593020296054,-2.1527755840889764,4.651942757802158,5.522032543425537,4.948705905531541,8.48299037658301,5.549776367396563
3693_20220825_0700,25-08-2022_07h00_HIVE-3693.wav,3693,4.0,HIGH,284,568.0,570.0,-439.9131417527089,136.94766857693241,131.9652075066798,29.23794007804799,31.28739577072903,9.96854846072126,17.135900376541876,8.395154685307048,-12.840270112707787,7.068470416501901,9.549527195937722,5.144101570862079,10.763914217664318,5.65800042750886,14.867278844641051,6.3551940217459615,-21.98007895256794,7.075189251850509,-8.57112106481372,6.4854597083106995,-1.5294340769384809,4.12260052854251,5.101595695383093,5.413432740073765,12.457430754450687,4.922899550666315
3693_20220825_0700,25-08-2022_07h00_HIVE-3693.wav,3693,4.0,HIGH,285,570.0,572.0,-451.31151014503143,137.8150129310175,134.9455001668268,28.040514675211043,30.548950783010994,10.650344003866119,19.97964820346618,8.37681718164,-15.086253061938892,8.093619853860604,11.179627516538865,5.8866547211804,14.373769887135323,6.151523450463336,16.71363912467151,6.857155497503957,-20.72660608171082,6.386371454705281,-8.32821758762052,5.584911901532229,-1.7982175390394637,3.646735039358402,4.668990584506923,4.79480607872532,10.268298599033963,5.059094305647339
3693_20220825_0700,25-08-2022_07h00_HIVE-3693.wav,3693,4.0,HIGH,286,572.0,574.0,-457.9261624521149,133.6644508252651,137.6022157960004,27.531822514619527,31.612192967545827,7.9473964511010005,19.86796038837618,8.517737489322096,-19.375701415541428,9.28147698560897,14.824312703311481,6.7276695106422135,12.914762907102123,5.7055352294752915,18.857279935696,8.32258106548503,-20.834292611255307,6.397456098867116,-6.564900806409558,5.376217746780703,-2.6820050768054338,6.0611684836788475,4.492964752060035,4.781416392367059,9.739459557740258,6.3013698784847385
3693_20220825_0700,25-08-2022_07h00_HIVE-3693.wav,3693,4.0,HIGH,287,574.0,576.0,-463.2971004271796,136.9370009164585,135.29818919032877,28.129725205161314,34.224175410213945,8.168954400457775,20.098890027844728,7.497370169997719,-20.13304903524041,9.285249930050345,15.552670832136123,6.249805080901734,12.352945606349268,4.80273330313034,18.431081614012914,7.6761817116217355,-21.161319148643802,6.9019140041895195,-5.192512482904245,5.177324421414768,-1.8637716829693902,4.657145861498029,6.217244813621216,5.410297429705467,7.97062745563854,5.065698951074313
3693_20220825_0700,25-08-2022_07h00_HIVE-3693.wav,3693,4.0,HIGH,288,576.0,578.0,-454.07891773735645,140.3292181883395,132.04058520159757,28.36625089925571,33.69682640061139,11.223976613340696,19.957906067925066,8.18172181346938,-16.094731381572295,8.356410137306828,13.607746456490656,6.208549115961261,14.8081784920061,5.911990117682177,20.141366743172703,7.333966339559429,-19.98785968735451,6.986294746120617,-5.794557746420433,4.217897152318238,-1.7211325699648605,4.068969873457834,6.615707965356425,5.099828721257465,9.049809450937644,4.970362817892914
3693_20220825_0700,25-08-2022_07h00_HIVE-3693.wav,3693,4.0,HIGH,289,578.0,580.0,-455.76968381984983,137.07269913759978,133.07383369553955,29.608270563407668,34.10663006422929,9.888214537990134,19.579354365614506,8.571760164442702,-15.173400602768554,8.860243875009614,13.656546142849875,5.865819904572147,12.20162277109544,6.667401671671125,20.022020945126688,7.555535973459396,-20.967636834149555,7.994879304267702,-5.289333796239575,5.256782048528195,-3.053791493986526,5.152428780568629,6.998915173523868,4.202717576186157,10.395881686708023,4.5185809718714385
3693_20220825_0700,25-08-2022_07h00_HIVE-3693.wav,3693,4.0,HIGH,290,580.0,582.0,-458.54324266610945,134.5729782768394,129.7000449209962,28.99683241927592,33.93376000837891,9.422522030667736,21.564081507250982,6.834489919476968,-18.25507446953036,8.391520419319455,14.163537968607379,6.362552655168738,12.147353263464561,6.693382739049635,19.732855954386668,8.47242749178425,-18.232902871130868,6.919947585658837,-4.702252909639227,5.126587632665201,-2.2045959368060175,4.408251660910982,6.264379425159428,4.933954559521188,10.902342165684715,5.70455506286101
3693_20220825_0700,25-08-2022_07h00_HIVE-3693.wav,3693,4.0,HIGH,291,582.0,584.0,-454.19519210681204,130.68871769713945,124.77401767712762,28.93878166394347,37.087940888785134,9.515645209131513,20.157046804207546,8.074114909919775,-16.740774585197183,8.765589145635268,13.707736553677801,6.370557133291772,12.175915663900186,5.9168261440290655,23.319583999419613,8.353282218335941,-17.47537187087738,7.731426243672428,-4.6425191057675965,5.036431497357637,-1.570137215292722,4.638312838470663,3.1735195006291117,5.899251693860791,10.397269448701824,5.622361131848839
3693_20220825_0700,25-08-2022_07h00_HIVE-3693.wav,3693,4.0,HIGH,292,584.0,586.0,-447.7736973716886,136.4993384349605,126.44420888646114,32.935571748114576,30.39830725772079,10.095764902344992,21.635319894365264,8.975881914656298,-21.475093079092524,11.82895813945225,17.964000567943714,9.479968602131358,12.311396356826371,5.682570288856904,18.950352555774106,7.365412932961299,-18.715679779673927,8.156148741195821,-3.3728122373768774,5.559383799765353,-2.6214263176073325,4.4124335231685725,4.16162773879145,4.619922570382794,8.667612219730971,6.251551985775949
3693_20220825_0700,25-08-2022_07h00_HIVE-3693.wav,3693,4.0,HIGH,293,586.0,588.0,-451.42777412285545,130.5490930869585,127.99123614769367,29.7161822706,33.28782214061303,9.415642962512978,23.715458562759103,8.349605829820282,-17.695529468143732,9.148598379720571,12.6416884634174,5.446231103672991,10.492452871999916,5.1848252734895555,25.367654189620854,9.374553960754994,-18.365539399062644,6.931182516455675,-4.248003344083885,4.614902822282374,-2.546018209811842,4.188765117039449,3.421132525048928,4.87562700900812,11.750402939254357,5.173210417587309
3693_20220825_0700,25-08-2022_07h00_HIVE-3693.wav,3693,4.0,HIGH,294,588.0,590.0,-452.50492160254436,132.8277260569621,123.1631152539521,28.765755647666747,38.002645895774045,9.382363030827719,19.152337784143338,6.471606485293433,-18.427743582250965,9.614617954129574,14.864136198587028,6.351459281144051,7.1407161934554,6.760521462813277,24.601077126392603,9.370206157877526,-20.966162878106612,8.40303504216188,-5.962180246095412,5.415938848360967,-4.26951709643459,5.083188742422056,4.024424672053298,5.037423096893939,13.524649917952242,5.406251656664716
3693_20220825_0700,25-08-2022_07h00_HIVE-3693.wav,3693,4.0,HIGH,295,590.0,592.0,-453.3141186154401,128.74652674329076,125.75473711055551,29.7682946603207,37.76841687328158,8.906020765313022,19.433675640226994,6.135990678410448,-15.54080126912073,9.307996717595953,14.238658446784315,5.692601305955011,12.235388609425167,5.912714619746617,23.922209121343485,8.217491890199618,-17.584627692699936,8.723088797800958,-4.764529283746326,4.6755839705937845,-2.749746979460641,4.682204774650096,4.951751784605303,5.248629946794837,11.450240509208937,4.981686437361678
3693_20220825_0700,25-08-2022_07h00_HIVE-3693.wav,3693,4.0,HIGH,296,592.0,594.0,-449.91400074088824,128.3093449364459,125.57542512969053,28.448391571055726,36.00366338123525,10.141757456650378,21.89888385009123,7.22067607281516,-17.285029270568952,8.687417678342154,15.526342237142499,6.427996644780994,12.357070481261164,5.799199459133051,23.315433351755992,7.936773027842952,-17.8705657347558,6.7332359360282865,-2.8436846628092516,4.556811170906969,-1.4066066096715937,3.9501013563520244,6.079788361166766,5.510364790632114,12.346018325621245,5.367683380577249
3693_20220825_0700,25-08-2022_07h00_HIVE-3693.wav,3693,4.0,HIGH,297,594.0,596.0,-449.2829407906035,134.12658917199496,132.87380545593936,31.74197806830917,30.288634540996643,8.92108847478057,21.753637861759472,7.940195522461549,-15.496141258500476,8.614598874958554,15.245876546289107,6.558526229699224,13.532513608799766,6.08530382711731,20.935324863384263,7.068637658813714,-16.559594008247792,7.389326406228417,-4.3903516294812865,5.121536045793002,0.48778211686825484,4.737032498916308,6.194002425376162,4.550441591115954,11.157309743837105,3.9177810653025635
3693_20220825_0700,25-08-2022_07h00_HIVE-3693.wav,3693,4.0,HIGH,298,596.0,598.0,-462.5152284221232,128.15439338662677,129.72016925820344,29.634535243645935,32.77077490280498,8.455256234960425,22.611317630975407,7.490324048831872,-16.587770945321857,8.487081331579137,15.91371879427745,7.535487223454211,16.200421555842926,5.813513166293956,21.99485606532879,7.159470226890031,-16.52349503303138,7.884773472497827,-4.0802212746927,4.639090844232317,-0.4064709177099561,4.049000083451162,5.0785883406652506,4.531605914306204,8.503167188501285,4.757034218321943
3693_20220825_0700,25-08-2022_07h00_HIVE-3693.wav,3693,4.0,HIGH,299,598.0,600.0,-427.5611402936284,149.2950885140994,121.47299313887189,32.0110177418839,38.795691697094654,13.662357103080833,8.630195344865685,9.227673540976594,-16.806754072193105,9.270675852693376,21.311570746259648,12.696111552424053,15.489000530402253,7.010860675051657,13.822762724008696,8.877228187818073,-16.68075191552335,8.394973915899056,-2.502113950219101,4.9408001351734585,1.0879125882062206,5.260167033261494,6.455417748853706,4.384448137732385,5.101373098961312,6.696195265384637
3693_20220825_0700,25-08-2022_07h00_HIVE-3693.wav,3693,4.0,HIGH,300,600.0,602.0,-437.19665058855867,137.56817353708502,120.71177188796685,29.41390886453497,38.53946089563924,9.982745026305464,16.0193414847415,8.731804414992256,-14.492997827999616,8.009803932526317,14.716503513078678,6.880348724321112,15.19878366861738,6.639537302217642,22.065390891913065,8.756146122116887,-20.408503717285058,8.60604661410403,-2.7625415365553723,6.150134231361881,-0.02179508110027011,5.304622326893583,9.263039420788125,5.193100932965953,9.182264301087937,5.280921317070472
3693_20220825_0700,25-08-2022_07h00_HIVE-3693.wav,3693,4.0,HIGH,301,602.0,604.0,-449.03209236697967,135.21998450179245,127.17146009080791,26.4295063107499,40.15248907867164,9.838011018412562,21.080416802349664,8.831085090325105,-14.177461897450284,8.8961146682932,17.188466351368774,6.422303443339216,14.867912222039815,6.180628733379472,25.774805486390118,8.555789550948619,-21.08748384859618,8.614068902229477,-2.4765127239297255,4.784160333052392,-2.1839577867261157,4.683107750830564,7.517236748068673,4.159374221979764,9.634453867385174,4.42348260480383
3693_20220825_0700,25-08-2022_07h00_HIVE-3693.wav,3693,4.0,HIGH,302,604.0,606.0,-420.9059307511042,157.23378186759342,128.8612653543092,32.81394374048066,35.092422625547314,13.645309377135234,5.3578985894675775,16.98948571301376,-13.856170248162426,8.370151991243935,23.450006329101324,13.123672546894444,15.53398143069659,6.384042514643947,13.962387157763265,8.48183261818657,-21.61327275074752,9.119955984374718,-0.5037688714162493,7.39039329048815,-0.9816303259118224,4.467459801972352,5.888617222103382,4.82188726792221,6.657132578252262,6.3488390552303136
3693_20220825_0700,25-08-2022_07h00_HIVE-3693.wav,3693,4.0,HIGH,303,606.0,608.0,-447.3534857671879,135.42357095906868,128.1442606817013,30.364134762074986,38.31864772188607,9.044432878989682,16.25362578215412,7.5531951639876596,-14.601382457786283,9.202908030902808,20.182329486570474,9.109824062346236,18.090404224671836,5.700601030146528,18.112783902264987,7.1115904761061595,-17.147514121778773,8.203309089499125,-1.7460857677331363,4.48428506196187,1.186266531240031,4.917682482423877,7.639299161616096,4.897676164673316,8.41216177980279,5.663251970928101
3693_20220825_0700,25-08-2022_07h00_HIVE-3693.wav,3693,4.0,HIGH,304,608.0,610.0,-449.7621784100583,120.1163244117277,134.67263808158106,34.38265106709109,35.65265749828314,9.347486456937986,21.030061552420783,7.533653635550986,-14.46591718772927,8.88529721024965,14.208074493423842,6.3691520624372,21.16273848694879,7.253003991423561,19.9237613023242,7.862712756306254,-15.162305770364833,6.471019242448493,-4.520805781491335,4.485346475900522,0.017192818226624863,3.6860604449182603,7.743746281684047,3.9387193214888274,12.171523455141577,4.46125682341054
3693_20220825_0700,25-08-2022_07h00_HIVE-3693.wav,3693,4.0,HIGH,305,610.0,612.0,-432.47125213573145,133.6336287505222,123.39349377702885,31.821769477002142,37.533183689801824,10.414943978872916,17.354018981209027,9.218043780352067,-16.214285498316404,11.08668364136329,22.70660811242551,11.180616998684414,15.693532499942926,6.179618126092055,20.493837292461475,7.669734051653913,-15.210141591102612,7.736537797904559,-2.9881547235376953,5.7188745041813425,1.821243363400554,4.429635998157077,7.580375682095833,4.628962609923776,8.943010700461235,5.459830218152162
3693_20220825_0700,25-08-2022_07h00_HIVE-3693.wav,3693,4.0,HIGH,306,612.0,614.0,-459.42287249162285,123.72397613174077,132.0508428794747,33.13380982538761,37.883143398976856,9.8299709078193,23.154986922438546,7.7128453088572115,-14.900102238162331,9.319538123473059,17.562412623610584,5.7663458790289015,20.26242236163229,5.849039802566349,23.37086061072646,7.2397532167841625,-12.14722582007757,7.968650945966686,-2.095387497207152,5.649634745422002,3.0447773571465846,4.061818978470162,8.8448189173743,4.877598807997115,12.76853389980813,5.659869420093134
3693_20220825_0700,25-08-2022_07h00_HIVE-3693.wav,3693,4.0,HIGH,307,614.0,616.0,-437.42802716553757,139.66118258962544,121.19894083287559,30.228975628507932,37.220228383948395,8.940279813374124,18.76460155588811,7.564926469407948,-17.65231020361539,12.179824248785721,22.782924059684024,11.793651732526001,16.300900560077473,6.138353359185638,21.321267734351377,8.844901341646297,-16.28147593885146,8.345709226386814,-1.07332569506463,5.545018660757905,4.3518559212374335,4.646434154691406,7.4733236243782635,4.459940538488962,10.95070859857217,6.21568886858063
3693_20220825_0700,25-08-2022_07h00_HIVE-3693.wav,3693,4.0,HIGH,308,616.0,618.0,-450.16585916686176,130.8573678218071,132.23115033779897,30.987252050171268,37.05363165334042,9.366478117580883,22.144763175076157,6.329463908810655,-10.336146778663615,8.684886002690995,15.618717933024477,5.5381929269227115,20.090306743044454,6.3345541831551735,20.78289821390266,6.476005923901567,-14.264491250532393,6.66879531587428,-4.901631939404305,5.552747990812392,1.9692756047859545,3.982128747222239,7.388049765780307,3.9812683285059194,10.527771740499352,4.8826311830695435
3693_20220825_0700,25-08-2022_07h00_HIVE-3693.wav,3693,4.0,HIGH,309,618.0,620.0,-439.5228520872844,133.98516717311455,126.52105362445566,31.652192855617933,40.727834161338755,8.96783121586176,18.231177906655656,9.577004864122904,-13.965091493466641,10.929497166753906,18.730315184805036,9.268203321030787,17.162331195328413,6.322996767199027,18.12484809977692,7.9343585242966315,-15.501875512916756,7.893252589497268,-1.9974585065838193,5.50258105073957,2.286304253123904,4.283641542093476,7.820986735435356,4.911841921542732,10.269869391826003,5.578565682135435
3693_20220825_0700,25-08-2022_07h00_HIVE-3693.wav,3693,4.0,HIGH,310,620.0,622.0,-459.37322211725416,124.6994820070607,135.279016577667,31.431821142535842,37.305527374475595,9.1207983768239,21.05570549503535,7.333439335056485,-11.51533279145207,8.989084000932138,15.17199149670028,5.599508561113104,18.100983600826154,5.271231459551343,21.827240041795385,7.395267270504342,-13.705271822652932,6.177777294996386,-2.2326123216005267,4.970085163805525,0.7469875062978966,4.623702870542976,8.839568843425045,4.054881478011943,12.24888967448509,4.977828182562178
3693_20220825_0700,25-08-2022_07h00_HIVE-3693.wav,3693,4.0,HIGH,311,622.0,624.0,-451.2132377762704,130.26162431835596,133.19748795812097,33.088366081647,36.87507202511614,9.009787525329942,18.85478158569415,6.519333387777916,-9.470302207629755,8.303742976412819,15.50755824225693,6.07116086673649,17.831656575531785,6.650533840551471,19.133146706305475,7.328585846557828,-16.5179410010266,7.3939603018384155,-5.922368005564939,4.907432372642878,1.5388856832979811,4.943101673510318,9.998983868533918,5.067368478285868,12.001183182719165,5.07325489670563
3693_20220825_0700,25-08-2022_07h00_HIVE-3693.wav,3693,4.0,HIGH,312,624.0,626.0,-454.05153719461384,133.9157018273942,132.73904589998116,29.449638647415085,35.03825704069706,8.711526589845924,21.075510999046315,6.435643692918689,-11.989602573487222,8.952645699967983,13.036263702867638,5.324575903932822,16.785134577972045,5.382000947578818,18.704033501439206,7.619522957472954,-15.918357886988048,6.6447059895365985,-3.5556920769657863,5.138722183268737,-1.4275194032681247,5.090020787053528,8.044843014947615,5.665971150381251,9.928145214394705,5.80928403333196
3693_20220825_0700,25-08-2022_07h00_HIVE-3693.wav,3693,4.0,HIGH,313,626.0,628.0,-444.16211133269036,127.30361639210531,127.81179705129662,30.309738018094503,37.833526303764316,8.039770490258888,20.312174509450724,7.87626102620531,-13.34645659640336,9.229907538368659,15.01825378186031,5.014748728224428,14.259366449001016,6.130695158990092,16.344204336572606,6.34861709302732,-16.504663353048034,6.396215176029808,-4.008768646953249,4.452310663016723,-0.3270330147983062,4.761393700947224,8.88498584223485,3.862210493326762,12.875631912455116,5.718593383899268
3693_20220825_0700,25-08-2022_07h00_HIVE-3693.wav,3693,4.0,HIGH,314,628.0,630.0,-446.5304450623974,124.631687461956,125.42957713856373,32.67139506412349,34.85296026557029,9.789425223586397,19.539121544335547,10.034265329946036,-15.545788992951005,10.397821282449502,18.789640701973436,10.678658971643072,15.791376403821,6.594815490414353,17.45017881048531,7.157671417282483,-18.47742880724158,7.756244155372371,-3.429891611531936,5.414305172139114,0.5124152824384098,4.348039195161296,7.610152126401095,4.613621444548882,10.755637786936788,5.346796565525023
3693_20220825_0700,25-08-2022_07h00_HIVE-3693.wav,3693,4.0,HIGH,315,630.0,632.0,-445.0041016252762,135.92977447154405,127.64049852795799,29.120176390006243,38.73507841475472,7.830020285717811,21.43134663091249,10.20979866817664,-9.649321079690214,9.090746398649504,13.12879074561011,6.848151728986836,16.08293003024178,7.854721995481288,16.051804128428078,7.392665882187188,-17.664393306138308,7.061960934589939,-9.200677947556738,5.274496407704982,-2.2999530462042035,4.89053728408528,9.520415759782129,4.359337655556689,10.172431887342071,4.674391945272767
3693_20220825_0700,25-08-2022_07h00_HIVE-3693.wav,3693,4.0,HIGH,316,632.0,634.0,-452.76207922365495,128.91350254006895,132.07305248365725,33.627404902969175,32.706381922470754,9.362895182001763,21.74762199873016,8.819882600115498,-14.637227661503884,8.913536092050137,14.512555991158942,5.883169449057008,16.15881675270872,5.342321647478228,19.42973293824544,8.032404935133744,-16.520385743329005,8.08245246511501,-4.304260770693202,4.5183618413522355,-0.040139447203095376,4.6562539024514695,7.982341396463684,6.122407517280631,11.833190758043408,5.11083014784087
3693_20220825_0700,25-08-2022_07h00_HIVE-3693.wav,3693,4.0,HIGH,317,634.0,636.0,-465.4807987083889,127.80508364373034,134.52637930020938,29.236216538656954,36.67526491624092,8.202709995464147,23.421382545377433,7.4048134037677835,-14.938361266383506,8.414688730953506,15.462240959139232,6.05849208290164,16.70382710187512,6.7285472437603415,21.424025319343123,8.015074509910026,-18.943841331430146,7.822014277127987,-5.224808330913716,4.7671668378499605,-0.2748876988216887,4.382550470273921,8.112030148970556,5.474328154512213,9.581764999925058,5.012466847932064
3693_20220825_0700,25-08-2022_07h00_HIVE-3693.wav,3693,4.0,HIGH,318,636.0,638.0,-430.88996736972445,142.9532463002479,118.20222127412114,27.38345491847519,30.94591386668574,10.160743940972125,27.38301830437998,12.416356214651312,-13.869046039267433,9.297700066921943,13.628131219465516,6.070081949988726,13.582668239792953,7.6136200612330525,18.458518408664332,7.127126439073973,-18.50688787388857,6.841464450076362,-5.895424867798639,6.167788100354114,-1.952250258828361,5.5761337602004,6.488951137310612,4.199925057247909,10.610864443051168,5.234105706937109
3693_20220825_0700,25-08-2022_07h00_HIVE-3693.wav,3693,4.0,HIGH,319,638.0,640.0,-431.9115503384118,129.9840913010389,126.61028451844957,28.719515836285826,34.47225810541295,8.496759269354772,23.153768092361588,7.570391233883479,-12.58057012423754,7.997023743531281,14.093832302773292,6.3656598448775155,13.098442660735895,5.635706817987569,17.789156582321173,8.693770191903356,-18.300195967232533,7.01376234863046,-5.949352634634753,4.173064046479398,-1.9273205784038205,4.587525327727595,7.923982148042319,5.7482991997125525,10.396350775337176,5.983028136718494
3693_20220825_0700,25-08-2022_07h00_HIVE-3693.wav,3693,4.0,HIGH,320,640.0,642.0,-366.70022709911103,152.59131777721115,115.61737845848023,25.33533525008602,30.930317177064644,9.020219069497482,26.829866239148632,7.234482548628445,-21.326992051763483,10.170317701516513,14.111606798217204,7.082255424596209,6.473648954540061,6.257213488890887,21.73171995375717,9.547362121776946,-18.451923962192797,7.005331895905623,-7.406714569927662,4.934004631976804,-8.403281737438856,5.637353318812238,1.1191955347995053,5.923602518137935,6.147167645608083,6.256746845436233
3693_20220825_0700,25-08-2022_07h00_HIVE-3693.wav,3693,4.0,HIGH,321,642.0,644.0,-372.70000020126696,155.25832622800502,104.94369487927163,28.043430321201086,27.02656800816839,13.928051537645459,32.86278685867044,11.836456233409285,-22.930094092165394,11.092963857870952,12.488841187035087,6.986267015442747,11.54651545181811,6.778297884431249,16.58346969311255,6.861686308126071,-20.286313502976434,9.15327011539527,-2.9231176485194514,6.938795454987977,-6.544025314681891,5.703974278829214,5.647472302561897,6.442538347031674,10.509194530229943,5.107953180746148
3693_20220825_0700,25-08-2022_07h00_HIVE-3693.wav,3693,4.0,HIGH,322,644.0,646.0,-440.51216299390023,133.24441631404022,121.48292362724067,31.32937244749067,39.90962592126306,10.432929288897657,19.923457036568884,8.003636216441272,-16.7798231062404,11.305525545024137,18.258124180766234,7.493124980526613,16.431409161961373,8.119057639820197,16.697951998905094,5.866379660419256,-14.844735972550858,6.726841286345035,-5.1631304327845395,5.451814096675971,-3.1129725055891035,6.51763319457858,9.992881056198367,5.064918084776928,6.422598291945728,5.910593089723154
3693_20220825_0700,25-08-2022_07h00_HIVE-3693.wav,3693,4.0,HIGH,323,646.0,648.0,-444.00387695718973,125.89692878056526,124.64782042281257,33.270544458440874,36.57741986605292,8.998531301487159,23.336874425309485,8.082195001791927,-16.145273356097313,11.532645193455577,17.20906884779359,6.544352151814997,18.064736729505462,4.833874416295903,17.079151008356117,7.2494295398557815,-15.159019569613216,7.45829976850956,-5.089074830193049,5.241557993779315,-4.126644669640346,5.126201381374497,9.522577828013238,4.806855382677917,9.948314503406868,4.902235831976399
3693_20220825_0700,25-08-2022_07h00_HIVE-3693.wav,3693,4.0,HIGH,324,648.0,650.0,-458.24390675311037,128.30825385087175,133.09110617570903,30.528899055832184,35.4997869090529,9.089550003771333,24.0754660209528,9.225051315875028,-13.913879696165209,8.371740359369987,14.53231453942542,5.27146580462303,17.582711583717863,6.434522809093818,18.97464844319013,7.809891354329096,-19.787628350230335,7.627933595064022,-3.6895383688494094,5.550559527858705,-2.358807763594643,4.354249185025343,7.015122604463103,4.273639720442928,10.839549972578833,5.6492441731126135
3693_20220825_0700,25-08-2022_07h00_HIVE-3693.wav,3693,4.0,HIGH,325,650.0,652.0,-441.38945118508303,129.69527541921283,119.31509221037248,32.203778055903,38.74611499035658,10.80299439535507,20.857878998186,7.7714613749896495,-14.375539851087415,9.029236618090826,19.57325261799692,7.0407556782897736,13.482375103528584,6.589936425069105,20.99100596837193,9.444506164693468,-17.735459706758213,8.01537955577091,-2.8683175180203344,5.921280667610302,-2.507387499097813,6.6374424433739945,6.5204999466674645,5.351422390559066,10.101922054399356,5.256320580860337
3693_20220825_0700,25-08-2022_07h00_HIVE-3693.wav,3693,4.0,HIGH,326,652.0,654.0,-433.02917963350546,130.4369696226638,123.97485651240848,28.237017279203933,32.057762023948804,9.473985705989854,22.54162404996681,8.839623889549589,-16.900531566175417,9.110300777874569,14.122668310873134,6.537249928749023,19.261683277487833,7.955769133385388,14.216805855652337,8.799062295765227,-16.817817664987693,8.093280618640408,-1.0475569079883098,5.210270894385133,-4.266006637009001,5.127430471555724,6.682791362367322,5.018492183091876,9.234064966250822,4.797940109652574
3693_20220825_0700,25-08-2022_07h00_HIVE-3693.wav,3693,4.0,HIGH,327,654.0,656.0,-455.09262180318285,131.9555533254231,129.57621916416605,29.568623036890564,34.42457804401699,8.675084754459531,22.280710759883256,7.440417808173229,-14.574778181308037,9.000024426190128,16.687122203252535,6.25967918772966,16.479411731885808,5.656198860737875,19.098934386188542,7.551016464409725,-15.860321061526431,7.236400808844054,-4.031402208124818,4.841129250597151,-0.6726744046177922,4.946935666122559,8.376541506304093,5.012695020202633,9.391789879252224,5.34495429916156
3693_20220825_0700,25-08-2022_07h00_HIVE-3693.wav,3693,4.0,HIGH,328,656.0,658.0,-456.1328286437841,129.2685780455648,132.9886025496291,31.9776753147495,32.42415644493994,7.735364828127716,20.63102410173943,7.202812227743873,-14.653782039864335,8.561349734918355,14.51019882939661,5.174805606161931,16.690237341245723,5.511173325899003,20.99968734197115,6.757274269460955,-13.517265646490971,6.75379779333498,-4.3817991428122784,4.375012593727917,-1.1475854371041823,4.017290854929926,8.560423635560038,5.458745454213189,10.244198903266776,4.780543554401261
3693_20220825_0700,25-08-2022_07h00_HIVE-3693.wav,3693,4.0,HIGH,329,658.0,660.0,-462.01944396963756,129.10615781449442,126.50635252251487,29.29435264900318,36.19195377104798,9.065912062113256,19.8894870822205,8.383237308266116,-13.841574629634948,8.451001443853514,16.53879705536195,6.010150556356218,16.38721187349368,5.931230093596349,20.60937349996451,7.122623766198943,-12.844713140260604,6.660813335621506,-3.0579055914427165,5.388816944085873,-0.9144562123753224,5.414898919328692,7.290764439538245,3.896714829463843,7.888793511985791,5.942422627547338
3693_20220825_0700,25-08-2022_07h00_HIVE-3693.wav,3693,4.0,HIGH,330,660.0,662.0,-456.5525765563359,127.07965884941086,123.35473270884195,29.771733882370935,36.807800002855025,11.002928511957014,21.522097735556994,8.434371882283152,-15.06396633561158,9.803949936849493,17.07121796037146,6.31304011171098,16.699632098899574,5.821483710227514,20.758285317688063,8.353327294478975,-15.84877697191268,7.245942252335611,-3.853231137468614,5.05522281279286,-0.9833354635565222,4.100980931832535,7.4078327287480565,4.595229320438509,8.752591255206372,4.895477639347794
3693_20220825_0700,25-08-2022_07h00_HIVE-3693.wav,3693,4.0,HIGH,331,662.0,664.0,-440.1587549656223,142.5900887381269,121.90438977097253,30.688315913132325,33.367978023100264,9.980211216343825,20.723178326897106,8.299798245383842,-15.58234837505048,11.402956188898978,15.533191164643467,6.485618242490925,12.293059194305055,5.923500564775951,20.759346650202442,8.329894726638505,-15.860212787003748,7.350141901093918,-5.8642712145680695,5.077131918103692,-3.7665543737389924,4.612237517622246,6.854668017698498,5.241171380603647,8.695468788062849,4.141585697470874
3693_20220825_0700,25-08-2022_07h00_HIVE-3693.wav,3693,4.0,HIGH,332,664.0,666.0,-439.12080503993036,143.67079407707215,122.65416662443218,29.895065878977572,34.16421722802032,10.826804489313854,23.700370927556115,8.068055227071156,-16.408090701358844,10.118643831551266,17.943840025631065,6.613555823785281,13.027486718037302,5.941013511996905,20.786826195824048,7.715409316312931,-15.617742127812967,6.378396343766757,-5.465445896473039,5.9397574083831834,-2.132308946126629,5.318407825651648,8.126164823702217,5.903524653535317,10.360603858484888,5.236505428072094
3693_20220825_0700,25-08-2022_07h00_HIVE-3693.wav,3693,4.0,HIGH,333,666.0,668.0,-456.1158651619845,143.64648633607038,130.12319748299885,25.892271782500647,33.94627167092417,8.239344772864841,22.265720044844475,7.516295852745869,-18.059780153915224,9.283524479738738,17.95724713053118,6.413280178646125,11.43515502684455,6.024713479119076,17.936386537391027,6.896267081775994,-17.89824303905493,6.119842055320476,-5.747726179937271,5.5403576975477975,-3.3126491984407864,4.122470362111927,6.562812539257452,4.607161427366268,7.731981721982026,4.9660982467825745
3693_20220825_0700,25-08-2022_07h00_HIVE-3693.wav,3693,4.0,HIGH,334,668.0,670.0,-456.2232053110279,140.11590765670698,133.0723969466166,27.757443135252068,31.827527044298492,7.715129225300638,23.60607212266511,7.162970684505841,-17.893653666117043,9.761524761997658,16.604946707588873,6.5225089699739875,12.642278139448662,5.86016879660526,18.450270977832737,6.3755633343970475,-16.707526655940725,6.134802654211847,-5.667471063519199,4.386151922102689,-2.233659224704956,4.6835841838726395,7.301860576604641,4.495822278133317,10.876621682007997,5.014888701232666
3693_20220825_0700,25-08-2022_07h00_HIVE-3693.wav,3693,4.0,HIGH,335,670.0,672.0,-451.398402073847,138.97267943699484,125.35286837749337,28.56745622217224,36.66746375402739,8.693538993342381,21.618512807940835,8.42800150279719,-15.785526189758976,9.560112544224324,20.036703211103863,9.56291405889621,11.497970264874985,7.620518900963485,20.870609368369614,7.643517894278399,-16.364603083884074,6.687605647741678,-6.1956855698649465,5.119583096717853,-1.049886230746457,4.994491815180773,7.464958438641633,4.936373107495907,9.673882381238128,4.776611714555819
3693_20220825_0700,25-08-2022_07h00_HIVE-3693.wav,3693,4.0,HIGH,336,672.0,674.0,-455.51443046676275,128.6850451357826,130.75344801168023,31.04026973372945,34.7381815456735,8.455486551292829,20.511548086454884,7.502534023831512,-11.646306860808037,8.288380742170752,17.303796314986002,6.603179647714578,16.036934903805946,6.066025657470424,18.375302935378027,7.625183983828445,-15.553742554551311,7.165511795058527,-5.094661472912988,5.924265288950025,-0.05066824707044029,3.936183206293828,8.992708630397026,4.899308800967596,10.764256297147407,4.553781242590175
3693_20220825_0700,25-08-2022_07h00_HIVE-3693.wav,3693,4.0,HIGH,337,674.0,676.0,-458.93590312436993,135.27150321639974,127.02957324595583,29.07787897196555,29.958297006479917,9.167464529966324,21.414022794212023,7.214416996305371,-15.514583151004176,9.834549974354639,14.131198230457413,9.011866180756927,15.476836853450516,6.591715718175985,19.274912209729276,6.511864923604219,-15.847917820551752,6.683251383404702,-4.40528105515457,5.768344587009728,-2.522471887866805,4.660146416217772,5.9518579738654935,4.548278624989419,9.115069489959904,5.272817600752662
3693_20220825_0700,25-08-2022_07h00_HIVE-3693.wav,3693,4.0,HIGH,338,676.0,678.0,-460.9421235344621,133.97845724356927,125.65391302470987,30.20902600483611,34.28677093299428,9.475373862805695,17.281075099309692,6.759271152880329,-14.248354001504302,8.349052926850977,15.438944417797082,6.883988811999808,13.990808309355707,6.260841654128136,21.080720914793936,7.394839223450232,-15.436465595455738,6.603013912208592,-5.77471492541163,4.707329935421169,-1.2316821437014693,4.266420735796755,7.003888667207537,5.269038862432403,9.639208074800083,5.484172241597814
3693_20220825_0700,25-08-2022_07h00_HIVE-3693.wav,3693,4.0,HIGH,339,678.0,680.0,-464.03213729451227,136.48266952855136,127.25997458305949,28.51112451084557,29.89359163030914,8.02985224777598,22.813099238868904,8.087254420615135,-17.838991659167633,9.087528908257633,17.715125402974287,6.567890705360789,14.449431019825935,6.15652567276391,20.672111433837575,6.954610811149714,-14.820109071219541,6.288227704140032,-4.304201801495433,5.464601690035761,-4.127359907759871,4.899803239194112,6.937009361549049,4.776114711374786,9.778514070313898,5.317310081376785
3693_20220825_0700,25-08-2022_07h00_HIVE-3693.wav,3693,4.0,HIGH,340,680.0,682.0,-448.8824165164211,136.4370761823793,128.42442486030976,28.726485102706388,29.479224093463966,7.612558227743035,21.68946427140886,7.772464188740005,-15.056415450370006,7.803557884061259,13.00091258455716,8.90944271150487,13.459682758067057,6.299419673358876,18.42181408969883,6.8326440602009075,-16.132255090361166,6.15106425569105,-5.448204609133783,4.132643572797623,-2.6114941932543108,4.782673683058734,6.978945515986444,5.96434759353812,10.25696592997336,5.7077823756902175
3693_20220825_0700,25-08-2022_07h00_HIVE-3693.wav,3693,4.0,HIGH,341,682.0,684.0,-436.0165923962964,142.3926041756234,124.72926897595141,27.067538149823406,28.074215039301013,8.314162668797673,19.841706746784272,7.2050608948820045,-13.401142919989832,7.581142914031623,7.442491915579722,6.667179483787196,14.846378372783523,6.596125209007721,17.77200712461269,7.113667802145727,-19.784311953886746,6.9537843222130995,-3.4215000571832226,5.359639744868118,-3.8526008259875377,5.688963143657482,6.004618460692279,5.314225427771424,8.922643206032701,4.984475819682064
3693_20220825_0700,25-08-2022_07h00_HIVE-3693.wav,3693,4.0,HIGH,342,684.0,686.0,-439.5401712870318,126.82542647075792,132.16760116574915,32.7063770411581,26.093349352590387,8.302917659067356,17.476246328129108,7.997251399793262,-12.68203644517473,8.699640382566104,9.776186669000753,5.898350382467485,15.632798621811988,6.900926909055748,17.8688725868095,6.64917288216014,-14.024018431680734,6.076065858909064,-3.770500675116399,4.441038482980225,-1.708416941877607,4.505626235850903,4.87215213597818,4.822775471523783,10.288883543750906,5.507838616165951
3693_20220825_0700,25-08-2022_07h00_HIVE-3693.wav,3693,4.0,HIGH,343,686.0,688.0,-431.3592521187229,147.86266079104755,124.42300669611068,30.34423730975681,34.16200991660377,8.97464993158873,12.523399883682194,5.950283871713438,-19.084784334964304,11.351827814753342,20.083806924911258,12.551850933471238,9.445076331569304,6.371619649660103,15.360736354111515,5.6483974561478245,-18.395117912104272,8.159879206257306,-3.1368756561691358,5.393877418797024,-1.5994624810668536,4.9735283077709305,8.252727132121189,5.378969821732166,8.307176881024155,5.463111657084923
3693_20220825_0700,25-08-2022_07h00_HIVE-3693.wav,3693,4.0,HIGH,344,688.0,690.0,-455.2047681588061,139.8870440374383,135.26659228496183,26.452750525586854,28.91042588755409,7.986154448615733,21.482084774717976,7.364951228291568,-18.249717596164153,8.259294365327692,14.233540798534321,5.695697746972508,9.500721776571034,5.903820050153924,19.766932471487937,6.348239347508507,-16.047413340031508,6.438937546737821,-2.640844562037836,4.532254819737195,-4.354387639569864,4.691824000849615,5.057581393226598,3.719814032787075,9.922003444687268,4.6471116928123175
3693_20220825_0700,25-08-2022_07h00_HIVE-3693.wav,3693,4.0,HIGH,345,690.0,692.0,-455.08848217889374,139.9493203412722,132.4996593339461,27.670232600164784,28.37998088122369,7.7406199155621245,15.051462478182309,6.259432364363352,-14.836314260146066,8.022203159112056,14.845995223045382,6.243447722677207,9.030792785934095,5.5385817134024675,20.58394087239556,7.119879750943146,-14.08152139286266,6.458239496336985,-3.4919025381511277,4.487039506835068,-3.7313070910681376,5.245337574294857,8.042089629176031,3.855677457803393,10.622693790743075,5.619919615933407
3693_20220825_0700,25-08-2022_07h00_HIVE-3693.wav,3693,4.0,HIGH,346,692.0,694.0,-441.96234778513633,136.32084711968892,127.96505346065908,30.28602762172876,28.231423218776257,8.26337466072167,19.02949380038787,7.490092028430264,-14.548565389868502,8.216100881476605,14.46752270000693,5.144950899813532,7.832935360965828,4.850620316925454,21.24592981503878,7.049822784573165,-14.851229832637744,6.1980698312784,-2.9646891097658927,5.506444110705502,-4.115903628712821,4.941869505896585,8.212973064073054,5.425476662901055,10.431429503487994,6.243813564324271
3693_20220825_0700,25-08-2022_07h00_HIVE-3693.wav,3693,4.0,HIGH,347,694.0,696.0,-441.4083311250434,139.67965176731056,129.71948636085256,26.340407959878224,29.88500567593336,7.989438932689727,13.88597771637889,8.388571238311455,-14.679856510774291,7.8293906682607535,15.198486955929841,7.292990123367241,8.50308363407897,6.091907241947354,20.819724048808506,8.014315337937001,-16.203973201977405,6.411560634473309,-4.403231690464371,5.192677943996365,-3.5531741883437538,4.461229445506218,6.874754124393912,5.21731397465921,6.000510636305446,6.389920264537089
3693_20220825_0700,25-08-2022_07h00_HIVE-3693.wav,3693,4.0,HIGH,348,696.0,698.0,-454.6398508738251,130.89957909025688,130.5600530077765,28.08805841438702,31.465767239419204,8.535757909236292,15.088150295170632,6.473929441339532,-11.98085334570175,7.220006339255782,13.423229057823315,5.754694139076675,14.082426668679247,4.545033787019594,20.591189279634666,7.608928618181982,-14.14040723842942,6.2855854761550916,-3.422499476352538,5.090834959198254,-4.564767714330712,5.098112036754345,7.248264713259478,4.621368594998551,7.727656074787919,5.027616009360596
3693_20220825_0700,25-08-2022_07h00_HIVE-3693.wav,3693,4.0,HIGH,349,698.0,700.0,-456.86709817150194,139.73997992585186,130.03331846551274,28.690620187556252,32.22982396550387,8.352023688006135,19.03029410684289,6.01424130259251,-14.845243632078427,8.62300538414615,15.6612678935295,5.7091971285834076,15.224403775581669,5.797903602769821,19.830333121152382,6.599918944605513,-14.86032036765337,7.6959175708224965,-3.8054667093896657,6.2196746890792465,-3.9366422669077847,4.831796191638748,8.052228616181786,4.825034455749566,6.662110519680745,5.447883857778038
3693_20220825_0700,25-08-2022_07h00_HIVE-3693.wav,3693,4.0,HIGH,350,700.0,702.0,-458.7748970588255,142.04250677529635,130.57503751881202,27.318371672026796,35.08289210948667,8.033359226719012,21.411169940631392,8.053592293367844,-18.352782943642882,9.216028044448088,15.768978104584306,5.73662144335726,11.445257854601884,6.873748776208424,21.51667059394101,6.165746346715232,-18.321388972753965,8.745002126325641,-4.5394887158422925,4.784853319342257,-3.1855405872994917,3.729165150704054,6.016921105886054,4.189902809802097,7.949421775251964,4.215153771264456
3693_20220825_0700,25-08-2022_07h00_HIVE-3693.wav,3693,4.0,HIGH,351,702.0,704.0,-455.9133983739566,133.49069430395764,124.67751330083895,27.97724179399424,37.80444453226018,8.443104992089186,17.71785182648493,6.744340933209932,-14.394485823396472,7.537379822397927,17.655611298004363,6.88515642016789,12.137165556446265,5.519114241688727,20.187632409530195,7.2281034926888745,-19.746291438326796,7.33849421675473,-4.968168754867752,5.306670022918945,-2.2402592578823732,4.484091220453781,6.145064318601377,4.941225920385583,7.996810730342112,4.988983031890596
3693_20220825_0700,25-08-2022_07h00_HIVE-3693.wav,3693,4.0,HIGH,352,704.0,706.0,-461.636926935884,135.06036748106328,127.22630528703911,26.94617303920205,36.564181068560316,8.564727349682805,20.256498748402333,7.9867166918916075,-17.37521627857687,9.315546909236664,16.458560596916957,5.514975770048683,10.12136552642562,4.78384754604646,20.90385654876309,7.464583643300833,-19.066385306866838,7.212433869152073,-5.896079097181787,5.790787424997728,-1.6283386165371314,4.511882286786855,7.440005764850739,4.890394058582543,9.51705026701582,5.062905707858706
3693_20220825_0700,25-08-2022_07h00_HIVE-3693.wav,3693,4.0,HIGH,353,706.0,708.0,-457.19207970734993,133.93881983671704,129.7474259016127,29.14029357395944,34.99760184279053,8.617459296153147,21.988943152744543,7.762946922108554,-16.63702576108492,8.816886975901546,13.988943602732387,6.711900442320748,11.9531363847772,5.393977417553547,21.39633469471024,8.403785970193004,-17.70244220843347,6.9714533456769745,-8.335280597305706,4.9166199318099615,-2.896464108372147,4.097133928455096,7.456625797066244,5.472963841421413,9.627489250595952,4.710929145767536
3693_20220825_0700,25-08-2022_07h00_HIVE-3693.wav,3693,4.0,HIGH,354,708.0,710.0,-446.02440510020983,151.06785877756698,119.5879773550577,29.6400193907131,34.81181635976092,9.588151431487086,22.11092798132814,7.406561786240979,-18.824695655142943,11.331078909091563,16.576974807350368,7.640563736296348,12.136787192053513,5.872776061609182,18.856935183096006,7.581363404861114,-17.09353918140228,6.846206717031313,-5.60718194035695,4.742837048411448,-4.567832991294118,5.551259763674687,7.384116207743409,5.31127529481798,8.86681289452427,4.727415036831712
3693_20220825_0700,25-08-2022_07h00_HIVE-3693.wav,3693,4.0,HIGH,355,710.0,712.0,-462.9577969135583,137.82724156429532,125.20766563716889,27.37984296336776,31.79103186887348,8.717671128941728,21.6686086025786,7.508655925657293,-16.719934773569847,9.101725721230498,14.72983211716882,5.961391737449012,13.684364857600347,5.986238714524096,22.433651257602076,7.7665260516151395,-18.528116246963815,7.604822587054668,-5.823208648749819,5.113884056258546,-1.5104267505965538,4.72551515623305,7.270674625874685,5.390940042595318,9.192073048364069,4.858072471835898
3693_20220825_0700,25-08-2022_07h00_HIVE-3693.wav,3693,4.0,HIGH,356,712.0,714.0,-464.3588990062131,135.65212487822674,128.70873084258028,28.493461792784434,33.985674126097905,8.408844587470618,21.388649142428342,6.852474378337491,-16.63538870119175,8.84697713001706,12.778706152806507,5.522215960585602,14.737855569996363,5.618110562452092,20.288659309897398,6.770779335131274,-14.676108448721985,6.569460914723681,-4.638174724967441,5.523312466115338,-2.6122691830937272,4.6437771510325385,8.625007496625866,5.109377717695412,9.048626494012174,4.666784666942374
3693_20220825_0700,25-08-2022_07h00_HIVE-3693.wav,3693,4.0,HIGH,357,714.0,716.0,-457.39577433941867,137.56338795860378,127.24760694428679,31.333582234057214,31.84497857254694,8.737534013690702,26.45353592312209,8.284490212216957,-17.943245997971843,9.98082210024902,12.958829778074293,7.388232822708963,13.47646919228463,5.667466038142903,17.115321819049353,6.525154372629757,-15.502902323760393,7.171423745877244,-5.709095399417627,4.870925213567059,-0.772435846539331,5.262809932770272,7.938081218191927,5.096919223541294,9.127578153954103,5.188811025631319
3693_20220825_0700,25-08-2022_07h00_HIVE-3693.wav,3693,4.0,HIGH,358,716.0,718.0,-456.92258912963405,138.79935196510397,129.61808566355793,28.970610295745853,31.670895359334306,8.923014154663814,22.156261302442495,7.663709827702786,-14.29336446595232,7.873900300786169,11.94116756374102,7.3681790362001935,14.45156689034357,6.121340289787653,19.821696979943695,8.229860551892017,-17.751378094303384,6.9021591951102,-7.79105287157223,4.995935711897066,-2.531419342445233,5.361804222922902,6.954621239001374,5.19178207784925,8.295818091854871,4.4148579354245605
3693_20220825_0700,25-08-2022_07h00_HIVE-3693.wav,3693,4.0,HIGH,359,718.0,720.0,-453.40961666172626,138.76418747947406,126.1524929561853,27.81505483172651,35.874714147219244,9.62705458912981,21.123018969496563,7.920518122906,-16.485046255880164,8.633716646297643,13.008936710613224,6.421270875903419,10.423329652734049,6.865823109409404,21.19024310388992,7.956586344448299,-17.989767268697715,7.803599045776646,-6.8257891413747505,5.709508932151466,-1.05679130125295,5.444561697868253,8.036899994409547,4.298288082266304,8.681614956089659,5.273441714013617
3693_20220825_0700,25-08-2022_07h00_HIVE-3693.wav,3693,4.0,HIGH,360,720.0,722.0,-441.686992627912,135.2706654551255,121.70205251342402,32.47164527053758,32.31056704163031,13.234223495925361,22.79403053815769,8.321333922841758,-17.87224238949814,11.31625123036265,15.114740304351363,6.478848032923384,13.604038201193505,5.691569622075198,18.573996978947804,7.93819695637477,-15.34658846841653,7.606471153810497,-6.068510096494444,5.536457755033536,-0.9179478860043225,4.841214981308661,8.65138408016998,4.896992393923062,8.422949317845351,4.732369264493576
3693_20220825_0700,25-08-2022_07h00_HIVE-3693.wav,3693,4.0,HIGH,361,722.0,724.0,-460.8865378513866,138.0305841705361,130.78813826841545,26.432047606093022,37.60730160724885,8.05007030803374,20.030082776559524,6.991210830060417,-16.012619726281365,8.183455608990212,15.949879404545445,5.90929068602645,12.123188421427553,5.120267510389754,20.894727781585107,7.333144433622679,-17.61170322863084,6.508681330941075,-5.89038431133222,4.48388306883491,-1.6140624782116029,4.6802285797570695,9.047166615033435,5.224849073161766,9.47101581309211,4.7472253580253145
3693_20220825_0700,25-08-2022_07h00_HIVE-3693.wav,3693,4.0,HIGH,362,724.0,726.0,-448.2867831724467,135.2749361842851,124.42611901315685,26.602224756867653,37.04809584833067,9.465518207729417,21.578225050451245,6.289498167502863,-16.657319503278828,9.953546812124976,17.190618830806073,6.400450227576912,9.870525287133349,5.145615892393162,22.89937352860346,7.485876386237151,-20.30834103063656,8.393749791350452,-4.681646916816075,4.957523970436973,-4.098417645534595,4.66231697147514,8.264235815426105,4.494167051009284,8.563519691048368,4.719131036907067
3693_20220825_0700,25-08-2022_07h00_HIVE-3693.wav,3693,4.0,HIGH,363,726.0,728.0,-460.0144785228844,138.957564522538,128.79982535220168,27.059564116628046,35.17955411071624,8.557363538622774,24.35686699611039,9.018753147775577,-16.33009354073151,8.676032120158851,16.662042190142348,5.860185987981674,12.67422255081623,4.702285152536952,19.079751937355777,5.951163052195966,-18.43905776657046,7.625780399028848,-5.267606212745029,5.206028142445209,-2.4028379440955545,4.775375911214442,8.18289727622741,4.483706398357152,10.419544686937062,4.552238629134457
3693_20220825_0700,25-08-2022_07h00_HIVE-3693.wav,3693,4.0,HIGH,364,728.0,730.0,-457.5646724831898,137.46114525595456,127.6671425390617,27.597011983999817,36.74531908159357,10.062278248248962,22.82945449148092,8.285185693763033,-16.17306568792043,9.029023639287715,15.801155495102433,6.430356739396308,11.58578600505715,4.805438024700939,22.558575136112136,7.1787240545655235,-17.3534760334789,8.597369194089103,-3.982457225261177,5.640300244251622,-2.786485797851857,5.151801386898015,7.4440978303274905,3.969043853133337,10.024399681153039,4.557203719608758
3693_20220825_0700,25-08-2022_07h00_HIVE-3693.wav,3693,4.0,HIGH,365,730.0,732.0,-458.8323415238115,133.01189577817266,128.58679235125254,29.93460614862025,35.771432183396236,8.34910386419955,21.55735999371386,7.510471901341524,-16.335403444346426,9.43392983555351,17.056905017951813,6.279461676821267,12.044187500700433,5.130067145075718,19.89473560295883,7.245939021336884,-15.611958513633944,6.329703674411195,-4.641172889531612,5.1595139269120285,-1.287277264857207,4.40542014981649,8.522367414763883,5.540338654639734,8.912554985194536,4.987567925338884
3693_20220825_0700,25-08-2022_07h00_HIVE-3693.wav,3693,4.0,HIGH,366,732.0,734.0,-454.9085396595474,133.19453536178918,127.41809184890066,30.416564519924872,35.06792012824045,8.39379801945501,22.361715059703332,8.91247254819107,-15.766289315668702,9.121299249982897,17.03850221555882,6.552778768267814,12.698622743469922,5.352541308975449,20.44496388487364,8.446025590831127,-16.25523360667865,7.232462994868592,-4.8821511324439335,4.585873708029391,-1.287755567623929,4.841914661787224,7.5067310175254685,5.233534422641492,9.69931316993026,4.411708966563174
3693_20220825_0700,25-08-2022_07h00_HIVE-3693.wav,3693,4.0,HIGH,367,734.0,736.0,-460.4180805817875,134.6174656397318,130.32119985846646,29.223859693657012,37.979643161970564,8.347024594506234,20.870638187206342,6.682417913586022,-14.980447040504695,9.16178091550222,18.150250123571897,6.598519321714723,12.06001221697254,5.1656765249112535,21.54719328798557,7.790024339244057,-15.592279710187226,7.686459409112804,-3.761759853772204,5.073854319404242,-1.809439441926712,4.798442149498245,7.464795586762035,4.309937670867134,9.740350673749802,5.1429873401759325
3693_20220825_0700,25-08-2022_07h00_HIVE-3693.wav,3693,4.0,HIGH,368,736.0,738.0,-464.43613341149637,136.4164586215302,131.14407931856164,28.398521402713946,36.40277788586525,8.1334435253361,21.95630459703129,6.698445318023826,-17.940303379328597,9.98126115248328,17.170219637156247,5.720757504646867,8.965347363205979,4.867012294978483,21.774630452157187,7.474886594019529,-17.65978507852221,8.202482806196455,-3.7957824210610056,4.772284387972455,-3.218773778352181,4.629657864242235,8.245516631880385,5.21083390458861,9.78384173990613,5.024316504843177
3693_20220825_0700,25-08-2022_07h00_HIVE-3693.wav,3693,4.0,HIGH,369,738.0,740.0,-462.8299949507164,136.34562025671272,128.2888461427938,27.091707720742722,36.69310245264475,8.3912990404587,20.935852740011473,6.46393289694956,-17.500681183370496,8.497421010308303,16.294222416764477,6.470416345641491,11.316753255931035,5.130857039061599,20.71577108125495,7.267904210994656,-17.764138879388607,7.155625671035351,-3.173008378616246,4.473994193651912,-1.4506047544525236,5.287694026531225,7.4309857906879735,4.8108392276483,7.90861118685441,4.905203918951073
3693_20220825_0700,25-08-2022_07h00_HIVE-3693.wav,3693,4.0,HIGH,370,740.0,742.0,-463.9173547850033,136.58021085447385,126.63191056264506,27.282723494544744,36.72724641858825,7.994035486082558,19.244695511550027,7.64048910181141,-17.315679597944385,9.230291832159425,17.58031329236358,6.7375044670885185,11.887130922332188,6.079629504170184,22.503190065971793,7.326685436066941,-15.198864632757012,6.692335803625762,-3.770907327702953,5.135950298441181,-0.3668717077935333,4.876795160841009,7.478431893521073,5.062027594495442,7.215353489145341,4.981684028238506
3693_20220825_0700,25-08-2022_07h00_HIVE-3693.wav,3693,4.0,HIGH,371,742.0,744.0,-464.2616421252638,134.84721445717997,130.6937233366467,28.198882015039064,36.03549013026248,8.917924273402654,21.883733240145926,7.25406910479595,-18.356440726013744,8.353653174889024,17.2911414126336,5.978528430880928,11.086805801015052,5.472918107678347,20.684776910480654,6.922800752146714,-15.974756695929768,7.333264119012461,-4.63049241178074,4.738809290940361,-1.7015635262775919,4.365910712819259,5.840530277340784,5.617441588174018,6.677037411577133,4.374084257440727
3693_20220825_0700,25-08-2022_07h00_HIVE-3693.wav,3693,4.0,HIGH,372,744.0,746.0,-450.7296992592739,141.64197154913415,126.89117007963029,28.74471752180567,35.23289945535185,8.32612974087782,16.319689421284835,8.967125579871983,-16.3187709640718,8.54460433981501,16.638136522286455,8.572855544888693,11.269917204399224,6.095411478079446,16.894010497554955,7.830396091960415,-16.751808337241457,7.660801328193888,-4.689158439782357,5.519185154816534,-0.2916193904828428,4.499304510096023,7.222008610030899,4.570631298652286,6.261261629177759,7.229992324314813
3693_20220825_0700,25-08-2022_07h00_HIVE-3693.wav,3693,4.0,HIGH,373,746.0,748.0,-452.63458472686267,135.80644817132674,130.51417072783943,28.875702242267682,31.310167216717396,10.64473929908649,23.28854024402327,7.494366004877763,-19.211522747166928,10.525093389750323,14.22413359071941,5.730601734319434,11.114797616447477,5.555043513435089,16.53851442658949,5.89884526940699,-15.326688626353597,7.7118555474170165,-5.463187473767935,5.4451439200641385,-2.0080388380467453,4.682637513178587,5.986242795954461,4.625258560226721,8.299075495732076,4.073768675193133
3693_20220825_0700,25-08-2022_07h00_HIVE-3693.wav,3693,4.0,HIGH,374,748.0,750.0,-458.100177232448,137.4653196818664,130.49483273722228,29.637840731928556,35.099522032584076,8.81875521344996,22.30625397670017,8.098344729806879,-17.198649342347075,10.327613388403357,16.367403067181304,6.1450444512965285,11.411590512353632,5.431852860111173,19.15695029045914,6.478708697010619,-14.986040897480192,6.2766426338833075,-4.98174313983913,5.334723103433623,-1.8896893154776015,3.9284523958917714,7.7231845403334605,4.051171235829016,8.692037800271985,4.801178426633136
3693_20220825_0700,25-08-2022_07h00_HIVE-3693.wav,3693,4.0,HIGH,375,750.0,752.0,-461.7779909367236,131.3620411352948,127.62866023656993,28.333220816538088,33.972465139382656,9.064534782520036,20.95104145730841,8.103668869234133,-16.105829711019773,10.158978260209688,16.723421813149866,5.765211122933255,14.15064423506845,5.726930185117602,20.89827198169892,6.7859024955885445,-15.039130829941232,7.050356005092174,-3.827820406093766,5.783196859816255,-0.03523725437747574,4.182097912705802,6.150747250057206,5.129760607808086,7.855478476251497,4.73274306503927
3693_20220825_0700,25-08-2022_07h00_HIVE-3693.wav,3693,4.0,HIGH,376,752.0,754.0,-455.03616584916864,131.30800437161358,132.0919133699165,30.478761535339924,35.504610141609184,7.6685174581737305,20.656170059997578,7.51486208452602,-15.732230238030466,8.553671807878294,15.312964307828926,5.406440154426635,11.75986223665977,5.401285648591754,19.52860571574938,6.389307112883334,-17.595341744675487,6.692212591571538,-7.042453904927611,4.164009327045186,-0.6549317820696429,4.459565118211662,4.648954225052187,4.394172877616607,7.492210525795038,5.376031010373616
3693_20220825_0700,25-08-2022_07h00_HIVE-3693.wav,3693,4.0,HIGH,377,754.0,756.0,-455.36072928668136,136.07753925875238,126.83362075421097,29.492577827851523,37.08186179696984,9.500208302948177,19.062795938350067,6.916953852293506,-15.800808484212666,10.049908643190665,16.70346507296534,6.9206680052172125,11.398165870911479,5.55160586300037,19.163265342159672,6.760328788061102,-17.51028794639252,7.814138745225953,-5.6789644178913,4.972506683567743,1.0806051644525843,5.37591281965608,7.093501605007558,4.2767700956457295,8.457751143247725,5.1713940685834014
3693_20220825_0700,25-08-2022_07h00_HIVE-3693.wav,3693,4.0,HIGH,378,756.0,758.0,-457.04989471724787,136.42761908609017,127.84303379056955,30.653573976215675,34.98528992649484,10.546636801725967,17.637689297412287,9.234682029848626,-16.523857168150833,8.538432004219509,17.444789612787567,8.000369142458885,13.188535429885325,5.453659086228584,18.204609780043757,7.269172023315549,-16.20942737632851,7.121278909611329,-5.827397370143335,5.282846355459786,1.2579513808118188,3.9012610832914922,7.839195777381902,5.230319850425826,7.5119736746032695,5.8066960697104975
3693_20220825_0700,25-08-2022_07h00_HIVE-3693.wav,3693,4.0,HIGH,379,758.0,760.0,-455.8393761805833,128.66636200879,132.50380786446746,30.139948732334823,34.96318655823856,8.539142662106762,19.74772053781049,8.357044978783739,-16.857725131997285,9.813905100000934,18.309624980774426,6.966867110289494,12.596283995833783,5.485339304260493,18.537184424924767,6.853081033712707,-16.17723095495428,6.776010011366395,-5.874098747844236,5.242458026206957,-0.26848959776602177,5.377548647070839,7.053277410179945,4.89531672451994,6.1430422600054335,3.683029825889801
3693_20220825_0700,25-08-2022_07h00_HIVE-3693.wav,3693,4.0,HIGH,380,760.0,762.0,-452.86633844475045,134.08489703195826,127.16886339583155,29.654143966631118,34.14770281382453,7.986516195738026,23.144171956585218,6.46749825209332,-17.632692613288768,8.44431763773379,13.561821790929319,4.652491062781077,11.04153484769105,6.428042515908828,19.636023172585478,6.862207580920921,-19.342179654190286,7.631209753732521,-7.466398060058079,4.428111190650255,-1.780794483776603,5.435750281701115,5.808528451708857,4.493391359437593,10.732006136643854,4.824300150423435
3693_20220825_0700,25-08-2022_07h00_HIVE-3693.wav,3693,4.0,HIGH,381,762.0,764.0,-449.95735821140164,135.39866683511067,123.30290866075477,26.68832757755506,31.86380517340883,9.625481221718845,24.596022797975234,10.211144784330324,-19.45865552032438,8.667946153188762,15.768778354016982,7.392853388555121,10.740330676337813,5.7847571311725385,20.274547026855046,8.118748214321851,-18.983548726193394,6.902957117027861,-4.696282991718667,4.447159786356665,-2.3468607493207085,5.881539184410824,6.400641390064129,4.898737317756104,10.156170822484432,5.513843695442469
3693_20220825_0700,25-08-2022_07h00_HIVE-3693.wav,3693,4.0,HIGH,382,764.0,766.0,-448.03953311030534,140.07171241318974,123.346962128646,26.09435925089509,31.96275894229125,9.30415436575883,22.38430714865757,8.878710741518054,-18.25896796749102,9.128951628728734,12.91209725989974,4.852032945965623,17.206999208066033,5.5339502123016056,19.15213190245107,6.7884248838003645,-17.912719808743656,6.762518189789636,-3.0622579894898774,4.378598342472186,-1.178333091384295,4.822404072461222,7.037607149298121,4.611183118396835,8.005304895005127,4.328781065945107
3693_20220825_0700,25-08-2022_07h00_HIVE-3693.wav,3693,4.0,HIGH,383,766.0,768.0,-447.7481495841352,137.13223936951863,128.55425759730744,27.96232558126322,30.626133093655135,7.619044314444659,21.339240795895623,7.6459153131005415,-18.640332524765604,8.974490400972124,12.476608711470274,7.027873750615375,14.633282003540907,6.125989683368721,17.17942849534642,6.835126209813429,-18.940745852153842,7.540134437359561,-4.29635280673557,4.74175459686912,-1.7574128924449242,4.592271629138838,7.249594568581949,4.680993956185538,10.686240941756893,5.273610360632807
3693_20220825_0700,25-08-2022_07h00_HIVE-3693.wav,3693,4.0,HIGH,384,768.0,770.0,-446.8186976468363,134.1045034651152,126.04571861821958,28.114036057325553,34.19212728143291,9.331819852639596,21.188214617440398,7.027328942112334,-17.970811571398798,10.06658109833078,13.440822179719182,7.390346354917982,11.951094776590395,5.473680960773603,19.959857148751546,7.662961021612059,-20.752542572994333,7.989706302991867,-2.552583517739752,5.093991560677311,-1.320045624451491,4.7397339248499755,7.848951314492521,5.5181769681487935,10.351015777712881,5.08898793802607
3693_20220825_0700,25-08-2022_07h00_HIVE-3693.wav,3693,4.0,HIGH,385,770.0,772.0,-445.7680311062068,140.2682868671429,126.30513135880696,27.108767581893357,31.472582065110004,9.374943020043773,21.564992811960494,8.29026020025955,-18.006937406554922,9.079309182805257,10.978996328361342,7.878454833010953,11.610732449272456,6.341268536632796,23.456335434499003,8.151376749769033,-22.22887795069028,7.742630350895583,-0.28420675251013605,4.73779504289691,-3.587542149902529,5.167537991418786,9.836729544927929,6.316428275345385,9.484934447060551,5.43947856270172
3693_20220825_0700,25-08-2022_07h00_HIVE-3693.wav,3693,4.0,HIGH,386,772.0,774.0,-449.44973014872016,139.4064169033991,126.49579302310717,25.054890683321705,31.775795987367484,7.947121708475037,24.034912144818694,8.345982258868972,-18.400224212025304,7.895127179298862,12.323932568027912,8.593575364100921,12.704367783191211,5.619538888312455,25.87597958874383,9.339318949707673,-22.833006429809032,7.435748344442782,-2.249419931277936,4.69432444245508,-4.325374632347722,5.087382478427065,7.578803541647654,4.742474306168264,9.681886513544354,5.241653115240362
3693_20220825_0700,25-08-2022_07h00_HIVE-3693.wav,3693,4.0,HIGH,387,774.0,776.0,-445.8164657235752,126.07871802292735,127.27556049868654,29.525433422172757,37.142777490266944,9.743855310212865,19.75292788323429,6.985275706780132,-14.0774672792592,8.56221344416442,13.975051508509813,5.844495331484964,15.396590996271566,5.835623664775069,21.495508865600886,8.341089497236823,-19.294482995470624,7.971446735731936,-2.732172571316552,5.174555237365461,-3.1823967605729324,5.310083533188902,6.871440609367265,4.496728244538082,9.189716822833388,5.32398840138244
3693_20220825_0700,25-08-2022_07h00_HIVE-3693.wav,3693,4.0,HIGH,388,776.0,778.0,-449.0391916515712,139.10463307776618,128.84664726847632,27.00226191229977,31.943583488629198,8.453284752969937,21.301122632631294,7.855455990131282,-19.221563897432187,8.958148986122401,13.115829037221943,5.886944629173202,11.498883085429142,5.1606480773119,22.66092421595341,8.2293944852082,-22.416844549028756,8.497575283305,-1.771500014387176,4.953389567190011,-3.8561690213636517,4.926500905195637,7.057163236604872,5.006388627305527,9.886736574633728,5.128275809700171
3693_20220825_0700,25-08-2022_07h00_HIVE-3693.wav,3693,4.0,HIGH,389,778.0,780.0,-448.4837652398593,138.4656612171827,127.83689546567336,27.320701512849528,27.213599440712787,8.355588485401178,22.953780562545525,8.754033614580239,-15.999720229840554,8.052749836183004,11.051588384319066,5.992566868457376,13.03153820640383,6.116437749287534,24.589932121806957,7.905476260766412,-19.641328027058382,7.7783099872113715,-3.09217988645288,5.808697020159014,-3.0534587067705248,4.066184071595334,5.46313763399459,3.9010883484468897,9.734259131240448,5.060832470692685
3693_20220825_0700,25-08-2022_07h00_HIVE-3693.wav,3693,4.0,HIGH,390,780.0,782.0,-442.77493172796187,135.60227069097593,127.74563872586876,26.74763179811574,28.006863051642846,8.310436642244229,23.39312488601498,7.381868306822057,-16.285349544341003,8.010623863219653,12.161558060031549,6.45472956341966,10.45357429508494,5.228177371505103,25.758723508318322,8.924855360382898,-19.65258825946416,7.285505152629286,-4.064540387327451,5.683939394051358,-3.808200316107681,4.608589099428894,6.548188128438558,4.859418249007641,7.82445969820471,5.883992993021355
3693_20220825_0700,25-08-2022_07h00_HIVE-3693.wav,3693,4.0,HIGH,391,782.0,784.0,-418.93963888639945,142.59585094399483,122.38825149443284,25.736844352838883,21.960262528820255,10.708804572017792,22.822466954929293,13.26237233172102,-17.02488390938403,7.275404162039621,10.619384519563864,8.048386856275778,11.008560600476057,5.6917019589793565,21.909167360087505,9.043941640557195,-22.816589025553828,7.53814703868189,-5.40031487529946,5.828364819385723,-3.783435467906342,3.9977824285435997,5.899591145078701,6.528843830518057,10.689530159446084,6.130920909953232
3693_20220825_0700,25-08-2022_07h00_HIVE-3693.wav,3693,4.0,HIGH,392,784.0,786.0,-429.0169717851755,138.33485041483362,122.5684743317046,25.539161519498833,22.65355299728371,10.574466281844243,25.41236199769646,9.130477851187955,-17.579780623774933,8.9781307367555,12.962904629095831,5.980971427568758,10.97690678192458,4.7170427988524475,24.40861121471197,7.834958102783861,-19.47883383549782,6.963865156058523,-6.369160457781037,6.030714734270114,-2.460258990025725,4.488463228607468,7.552916922394332,5.287899215925201,8.702701098531602,4.571507991072781
3693_20220825_0700,25-08-2022_07h00_HIVE-3693.wav,3693,4.0,HIGH,393,786.0,788.0,-430.7514437018019,142.1436870639249,123.91936822960712,27.363031431471185,24.610100602663096,9.697754233083337,27.108011104717644,9.089046160242022,-19.804949410323356,9.152394940453913,14.194965361615683,5.751742572594795,9.681563448573149,5.717451389220509,22.202595457347705,7.323226789348846,-19.51883126171191,7.491847738227753,-6.47894769229677,4.766981941406526,-2.1000368235346962,4.842333324708815,5.438343183782913,5.702839123775681,10.706455210940831,4.994417584012265
3693_20220825_0700,25-08-2022_07h00_HIVE-3693.wav,3693,4.0,HIGH,394,788.0,790.0,-430.0495920179786,139.402094364805,126.67076408375007,30.968556283780707,27.568388530693653,8.224142875979926,26.447566840724186,8.029527862422839,-18.405631238635216,10.235347819800333,14.970015883218977,6.563248560289778,10.657034993877954,6.580592603271148,20.696231604013917,7.842790893353376,-18.602413467691747,8.04462276127022,-2.2622177426576937,5.4097102076325605,-0.5508067992385959,5.826083538089746,8.060825621158946,4.834984234749468,9.88670141564754,5.6736082883918275
3693_20220825_0700,25-08-2022_07h00_HIVE-3693.wav,3693,4.0,HIGH,395,790.0,792.0,-400.6387167513435,161.51858451297187,117.23186959452086,32.50962132024323,24.11474512256055,11.87910080607866,28.11662744630046,10.403669844944833,-25.04147797135668,12.328206170205322,16.11976830588099,7.175664079837213,11.87616442695059,5.399334333252287,16.434665666642406,8.785144894511141,-16.49625718429992,7.991201656880444,-4.775485387804818,4.352929956548399,-6.9988685052483435,7.204896178941871,8.42964259217084,4.422604849831986,10.660934991667009,6.133653660593573
3693_20220825_0700,25-08-2022_07h00_HIVE-3693.wav,3693,4.0,HIGH,396,792.0,794.0,-457.2489792012699,136.17653364509994,135.5633432827581,28.568738608572282,31.128074760214993,7.982153057544381,19.58626666017557,7.1764054234413095,-18.382750253106842,8.53984224029618,12.420233236006943,4.926891106669912,13.353973292929643,5.786549368484097,20.956294204278322,6.03814092603096,-18.720752320749934,7.914712912157104,-5.537297601975401,5.296797908163399,-3.172255974906347,4.507473421294286,5.3131142306867085,4.877515260153585,9.381401120726665,6.0002848855096875
3693_20220825_0700,25-08-2022_07h00_HIVE-3693.wav,3693,4.0,HIGH,397,794.0,796.0,-446.6137180330624,140.95766341759807,128.60061490056037,29.506018974974005,29.379364520822442,8.185478871307662,22.492126786801823,8.42280648815727,-18.282559552503706,10.212453810251672,13.622116257136202,7.363709040324132,13.14549365076874,7.358751973635138,19.36982915782501,6.956548755299139,-18.010229521276667,8.113162524281652,-3.8743211747269246,5.234085048420616,-2.4458567788573786,4.746593996538733,5.113649451837982,5.094526809356654,10.851454660682958,5.22046790328527
3693_20220825_0700,25-08-2022_07h00_HIVE-3693.wav,3693,4.0,HIGH,398,796.0,798.0,-449.1313230199456,138.2710663146973,127.12439304013644,28.698989823898778,32.30165324744528,9.05739642420595,18.587243018128397,7.9792422658611475,-20.732431375174393,10.737546168796408,17.778246821799897,8.152431161954365,14.542907249032188,6.345046913658864,17.66696345066968,6.948568875827266,-18.867041173443123,8.046713224984554,-3.314647293163483,5.444875131743766,0.6404017134747186,4.604491181993351,9.028080489011131,5.004874292711995,6.845967525324479,6.1742656668203635
3693_20220825_0700,25-08-2022_07h00_HIVE-3693.wav,3693,4.0,HIGH,399,798.0,800.0,-455.2217709680674,126.49395221652735,134.66970216317597,32.282705028573545,32.7935228903067,8.057444832355152,20.85195184657273,7.113316132373521,-18.857511882122722,9.338353469883446,14.096049065294274,7.180567835837026,16.614181163824206,5.5573463780691075,19.189348917315584,6.865409128332432,-16.12493005751671,6.545802404539885,-3.7004761487783586,5.065243942394235,0.6475999355274581,4.3421690476109145,6.471049920097553,4.645848247476035,11.167483337547797,5.202250479818123
3693_20220825_0700,25-08-2022_07h00_HIVE-3693.wav,3693,4.0,HIGH,400,800.0,802.0,-454.5855332538418,144.6180533886635,129.8039357682845,28.699149070568655,34.03387347033283,8.478908124043357,18.05413774463848,8.18580247229887,-18.422292255219354,8.461554865845615,17.757180449824514,7.954262796967333,13.497829366261383,5.883010314116052,17.29039974067266,6.890666509809207,-19.332816147654523,7.709645815926166,-4.056893140957248,4.658575676287384,0.2900453695080745,5.101392471754662,7.29790785207042,4.311195572685827,7.390441041866523,5.806540168992397
3693_20220825_0700,25-08-2022_07h00_HIVE-3693.wav,3693,4.0,HIGH,401,802.0,804.0,-456.8142846011618,132.0455939091223,127.26947335960521,29.807501901110363,30.60830815967614,8.495235218184133,23.87330402397978,8.125674623645498,-17.2498283028665,9.560399908845863,14.814743205071052,7.77923687140685,11.836072358744737,6.03021248758172,20.383283909279378,7.521474986304067,-18.161979356374246,7.742062270310842,-3.555249990999642,4.160127097198023,1.3384382812391908,4.960051580356829,8.383718622239664,5.132200124006744,11.444785227301436,6.356484837294168
3693_20220825_0700,25-08-2022_07h00_HIVE-3693.wav,3693,4.0,HIGH,402,804.0,806.0,-462.4614080523421,134.52268291036552,133.96428298262836,29.006014143273017,32.94865987360603,11.532179578185668,19.212901678338294,7.603249272544612,-19.509505647445156,9.305894549036646,15.65539864499208,5.2270769886233195,10.900882985019592,7.453124022357926,22.781756211140067,7.456508013106773,-18.94910401538206,7.936453114812529,-1.4038352765029685,5.556617351656314,-0.48771103576973485,5.282084596120367,8.118240242164473,5.091565989318742,10.299111095563696,5.656479890852777
3693_20220825_0700,25-08-2022_07h00_HIVE-3693.wav,3693,4.0,HIGH,403,806.0,808.0,-451.1771243016611,134.13366586829113,132.27681497285568,28.08182766221135,28.881588267621424,8.54421584312515,21.024902964648035,8.162168858789203,-15.844102156375147,8.038962560887684,13.943431829923654,5.7361520089566564,12.24727942440839,5.8945356297952625,19.19701106403272,6.843961999539254,-18.382561387401978,7.029126490196369,-4.725302046842041,4.5736832721161775,-3.4416934174011367,4.826291156957171,9.588639256172643,4.975333720202169,11.948779430106923,5.553449943152385
3693_20220825_0700,25-08-2022_07h00_HIVE-3693.wav,3693,4.0,HIGH,404,808.0,810.0,-444.4782737104939,132.56866844799578,127.83231018161281,30.365721001004474,31.711251293532285,9.642631599158213,23.099338877722115,10.447109857990796,-20.582042557801024,11.81721833281023,16.997201588944154,8.697438210957339,13.164269382646788,6.093691641861654,19.42608727707479,8.239682354012304,-16.767359028305428,6.598052786132457,-3.1816482705482967,5.953770518563581,-1.092460242022973,5.503985653093387,8.857249309821325,4.4016120199272075,9.981865912771212,4.857703093426135
3693_20220825_0700,25-08-2022_07h00_HIVE-3693.wav,3693,4.0,HIGH,405,810.0,812.0,-442.15536876247694,138.17513783947055,124.33704562251393,33.61840567258956,32.3740893228442,9.472843019333064,21.89882390429534,9.173861419894257,-17.562796819740797,10.776244232156047,15.255845630935923,6.001091967299954,15.112774238490111,6.22988833858709,14.585819490930382,6.831265503780266,-15.14594465008454,6.76361241229014,-3.9364626315148503,4.737368247630464,-1.3489543429907918,4.515352917533402,9.343629435708033,5.585218065744332,8.067104552776597,5.714877182300247
3693_20220825_0700,25-08-2022_07h00_HIVE-3693.wav,3693,4.0,HIGH,406,812.0,814.0,-466.56940719747047,128.06148422572718,135.62642394312198,30.848866884977713,35.08762694223857,8.801878193375815,20.21485457227052,7.654040809484688,-14.49263903611339,8.802491863040391,14.865586444670168,5.641497071690916,12.957806312463708,6.289512236777877,19.954081213854842,6.640173247655319,-17.048033491160805,7.409324752683374,-2.925325997482046,4.398204799121535,-0.25900543740266707,4.538346358037018,9.052038699120526,4.368176918079203,11.48557560653285,4.485828668374118
3693_20220825_0700,25-08-2022_07h00_HIVE-3693.wav,3693,4.0,HIGH,407,814.0,816.0,-436.38539399571386,146.2317876200027,121.99311184640622,30.98799060531308,32.58111043686311,10.692289011983656,20.43376460721307,9.055222690278892,-20.337642356382705,12.23332051119148,21.149392909038394,8.89487337895418,11.303327119988761,6.274568550276732,18.388889809124272,7.418834725424933,-16.480847520507464,8.528729833341009,-0.9839824554458392,5.148479778437352,-1.0205269102602736,7.018187003971525,10.005588856609815,5.7062935708158635,7.621942681481785,6.304416508733715
3693_20220825_0700,25-08-2022_07h00_HIVE-3693.wav,3693,4.0,HIGH,408,816.0,818.0,-454.05101583409817,126.34464160966644,128.6177474152889,30.228623985829397,38.06554063120001,8.467199205686631,16.36228683907938,8.106446851426401,-13.246882773379152,8.405349718073134,17.397217333723468,6.733215089177432,13.137147471062947,5.984782537247758,20.969701982361695,8.332438120919683,-18.0677733545526,7.367676762198721,-1.322743757951992,5.67661244186624,0.4025418971367089,4.85872271518056,8.541919070426035,4.541609456951975,10.34279314833391,5.587906310606486
3693_20220825_0700,25-08-2022_07h00_HIVE-3693.wav,3693,4.0,HIGH,409,818.0,820.0,-444.0106495126948,132.84808768940496,130.84342271682314,30.976440305781924,31.510720230608616,8.252622347683463,22.159518762442406,7.6628847318315465,-16.13445391817937,8.331305376294793,9.884446325690103,6.502507188726934,13.11655788814133,5.893309219507355,20.43425445634676,6.948752032704825,-24.41250529354189,10.216832419032537,-6.072856465156441,4.8252789354622525,1.0463337524394196,4.652153634369412,6.745894595640676,5.097943663613461,9.183955800301325,4.784213673015896
3693_20220825_0700,25-08-2022_07h00_HIVE-3693.wav,3693,4.0,HIGH,410,820.0,822.0,-439.36640139918114,141.55934545675424,123.91323368528248,26.095127907467567,32.23865740258905,8.318461284118444,23.66892218947854,8.179540541122636,-16.681439249107463,8.181508682938286,10.494136336577974,8.279361128461641,12.810830267640245,6.289593650858218,22.253313842047998,7.707067425077861,-25.594173842344837,8.479178873817089,-3.7266116131852027,6.3818467802243735,0.18577224820751292,4.570464372285775,7.233360483388474,5.0307203518582595,6.35456184413406,4.4437783509337185
3693_20220825_0700,25-08-2022_07h00_HIVE-3693.wav,3693,4.0,HIGH,411,822.0,824.0,-432.10076287154715,143.4054801933285,119.5084571714776,30.344187753701213,31.135237416366767,10.227186231515098,21.137471485058473,11.141711540923446,-22.462210351737184,12.213387723009612,16.75344009166653,7.701445510148185,12.660678902124955,6.6225301816918165,16.534487185841478,7.635012922914852,-19.75049793562382,7.135121913651822,-2.1869949454133915,4.925803089212811,-6.09323038972375,6.4479478283480995,10.07510984424701,5.959512101243738,5.857747525372086,4.837209206260278
3693_20220825_0700,25-08-2022_07h00_HIVE-3693.wav,3693,4.0,HIGH,412,824.0,826.0,-439.1386880699368,137.24042374566406,124.99647766986375,28.057160938614274,33.439021039491784,8.935465243139546,19.285837507201034,8.145839162382405,-17.23911654650519,10.20723122827266,15.043820588425875,5.885477585574214,15.396245929641834,6.0472524390112365,17.62293242059852,6.9569021623389355,-17.249767254971847,7.8905606300311595,-0.7208219324196877,5.2324512368775125,-1.758474801053291,5.187407676025459,10.6084468276604,5.1532007577778325,9.181146066733294,4.1249074604058915
3693_20220825_0700,25-08-2022_07h00_HIVE-3693.wav,3693,4.0,HIGH,413,826.0,828.0,-452.9151488143372,130.01502752201284,133.51210725027354,30.60316461960047,28.38679586640863,8.233230415789825,18.610998849275184,6.241070723060405,-18.61984254144907,9.096695286015965,14.3973237429137,6.913200468693628,14.899660288303766,6.210457490888916,20.329464462357326,6.970453004627589,-19.408867397823098,7.80830291430606,-0.9276718590859666,3.877248955611242,-1.1896127902149625,4.721363448476403,8.877926314943098,5.791160485815643,9.559483331897741,5.08314565492526
3693_20220825_0700,25-08-2022_07h00_HIVE-3693.wav,3693,4.0,HIGH,414,828.0,830.0,-452.41485770376676,135.1811503353747,130.04388098405755,31.379691270101745,31.033467252230665,8.790837286967527,19.46629540995628,8.06683736446003,-17.351549097667363,8.585195008736804,16.606340830058315,7.0970607286858165,11.565072633120689,6.770718620110231,20.987416801561714,7.675178161183401,-18.96791854810861,7.378756733941107,-1.8371435856866056,5.049800523193341,-2.0429459296225647,4.841206637348842,8.014419711745122,4.506180603166924,9.445840109935963,5.112192339105902
3693_20220825_0700,25-08-2022_07h00_HIVE-3693.wav,3693,4.0,HIGH,415,830.0,832.0,-457.80608218289683,128.77403373950122,134.17170532094966,31.42219416721151,31.696976766160063,7.300476127522969,17.567428482923347,6.271327410044205,-15.13678535548304,8.107176678729454,13.250262891963349,6.1634431256571025,13.257525993685736,5.287003399837586,19.6415077342773,7.912930083965981,-19.262730527867163,6.8763476767629985,-4.026515856367687,4.319856978430786,-3.5186901516280424,4.038499830033279,7.321965687803751,5.082404702527238,10.594593099960125,4.68862697196728
3693_20220825_0700,25-08-2022_07h00_HIVE-3693.wav,3693,4.0,HIGH,416,832.0,834.0,-448.7362480416467,127.24735299401678,130.0091577055389,28.818320814202192,30.192209052739884,8.95765037197422,20.858292802838807,6.86424354535521,-16.20541825682809,9.224176429394012,13.964981006458965,6.184786505570754,14.13987600637928,6.9331250419753685,21.676034462357308,6.998253843608699,-20.96385546030421,7.556971041027016,-3.1607205258486024,5.418776457312574,-1.5229074518432952,4.905254274422018,7.214444467221584,5.692312587022113,12.210953934538804,4.8653491664402795
3693_20220825_0700,25-08-2022_07h00_HIVE-3693.wav,3693,4.0,HIGH,417,834.0,836.0,-444.13437645104426,136.72545927412887,127.83122324201676,27.44730365372333,28.98097368435052,9.780682627423205,23.23809566516818,8.518811982838901,-16.210270410324412,8.331524723307929,13.542133192836307,6.42358107962419,11.645908458596079,7.299450102216889,21.33413606771731,7.019065352879251,-20.66402444418008,7.141219721553182,-1.313363897420943,5.6219448210148615,-3.5218373006638117,5.225274709121929,4.9000427034240435,5.476985684226598,10.355203224196632,5.567117414694115
3693_20220825_0700,25-08-2022_07h00_HIVE-3693.wav,3693,4.0,HIGH,418,836.0,838.0,-458.39733870457553,129.0744926605922,128.92008629304695,29.569003478742587,29.654479234862748,9.588047094371936,21.928914358121204,8.656834241509529,-15.605437084902357,9.196807895975114,13.773266936493997,6.358861811379016,13.851027412794767,5.290010916610612,21.427343374307217,7.725594784208446,-17.46087191237063,7.359747742118727,-2.1694013791955085,5.715885048660133,-1.0037026634671828,4.475979784595193,6.644974888154861,5.803626339448046,10.02134745196927,4.8191366166551
3693_20220825_0700,25-08-2022_07h00_HIVE-3693.wav,3693,4.0,HIGH,419,838.0,840.0,-448.27282330983536,136.01973015807437,125.88344829574312,29.203402326974242,28.02882326416204,11.108778898015213,26.574564143362064,10.128578312566626,-16.304141269290596,9.056026897501201,12.500219817300325,6.064803450532594,14.913284108146382,6.137387948391082,21.421242426723516,7.336749364331109,-19.69671669203419,8.236570640958405,-1.5404221366419684,4.82103120575884,0.9938873911899949,4.504525421744892,6.477042593717626,4.729219751425422,10.01543698666541,5.828589508841988
3693_20220825_0700,25-08-2022_07h00_HIVE-3693.wav,3693,4.0,HIGH,420,840.0,842.0,-443.01480824699,139.01250589644232,124.88712695072114,26.923897379724618,31.11011247955074,9.071104272883828,18.039494455493784,9.395408440385465,-18.516012345552834,9.82042893554918,17.877190738860442,6.840566974827209,11.089677612501115,6.097176269183761,19.84561297475284,7.335758687860796,-18.925609396402923,8.12042531623762,-0.5735321150258637,5.3254093896229096,0.1533325065018625,4.559106777582958,6.018542556705773,4.338228144191174,7.066620630374106,5.561766434635324
3693_20220825_0700,25-08-2022_07h00_HIVE-3693.wav,3693,4.0,HIGH,421,842.0,844.0,-447.26767594817585,133.0011614404823,130.01297511351572,28.404927350321508,25.76265013105605,8.804527462502088,22.745056308673178,7.495613680316613,-17.494434169553312,9.59248384273026,18.389429472688146,6.201570113562185,12.126872040441087,5.3513178555291825,20.82740157503452,7.872587208766403,-17.127398256851176,7.418716942033841,-3.1963541363314705,5.743014383459778,3.461738722683147,4.067930277751275,7.741743045138583,5.691717715447253,8.566176570366105,5.401388656921473
3693_20220825_0700,25-08-2022_07h00_HIVE-3693.wav,3693,4.0,HIGH,422,844.0,846.0,-437.1399456156185,130.45275539640892,125.82556971320632,30.51957191311648,26.977028348339985,8.235544873490024,26.226404887970567,9.680627274576551,-15.426310284949682,8.173372646235194,9.391842386953035,5.355576881991599,15.778881129899899,6.72146070722668,21.653297093003303,8.827906538100777,-21.092482162071224,8.442804662458702,-4.854219316903345,4.958058277570898,-1.7816587609403005,4.604379662317758,8.028344976354985,4.334652636256463,8.6575204853006,6.30809791480975
3693_20220825_0700,25-08-2022_07h00_HIVE-3693.wav,3693,4.0,HIGH,423,846.0,848.0,-453.82232517660253,136.64405753906618,130.94126512715238,28.032657987402796,27.550036425012596,9.505163214108036,22.47792070062466,7.3036413108998275,-19.9765111523591,9.510405308626153,14.35215342218542,6.087523258707999,14.486585357764413,5.703639834867887,20.57721877177713,6.2156824044148635,-17.47839191978591,6.857960787849771,-2.8607521191139083,4.349568463190521,-0.9264784404184081,5.402236326101102,8.152534862096854,5.4944781727222995,10.654968958148244,4.479402436782192
3693_20220825_0700,25-08-2022_07h00_HIVE-3693.wav,3693,4.0,HIGH,424,848.0,850.0,-451.54006604039535,145.7552228511794,130.15892869819984,27.083951800506593,29.822884797967564,9.151006687077006,22.88608576111745,7.92586273775827,-16.688028295547213,9.338927859990703,14.6094297842368,6.209793412117833,12.979142385980234,6.329804966564612,21.47868744089505,7.545783334114569,-16.536865224093027,6.564960803191427,-3.3342183263843084,4.944670910402204,0.05729305294698345,4.308280800523438,6.516200276278542,5.128771028523349,8.268988087785832,5.015338662332787
3693_20220825_0700,25-08-2022_07h00_HIVE-3693.wav,3693,4.0,HIGH,425,850.0,852.0,-453.59369278450913,143.47144170484518,128.11809349157494,27.442214691650516,25.90396280796461,9.42539317587423,26.635602848496422,10.169223529899298,-20.096372985755846,9.75063076801613,14.662121448189984,6.501244377598673,13.094311778287674,5.691755157383358,22.40964557639315,7.021585041475799,-17.006718108309954,6.503807005822464,-3.513978398585155,4.527473432461634,0.10937289201767451,4.8739749765300475,5.912035960170066,5.027468750716823,10.421900967816617,4.661103913979352
3693_20220825_0700,25-08-2022_07h00_HIVE-3693.wav,3693,4.0,HIGH,426,852.0,854.0,-441.5761121470774,134.17653254436428,120.38617400256848,31.984366076229467,29.742222758414055,10.709842039295152,26.766609219224808,11.260660340259106,-19.409531449819596,10.774873845191095,14.839436675989631,6.46755065269675,14.704182958790284,6.01949422135258,22.63934584330836,7.662658935025799,-16.43345244149944,8.42250396379447,-2.502161506318747,4.941442152487431,0.6893420607181193,5.998010552768774,5.8778745649299475,5.067127317854071,11.560368806047482,5.111266281712393
3693_20220825_0700,25-08-2022_07h00_HIVE-3693.wav,3693,4.0,HIGH,427,854.0,856.0,-446.66659321309095,128.2326884747898,126.95215286636449,31.087825855283118,30.07515508538231,9.432556163831538,25.750065943741884,10.824084971729821,-14.685503098439806,10.440219269670937,15.833423443161795,5.956679404307673,15.274607685439138,5.689429885114153,20.08444938737387,7.486101530441658,-14.77173884237594,7.317822915106314,-4.907621232020744,5.931974317572163,0.7810907179974512,3.9736658549606916,4.710877439793408,5.1872139664486845,9.434671185892872,4.93948824680416
3693_20220825_0700,25-08-2022_07h00_HIVE-3693.wav,3693,4.0,HIGH,428,856.0,858.0,-440.56522574421405,139.37189379960114,122.51956847664725,30.02783578536025,30.41774309985553,8.464373000944665,23.12994393425953,12.211495980245298,-20.42512862116414,10.977285082471543,17.40833292920063,6.826343629500568,13.25464660236259,5.68229604223707,22.837027435142954,7.278329895255345,-16.65746601471067,7.373204106086976,-2.5271596824113525,5.280856044388539,-0.0008808210147977017,4.7816932094055264,6.960323689712733,4.452011162797622,8.783775584261383,5.721228975730485
3693_20220825_0700,25-08-2022_07h00_HIVE-3693.wav,3693,4.0,HIGH,429,858.0,860.0,-437.9161107708669,141.69238079878426,124.63138493907,29.287834264277702,26.51894842638016,10.348030613569598,28.98791649603255,10.341824510133344,-22.131270274780398,12.309822561057679,16.208452973612257,6.3656948102131885,10.949935119960111,5.0976373359817195,23.881212167276477,7.908686321611789,-17.79665636171902,7.944114278209256,-2.620874636087657,5.303382420173653,-0.2847574105288159,4.283832347677446,5.80617737881977,4.5842530793647445,12.391733438904843,5.761916940961247
3693_20220825_0700,25-08-2022_07h00_HIVE-3693.wav,3693,4.0,HIGH,430,860.0,862.0,-432.1264187765659,134.59822918071777,118.09046327088359,28.884419529867593,27.626331939446786,9.128739209165628,26.015291123724364,12.081084331232184,-20.26207647228797,11.384825122932876,16.898753971466807,7.936777442549147,14.889879727162336,5.936905060950104,23.762977084459827,8.294810870639067,-16.33540971765095,7.09503946082994,-3.623304774692172,5.090259130743949,0.13579514508920962,4.3469557341828,4.645642607191627,4.170480142993323,11.213508086078656,5.495432849300501
3693_20220825_0700,25-08-2022_07h00_HIVE-3693.wav,3693,4.0,HIGH,431,862.0,864.0,-450.59728204526687,136.2638201490432,132.86273814656678,28.326630446722557,33.938589542042074,8.455268938350878,19.96015254974617,6.035264508808812,-14.28491055992867,10.046508435846643,17.43182146066425,6.025181199561086,11.261863965919439,5.069701157783454,21.86789404398925,6.967475676861349,-14.985999279202751,7.232313303456048,-5.468315799835056,4.475044968380073,-1.0159994689798624,4.220247090069103,6.608988992630942,4.4650712178531995,9.322881548946134,4.933348695095842
3693_20220825_0700,25-08-2022_07h00_HIVE-3693.wav,3693,4.0,HIGH,432,864.0,866.0,-444.6332634101368,132.51143705201082,130.7979115827272,32.465117594631245,33.655162711600795,8.771198071778098,21.92337187975283,7.784430031441006,-15.725874342720184,10.349656262176003,20.077368713822477,7.2375914957087195,12.63534147221906,6.004433448507406,23.2381427427385,8.101374600852086,-12.93591432913857,7.2256414191535905,-3.4926795556809958,5.852009997264549,1.9099301227467025,4.335034867726614,6.401401742864305,4.726363145539263,10.853361712075285,4.086284971666912
3693_20220825_0700,25-08-2022_07h00_HIVE-3693.wav,3693,4.0,HIGH,433,866.0,868.0,-454.321755369582,131.01858260236645,136.522752787332,29.573710378266373,33.927043957486,9.72657529676879,21.499796384646633,7.717780073241504,-13.435464751567636,9.38963296813445,18.879577423775775,6.359862396181747,16.588798302806676,5.779888062114449,21.52748902611092,8.062175517843794,-15.361803666659272,6.678920014779099,-3.558899060417542,5.246460143284299,2.554936302759337,4.323196522580829,7.948988165203982,4.362209847545966,9.79275391873443,4.92771816202978
3693_20220825_0700,25-08-2022_07h00_HIVE-3693.wav,3693,4.0,HIGH,434,868.0,870.0,-439.02550132210825,122.52894847642716,138.81929597310946,35.57735670452057,39.764736017037066,9.660809531572282,19.728660910188953,7.783832720793525,-12.257544961037977,9.301906454621415,19.672208340634594,7.05761883507439,15.677794698268373,6.320174667707415,20.902890070147357,7.037905468914601,-12.87190602540657,6.88666403386809,-5.477154997841811,4.812648323497566,3.715479114392291,5.188233191707956,8.481927464182167,4.756425502714119,13.432874036659266,5.276440313659649
3693_20220825_0700,25-08-2022_07h00_HIVE-3693.wav,3693,4.0,HIGH,435,870.0,872.0,-423.9032396320846,128.25908135421562,131.45682709265384,33.26125497100294,43.27449019953302,11.819770960305215,20.407434650730135,9.499273349460156,-13.583105649669374,9.87871093190875,18.774444218207215,9.09713878089346,14.473441089484238,6.457247157189479,20.2205824452543,7.083070007084512,-14.11960834627476,6.8892216382707385,-3.392302706766977,4.487444700194386,4.537716965845139,4.732007264940304,8.927780837465486,4.677957031570014,10.303092473694665,6.373805437311083
3693_20220825_0700,25-08-2022_07h00_HIVE-3693.wav,3693,4.0,HIGH,436,872.0,874.0,-429.1644783145306,129.60570621802108,131.13923726300078,33.99086511670169,43.65692763032146,11.51269263628662,19.3059783346998,10.291810514491766,-13.353201833686372,9.403520585786492,20.506786075852194,6.812073008594816,14.10211323047102,6.150332606113329,21.29551733765743,8.786311201295607,-15.948619452242427,7.784436883912882,-3.5023695050766652,4.549129319752979,1.8183855362480101,3.6413382977614814,8.21431627205125,4.545434463804139,9.943085183152132,5.877862543173676
3693_20220825_0700,25-08-2022_07h00_HIVE-3693.wav,3693,4.0,HIGH,437,874.0,876.0,-421.99104155276393,128.08961728970345,135.31566151793626,32.55820046737912,38.91316046577176,11.87979007890169,19.417126620363014,10.301582892218383,-14.051298296340459,9.76604902297785,19.05226865093241,7.980714354452938,15.509362208609417,5.813982361759592,21.374434046171977,10.423176482460658,-16.147656002645117,8.77867523313016,-2.8284423200189526,5.005800422824944,2.0730008783324467,4.742955562017242,5.603007925862674,5.0051386279147545,9.668847201464324,6.221206283001159
3693_20220825_0700,25-08-2022_07h00_HIVE-3693.wav,3693,4.0,HIGH,438,876.0,878.0,-436.9974637332664,125.49340245089894,135.05570954143542,31.345122028592677,38.85751954143922,10.422683767435062,22.240786537815193,7.921945206113121,-14.768116103894421,9.967663957942575,18.0308183483801,7.38342996314477,17.144233506948755,6.845398043825726,22.229168625677904,7.960853685859773,-14.677110192582418,7.032998464951832,-4.0908008874273145,5.209223099957083,0.10556774185656764,4.689497169358407,5.887463140447173,5.081052590748058,10.702322736293047,5.165496467331982
3693_20220825_0700,25-08-2022_07h00_HIVE-3693.wav,3693,4.0,HIGH,439,878.0,880.0,-433.6140191153166,115.60334854451094,135.9352532672356,34.77655510104329,37.52737875663925,9.786150036321875,21.819367752334447,8.022998653898197,-13.986068700209724,9.75947395864807,17.788413726860163,6.533078893150561,16.480128783063716,5.360290222435374,18.53615538048924,6.986879736080198,-14.831472332231835,7.03806214934896,-5.2775286499850935,5.717560061880419,1.6265608152336122,4.3144955461668575,5.925500693891988,4.391364308050135,13.053090008211461,6.029792990698715
3693_20220825_0700,25-08-2022_07h00_HIVE-3693.wav,3693,4.0,HIGH,440,880.0,882.0,-435.17094696165947,119.53033849455363,138.17089271235642,35.22664473729974,39.513405260467025,10.275808550472677,25.313385964140345,9.643917855910283,-15.0616578857846,11.025927684273114,20.175521374043715,7.082343203049411,16.301244274959153,6.387863970566226,20.169734201499192,7.0305091512042885,-16.046670203018277,7.652155613042041,-7.029403001207346,5.097970569149918,1.769894942525998,4.708380738244684,4.672361464434207,5.102561993014155,12.200973606352616,5.414366744731212
3693_20220825_0700,25-08-2022_07h00_HIVE-3693.wav,3693,4.0,HIGH,441,882.0,884.0,-413.21326103494226,126.10875934653272,138.10186882416767,34.91279054067612,36.49126185390346,8.913838369100484,27.73882392788561,8.686053183957485,-9.565763433515277,8.781626199102897,22.555666550921785,7.374762871238237,18.969635529960176,6.394765266539126,20.056315371950003,6.57900702665032,-15.396873593040604,7.205970918366617,-8.237483820038912,5.394124548563713,-1.2854599055521718,6.543080153241888,4.849662937883313,4.424426796280658,14.963148768609779,6.122554734398007
3693_20221002_0815,02-10-2022_08h15_HIVE-3693.wav,3693,1.0,LOW,0,0.0,2.0,-435.71685751382313,142.53812299016772,136.9594460520897,27.60517240280223,21.39968012698565,7.172679103353188,12.93497575050476,6.148247144752726,-23.185401957954046,7.666428014025768,14.362101962851652,6.57993450883467,10.343110889397124,5.666921381040694,15.15210044303608,6.3676865901922755,-25.595992323861147,7.456234482181447,-2.4713129331527965,5.345876442867311,-4.049929223767564,4.275851158909187,4.603294431140971,5.1247239408553655,5.24063295247397,4.388606539064048
3693_20221002_0815,02-10-2022_08h15_HIVE-3693.wav,3693,1.0,LOW,1,2.0,4.0,-436.7329608886279,141.18337136015427,140.01148196045838,26.136603877193117,25.06420227929572,8.93560543593847,14.427864029114179,5.830985581136685,-20.433813601184205,8.531316437850704,16.695015773534468,5.2927701763054165,12.731714884251288,5.550594723691003,17.538601149290923,6.289764436309372,-22.97943062202141,7.423105984969919,0.1358529138281941,4.879411909194705,-1.308049121255548,4.7322544022420985,6.733621938426152,4.653124811722171,5.252793133938811,4.552700339005032
3693_20221002_0815,02-10-2022_08h15_HIVE-3693.wav,3693,1.0,LOW,2,4.0,6.0,-437.4747906083342,140.06383572610392,136.06962186877354,26.892079156430658,24.160868617473295,6.950180035663584,14.873339670222633,5.504568488798875,-20.921595079847606,8.295009266155635,14.834713304972997,5.554777547177923,10.913613416405886,4.364457707257597,16.544578173711724,5.109007698823287,-23.860305758157242,7.982067806612494,0.7233621283004259,5.658090653994997,-1.6033368865494404,4.637204708882658,6.284744277152879,5.100836594182371,4.45101245524277,4.320639945756992
3693_20221002_0815,02-10-2022_08h15_HIVE-3693.wav,3693,1.0,LOW,3,6.0,8.0,-436.31544583975585,147.31690023378133,132.82517152174339,24.65510142304578,22.083589383093553,7.25598052762355,14.897232520342108,5.992937271165711,-24.651647781973786,8.41515356550975,16.727304240193238,6.830726798197817,10.702844080711007,5.11857157394312,16.81729355682888,6.1341316505867685,-23.676657650752773,7.105680217322261,-1.76212596164311,4.860296104148557,-2.2420170770573065,5.0371905094402365,5.142369495987528,4.545985589954014,2.7667339458622195,5.160095534303869
3693_20221002_0815,02-10-2022_08h15_HIVE-3693.wav,3693,1.0,LOW,4,8.0,10.0,-437.83016935324184,146.35919796338064,131.7644188814933,24.87666286137739,22.56217543003397,6.969600271625569,15.727389376611562,6.155016613423211,-23.33375281964741,8.838277321690319,15.081194951397519,5.58140346970809,10.684282384181612,5.866755272324414,17.310878320520224,6.213555637182487,-25.124328362290253,7.793979529211974,-1.7327909396459997,4.893200705216611,-2.2786875779203686,4.5913489916137875,4.494717697355554,5.30317371323325,1.9362741047899779,4.284589564882778
3693_20221002_0815,02-10-2022_08h15_HIVE-3693.wav,3693,1.0,LOW,5,10.0,12.0,-436.95121878855747,146.29862353872983,133.26143309604385,25.839587428685384,22.32677605216619,6.816291703279825,17.467204133203285,7.728494142413244,-25.036552544896775,9.725112917185838,16.71147746914035,6.791641381033268,9.859850194759657,6.047871318757846,15.100521441756815,6.0245020464866785,-21.728229574070916,6.781456840268942,-3.1284292808469414,5.50226128779523,-2.6393562389530656,4.392298016288706,6.2777910296345665,4.031087605594882,1.7164946311152989,5.89764260494745
3693_20221002_0815,02-10-2022_08h15_HIVE-3693.wav,3693,1.0,LOW,6,12.0,14.0,-438.94635295953924,146.60369273299185,134.08891605745504,24.91323842048461,24.423795644261244,6.709650228078077,14.442972191902388,6.498616219109189,-23.021430116027595,8.117653052174145,16.013612273714305,5.4313397657151015,8.267278639794267,5.34055746495314,14.927030770519442,6.568563613455251,-26.68983901772159,7.985202811981603,-0.39593936548335606,4.627609926374612,-1.515767580504971,4.063243031543531,6.229490772799403,5.182115213068326,2.799448574799944,4.252812079102953
3693_20221002_0815,02-10-2022_08h15_HIVE-3693.wav,3693,1.0,LOW,7,14.0,16.0,-437.07804217117285,145.10263347919312,135.02079451109276,24.487399684936975,22.73950366960528,6.415008055495966,13.567408011446414,6.623694574548689,-21.532232889438216,8.170219627118474,15.828207276581923,5.700064772689016,10.469468311390221,4.5620279638546855,14.824377343544679,6.0183470499802345,-24.938458302865264,6.7244227323084615,-2.9569594694061827,4.400834600057375,-1.1228199842687945,4.682418531233221,6.6661273622218475,4.297584784186403,2.205221168383174,4.210790632810463
3693_20221002_0815,02-10-2022_08h15_HIVE-3693.wav,3693,1.0,LOW,8,16.0,18.0,-430.0341394874256,146.21777683449963,132.7670378208716,24.80377017283957,22.55783547836681,6.686418086836521,11.7390257288217,6.272675317186757,-22.67269281952619,7.757865829839059,17.912313392362897,6.994201565424204,9.52673202331697,4.7630709149342705,14.6216357610569,6.358992545895792,-26.111904936424427,7.016155530407638,-2.1762733302707735,4.93461788450759,-0.8434737987833817,4.749853905076174,5.913332196006651,5.024262202204379,1.449929500779674,4.447776830198159
3693_20221002_0815,02-10-2022_08h15_HIVE-3693.wav,3693,1.0,LOW,9,18.0,20.0,-430.0392626080806,142.05230536541205,129.87782321361172,26.63741071520423,25.596764522172787,6.886590279927144,14.81768910481871,6.729840624088221,-22.89444712137265,8.837747513525745,18.701174540883674,6.233150190902602,11.259359112802377,5.597255469724089,14.591012671294255,5.716835152578643,-22.862589776456733,6.798948166511692,-3.552645065677582,4.900175655772313,-0.8399678553936049,4.957353151202714,5.1758800184740235,4.4175757189290215,0.39858708921038166,5.03246452360938
3693_20221002_0815,02-10-2022_08h15_HIVE-3693.wav,3693,1.0,LOW,10,20.0,22.0,-430.51906810022666,145.1037763162971,131.08541684679705,24.997543967373282,21.84420306284815,6.9962735691725495,15.072466336598241,6.434480712276214,-23.293434648630456,8.849507000029568,16.060900438793116,5.395944518421046,10.609008578166,5.278102016601839,16.01241887673042,6.888141674731799,-28.211115619977083,7.7411353771591465,-2.269689293275257,4.543663331574364,-1.5765315558456434,4.6602347887953135,4.520818417520041,4.384291296025313,0.4461680483229144,3.957667597226539
3693_20221002_0815,02-10-2022_08h15_HIVE-3693.wav,3693,1.0,LOW,11,22.0,24.0,-432.8499204775041,144.13439353891306,134.93344497760185,24.91177682902624,21.559854067681407,6.225179446122051,14.529408354924108,6.718306801941001,-22.70253422683238,7.9319148849178305,16.299700013175396,6.148862126288389,10.04496722173819,4.232733492772745,16.355403427096444,6.342727332887733,-28.11999323892214,7.995485532780439,-2.443006458890258,4.807839121788835,-2.4309772836772487,4.580186504812378,4.09516781261839,5.155457119712172,2.4845978843445846,4.889747042776919
3693_20221002_0815,02-10-2022_08h15_HIVE-3693.wav,3693,1.0,LOW,12,24.0,26.0,-429.6693900095024,146.51460334827698,133.03291388287636,24.588563185492646,22.273318667515984,7.215428545084161,13.471429684245138,7.081410799808967,-22.42151267245159,8.506624420067054,17.201027735908774,6.269133515419152,9.872548159437475,4.8921416269202584,15.579357472818495,6.364225311639557,-27.327983709821716,7.741627618153248,-1.347453166432749,5.678062155516373,-0.7232724704522395,4.6606109730296925,6.207570395961613,4.62232088938934,1.461738987891572,4.099851727040226
3693_20221002_0815,02-10-2022_08h15_HIVE-3693.wav,3693,1.0,LOW,13,26.0,28.0,-428.49693825653725,143.76558285791626,133.3632779772978,26.51804113037039,23.79745730594214,7.536164799272637,14.451320200967084,6.743408107229096,-22.546549935358577,8.013103812764683,16.151972459703554,5.998383768383087,9.721915342537693,5.598423804758797,15.916820778203633,6.979502587455659,-26.282504117669117,7.871265558316371,-1.6217520466403734,4.707737086409884,-1.295999613588196,5.022900662634703,5.8124414260319535,4.812750144236821,3.193575627838019,4.736744059091808
3693_20221002_0815,02-10-2022_08h15_HIVE-3693.wav,3693,1.0,LOW,14,28.0,30.0,-431.1837156561026,142.02143846269644,134.65548914086276,24.954711989469914,24.000603760932925,6.69361474172639,17.323827061849776,7.496380220597461,-22.382129076156176,9.541155592573986,16.761002730611605,4.951789870502488,11.668188845715939,5.325760573132586,17.103065071504883,5.848945439254692,-24.386597680600563,7.030620601655074,-2.2389623359843793,5.253120824468844,-1.6767369121481435,3.5795820120190425,6.220597492310874,4.674530683371334,3.5899590326403628,4.760932872032502
3693_20221002_0815,02-10-2022_08h15_HIVE-3693.wav,3693,1.0,LOW,15,30.0,32.0,-423.3136846799075,132.09425936476197,126.97261689141143,30.479371512291983,23.613445924852886,7.905723142334146,18.504334264907552,9.127283782551507,-19.510295806660203,10.315009511152413,15.506120706462982,6.106496153252374,14.407716834751557,5.634478051220417,15.599760804491462,6.947512049280442,-20.29748464049635,8.455875126482775,-2.134068255046837,4.7258213323255,0.21380406701584537,3.98368815980689,4.163537304002243,4.881405859756701,4.920681789157947,4.963886201170847
3693_20221002_0815,02-10-2022_08h15_HIVE-3693.wav,3693,1.0,LOW,16,32.0,34.0,-429.1141819637004,137.77755503048374,129.8336038147095,26.788124983644384,24.28707132216237,7.357415449240008,17.44334965138147,6.687046309818943,-21.09768696915416,8.813367760844608,17.565784982612143,5.56975912619636,13.477651648350518,4.663230038491866,17.196115494466866,6.481124261810511,-21.73703551597968,7.554711856117717,-2.144056001812229,5.618997610160802,1.8464383680877716,5.333508213228502,6.01507606605338,4.9233781376010715,2.9978171611025086,4.4592608666248585
3693_20221002_0815,02-10-2022_08h15_HIVE-3693.wav,3693,1.0,LOW,17,34.0,36.0,-432.8956641322395,140.82849167872487,131.22780580621398,25.59833329351755,24.56953364074478,6.918084870048806,15.46337598892345,5.585400354543258,-20.631030811211236,8.45233139391976,17.309125555676605,4.728593449758169,9.974993566871476,4.790636638117601,14.316827103713893,5.584642793868393,-24.00022666306084,7.978894594731427,-2.7685406808838153,4.966891889334412,-1.4803053881183255,3.8701034111112036,5.612582279508177,5.345749328533657,0.9551174231709572,4.1399305125919845
3693_20221002_0815,02-10-2022_08h15_HIVE-3693.wav,3693,1.0,LOW,18,36.0,38.0,-432.77344594187946,144.51000076782188,133.81008431134623,26.194349206547347,24.27833675136619,7.0359031379235475,15.182106064156603,7.880120978625782,-22.684483896430198,7.718332898500435,15.774584041690849,6.19851388079203,10.20833543736235,5.144564711569938,15.391896767094053,6.1060164002768795,-25.497816837283068,7.516649338159898,-2.8605438605349662,5.169560050772432,-2.097295179201389,4.266086044435292,5.305928368377763,4.915808030615441,-0.05516705523499062,4.383742448943739
3693_20221002_0815,02-10-2022_08h15_HIVE-3693.wav,3693,1.0,LOW,19,38.0,40.0,-431.16146736162233,142.2174842627229,132.29520762497816,26.258740231218837,24.24966917073998,7.184855314100695,14.741213350208994,6.423248502575233,-20.456068905914574,7.7974638202571676,17.230508090013053,6.5598011604622934,12.812224260067204,5.803239634081025,17.47575264042324,6.4155037468129334,-24.203875048970794,7.342118379019854,-2.286446435076476,5.068569485464605,-1.6296549253822943,4.436077218396808,6.3341231051269125,5.062974840255841,3.1963966090544096,4.9183074925352885
3693_20221002_0815,02-10-2022_08h15_HIVE-3693.wav,3693,1.0,LOW,20,40.0,42.0,-428.39780843895704,143.16858313690057,133.91158855160558,26.132637276104834,25.912648352916435,7.245826590675397,15.762442775610669,6.258755306253744,-19.621964222000152,8.823753551620616,15.597041631930502,6.2067036251355985,13.688503550633271,4.372986175152426,17.94593748519112,6.390890676915951,-23.872199998975706,8.020933075929857,-2.898739327085504,4.176038174143894,-2.273488501880148,5.2308013534034385,5.5294329550861,4.54749264656004,2.428530321149942,4.6171218034429025
3693_20221002_0815,02-10-2022_08h15_HIVE-3693.wav,3693,1.0,LOW,21,42.0,44.0,-428.57052952836034,142.6628357243519,130.43014328846306,25.388073169423556,21.776342660617303,7.518633373717282,18.984150870492268,6.801651253549595,-22.585362843037057,8.939164599798746,13.926596514831118,6.025223399684651,10.375780578186292,5.2063943844089025,16.109797443225474,6.50447631509126,-25.1067489140055,6.986978846745089,-4.677161586107602,4.495632212656897,-1.5134576145365757,4.837851553971526,4.587142379329346,5.136817216070958,1.985887372749577,4.671050796503471
3693_20221002_0815,02-10-2022_08h15_HIVE-3693.wav,3693,1.0,LOW,22,44.0,46.0,-423.30891114921275,137.9123534124057,128.69494332903292,26.94728494275454,23.105043296109915,8.016579378422836,17.37829676120264,6.251284682667165,-22.694039922344476,9.03754068876196,14.800621412848455,5.945653549001086,11.737285751685095,5.860505083228222,18.47269812708739,6.516240991307935,-23.839747213824683,7.979782363658904,-4.699696681303213,4.722493928932442,-0.3425673516892823,4.494550092726078,4.343418478613256,4.779451077399704,1.7355681148345978,5.12635699694926
3693_20221002_0815,02-10-2022_08h15_HIVE-3693.wav,3693,1.0,LOW,23,46.0,48.0,-430.4105428605859,137.05291449490852,132.58111897109387,28.357016814932948,26.372022429612883,7.360701120019269,15.472347294941766,5.942148536408478,-19.601837881111006,8.16713844515864,14.95421612716615,7.196297735489632,12.751067808266141,5.682876558103454,19.678185467717704,7.579810788993052,-21.498204754723115,8.566331670432051,-1.6950005065590936,5.9848600227335895,0.22197889528211678,4.414532321490921,7.08680979724099,4.676037422977579,3.572669121878911,5.341758735458428
3693_20221002_0815,02-10-2022_08h15_HIVE-3693.wav,3693,1.0,LOW,24,48.0,50.0,-430.2715747263023,131.96165025945626,129.29137828715844,30.97345338094132,26.387644107078266,6.940023172269178,15.355340745618411,6.940204252893721,-18.816573512946327,8.797796976376405,13.91324577395489,5.906189629053321,13.572184132242825,5.557340907301241,17.182509973722283,6.346420221313704,-21.101157629049354,7.997419457779409,-2.7466435573280816,5.385102551249225,1.1795416062223358,4.12668953179301,5.258680915177013,4.243535436007472,3.507685644791413,4.93126521629882
3693_20221002_0815,02-10-2022_08h15_HIVE-3693.wav,3693,1.0,LOW,25,50.0,52.0,-434.70547858535105,140.8123971137204,132.1855620837279,27.182079744319548,23.850100773824792,7.263856924686637,14.905303128251967,5.555154806090821,-21.26990133014803,8.360389496504789,15.682313979865917,5.130229061100609,12.421305748995497,5.412726447355726,18.566187384426325,6.029655606115295,-22.85582038395615,7.660060095967452,-2.4844928848617234,4.847299519050233,-0.29681653032495725,4.6567882916741326,5.5179330784037015,4.063782533265742,2.261332538014066,4.405205298409003
3693_20221002_0815,02-10-2022_08h15_HIVE-3693.wav,3693,1.0,LOW,26,52.0,54.0,-429.0904159834072,131.2984201133052,129.79086929834114,30.249741629199434,23.5247899910968,7.566560497417445,15.155262903513934,7.192661870966269,-16.818035856721025,8.720615162311642,15.58507902905103,6.726718877598487,14.527052377862564,4.918633582684526,17.58500118296498,6.2679418334510855,-20.534006404471224,7.497129650242639,-1.98130802314197,5.118331229836704,2.9821033643143866,4.385465513371143,6.403712324472771,5.485479706227464,4.8063186839389065,3.863241251750448
3693_20221002_0815,02-10-2022_08h15_HIVE-3693.wav,3693,1.0,LOW,27,54.0,56.0,-427.8309408574884,134.1442482623875,127.83713486637602,28.736655025497598,23.55771701005182,7.273000571805145,18.242145124849454,8.482683976962011,-20.429834573336652,8.467182382453988,15.596804179195518,8.045935805008064,14.208241978419663,4.86235896015162,16.930435631426995,6.479708822114164,-20.518892785330326,6.712382834207014,-3.402804058834866,4.88436269666879,2.0624916397663924,4.019538002602573,5.55101759751183,4.774441927265558,5.128772199970438,4.2423658385557586
3693_20221002_0815,02-10-2022_08h15_HIVE-3693.wav,3693,1.0,LOW,28,56.0,58.0,-416.7144589709716,140.87421508173435,123.08968376766376,30.15592937012113,25.4310650001622,7.628251681996705,16.532921456249795,10.008082384296248,-23.290816654878633,12.26080959017344,16.49972324268425,6.777064767979859,13.476251669195864,5.475806055962762,15.445917428621245,7.358857548407049,-20.040720839930003,9.981196870794301,-3.706137475838967,6.281211112659886,2.0827556731536276,5.436244366160898,4.874149062145011,4.673301561080741,3.880901131264479,5.163092606971297
3693_20221002_0815,02-10-2022_08h15_HIVE-3693.wav,3693,1.0,LOW,29,58.0,60.0,-433.82199195363506,138.11601866218828,130.0233770054596,26.199467550071525,22.395891833156654,7.899370222968169,19.238782621040194,6.887142599078227,-22.245051231151958,8.531770736687287,14.858946088534532,5.262145704921654,12.159306901789533,5.726107770526609,17.15405590095942,6.829293214929474,-21.45748985464057,7.360518446008681,-1.6255417751036452,4.633734958705316,2.3159403515820056,4.978849816484557,6.608542422968536,4.152698656479825,4.68054627442417,4.977875689681464
3693_20221002_0815,02-10-2022_08h15_HIVE-3693.wav,3693,1.0,LOW,30,60.0,62.0,-431.57820884831284,145.681823387167,128.55176108011244,25.952609429464843,21.703754885040603,6.547653706545176,18.927269123185326,9.277657123186964,-28.247824055305735,10.449688700721179,16.33766255507281,6.1443240726311705,12.809575155900088,5.6337059393816595,16.085215040386682,6.565070933963638,-21.186864585118446,6.425987147614292,-2.512690777183029,4.475405983276344,1.303613212460929,4.836003923764755,6.2590868449975785,4.1324165448534345,2.9151812296592214,4.6142504900366275
3693_20221002_0815,02-10-2022_08h15_HIVE-3693.wav,3693,1.0,LOW,31,62.0,64.0,-435.6720136322936,143.86067322292422,131.70316198326773,25.148676018902616,18.929730040849712,7.116936018343007,16.73969584280537,5.700380631065427,-24.28523689939138,8.263115602926016,15.76852584408773,5.9782109396117695,10.409150171371705,4.381089720732708,15.470768046600403,5.805660040316025,-22.503168185702798,7.798976993213843,-3.9730859119018422,5.694164189803768,0.5497051699900686,4.119332712839962,6.658108055026239,4.573817216252126,3.920607993259626,4.3460593239731615
3693_20221002_0815,02-10-2022_08h15_HIVE-3693.wav,3693,1.0,LOW,32,64.0,66.0,-436.3904936188174,145.62198563573185,131.9130655854622,25.339715139689623,22.22110955787602,6.987851959334533,18.8409864041696,6.991275083319943,-22.844630503257868,8.444663171386196,13.9908118605173,5.053050009079495,11.882186444617552,5.0052100575884735,16.758179219590026,6.635693153551121,-22.485427787698377,7.289729296720794,-3.8224034164021328,5.8710931309183065,-0.6921188595266456,3.8755369971001588,5.931231132438864,3.9673709720318593,3.2944498716219592,4.524254208553564
3693_20221002_0815,02-10-2022_08h15_HIVE-3693.wav,3693,1.0,LOW,33,66.0,68.0,-438.27469903182,144.9005725273423,131.13660088183445,25.127340517392565,20.917554478841065,7.810065307474695,15.365126331376965,7.639890254005319,-24.08677996915162,9.335631709910077,15.100711853929036,5.634539314590695,11.730886013421932,4.479782098487085,17.985617791905792,6.350340548852047,-22.12511413646536,7.275354489670467,-2.733874105183829,4.750656920067333,-0.6723818094593805,3.9226895232895225,6.270228609148697,4.985626404303472,2.550512588783134,4.123867071901262
3693_20221002_0815,02-10-2022_08h15_HIVE-3693.wav,3693,1.0,LOW,34,68.0,70.0,-439.9755945040786,141.0551391761892,132.35442400207972,26.051555708090888,19.284397028970194,7.366373239095007,14.011485429845354,6.691089734523254,-22.84626721903255,8.27241861870858,13.674567355990202,5.615958471939492,11.980725153014243,5.2420271112597,15.803728403519097,5.687251100907502,-23.689714039062945,7.031835704332569,-3.1866781444002745,5.073811936273302,-1.3587730063877044,4.271497026050643,4.51320273643675,4.84109857591949,3.48319320843079,3.6204112098849497
3693_20221002_0815,02-10-2022_08h15_HIVE-3693.wav,3693,1.0,LOW,35,70.0,72.0,-438.158763416828,146.08044674892352,130.633978265231,24.93216340756564,19.662413602271663,6.470153285356286,14.811351000826985,6.570082312850588,-23.92365188199979,8.382709572659005,14.399233825403305,6.325113402626956,11.48768861758158,4.925092516168009,16.64035281027095,6.277774673426038,-24.390816675357488,6.8734647939055,-2.5736477019214603,4.477422993377023,0.7533948291112469,4.591138052729096,8.214511408792418,4.1531154319120125,4.9301953419878295,4.312234550752206
3693_20221002_0815,02-10-2022_08h15_HIVE-3693.wav,3693,1.0,LOW,36,72.0,74.0,-444.5402865261492,144.87340474032013,132.70987668760228,25.06180303732449,21.267777839987836,7.014047048635317,15.566807512275476,6.753588868880837,-21.186903169724786,7.876353689838606,13.654656290555078,5.792130636389235,11.06833504616355,4.341591421793445,17.268458218168014,6.323482206864067,-24.86275584517037,7.489335423669264,-2.7108723422162124,5.260888804707739,-0.9479889089219483,5.2910905674510555,6.933951940005622,4.28309790077834,2.100503837502544,4.814397491462083
3693_20221002_0815,02-10-2022_08h15_HIVE-3693.wav,3693,1.0,LOW,37,74.0,76.0,-440.44865034971104,142.20234783890126,131.8555463289105,24.832508817831783,23.048749197099465,7.41302559784497,16.89660026552932,5.486696587952746,-21.501335457133937,8.379997414902373,14.785713695341583,5.3791491397987725,11.194626421595576,4.409399692092659,16.813349211893016,6.665766351444859,-24.03800841175052,6.9425088739206045,-2.2921756883166107,4.815048991994537,-0.645916564118806,4.872502511147473,7.709844832847417,4.99047521368937,3.2638035032896107,5.247126850536163
3693_20221002_0815,02-10-2022_08h15_HIVE-3693.wav,3693,1.0,LOW,38,76.0,78.0,-436.8851471958411,143.70404470354708,131.2120744330536,25.167510415917743,22.417218915242625,7.348943607376668,13.568373781158483,6.899214958903026,-20.133824882328792,7.846416767729644,14.966394807820704,5.679416627809452,11.648385360181843,5.67845065257766,16.45403120394753,5.4423485795995,-24.979774337257574,8.299356686034859,-2.5553702850429842,4.651079487258531,-0.37786179094973044,4.612183831925551,5.807018136995143,4.7527125301915625,3.532094972363471,5.021962216793995
3693_20221002_0815,02-10-2022_08h15_HIVE-3693.wav,3693,1.0,LOW,39,78.0,80.0,-434.90581561642426,141.75950206947854,128.84402269466605,25.19263884395198,22.990261424180733,7.119397383870398,16.548481093195694,7.965146368897981,-19.62954923910106,7.9250612216108465,14.76384363837176,6.2251198442211955,9.956261483027916,5.21477345179357,15.639924177768942,6.606303746231618,-24.121542210160126,7.930718512453856,-3.4965286125238833,5.388658359732911,-0.8407657501997482,3.9446941078266216,6.243769818683471,4.245208549787844,2.241700922053875,5.14614514463283
3693_20221002_0815,02-10-2022_08h15_HIVE-3693.wav,3693,1.0,LOW,40,80.0,82.0,-436.8699755932862,145.54505977152144,130.63315489455837,24.6448441726307,19.718936916567042,6.740431603609468,16.270567819151704,6.477547712709735,-22.75673055486517,7.81906081244038,14.719327459011637,5.7629842739904955,11.111851126000998,5.411315533303343,16.209431201819744,5.171786976360696,-24.694247610145514,7.078752750918532,-3.6761517181469054,4.803959634311728,0.13719550483523538,4.683343317599835,5.589435265516001,5.195938447925564,2.734151164529278,4.588296024525057
3693_20221002_0815,02-10-2022_08h15_HIVE-3693.wav,3693,1.0,LOW,41,82.0,84.0,-437.70645183278555,143.5328433161988,131.4651765956949,25.864981298163087,21.233637054855453,6.3646711468289,16.265092550691183,6.081726043508047,-22.213662518271228,7.948564386181373,13.780622152384232,5.544600641199007,11.419932259579808,5.4533874059451275,16.484478091860353,6.234220899526882,-24.404192146339014,7.499469963652437,-2.4257155007326103,5.538518720084278,-0.8388324312800386,4.428369879145657,7.204658441364512,4.548759051001005,4.9118810748204975,5.0646307751785855
3693_20221002_0815,02-10-2022_08h15_HIVE-3693.wav,3693,1.0,LOW,42,84.0,86.0,-437.9179328681135,147.38247277026218,128.9818107005854,23.863732783819334,23.168077086936155,6.553568961033463,15.428926201984266,7.237332897179223,-21.2290546703818,7.228423711394936,14.673584570531663,5.048293461715817,10.672845517217135,6.139450737554557,15.988727573617032,5.148909061407705,-26.55119372469451,7.677113262169568,-2.4033763255087743,4.692811126887908,-1.5053824103587587,4.070820423525953,6.177004187666361,4.671203770452464,2.7475557797248364,5.262709184010609
3693_20221002_0815,02-10-2022_08h15_HIVE-3693.wav,3693,1.0,LOW,43,86.0,88.0,-434.6443951448686,142.9044762122899,128.14680471717725,25.680026392748104,23.912205061678726,6.643181107798352,14.266282263291263,6.202094022418218,-20.900489675760788,7.889781194828037,13.662820496601075,6.015893104316359,11.707678140218002,4.902456422441423,14.452218941119993,6.536949393308449,-26.736358446063004,7.671068748728672,-4.255000083278157,4.348774543561808,-1.5489648234991948,5.007533197741422,6.228062612353896,4.845570882046456,2.650486650014136,4.574162827103211
3693_20221002_0815,02-10-2022_08h15_HIVE-3693.wav,3693,1.0,LOW,44,88.0,90.0,-438.04577369910515,144.32847910818484,131.4681548090695,25.054288687490782,23.41423644202046,7.500791339009939,13.215739771651451,5.468066943576465,-19.19005253884315,8.241220379421643,13.15404037251497,5.568115244111411,8.889264729458702,4.294475263344707,15.19044630415236,6.957606710413979,-26.018578325846935,6.669483066974621,-2.8877354391550343,5.21155706143106,-1.4888619274902692,4.686840900262766,5.128391569010924,4.794718465124988,0.7643828172533488,4.893612756659084
3693_20221002_0815,02-10-2022_08h15_HIVE-3693.wav,3693,1.0,LOW,45,90.0,92.0,-435.73025472634276,135.25310172197516,128.16850856632723,27.18300421036093,23.360393648771044,6.918336551438818,13.753524128884717,5.996734547526666,-17.830400723357734,7.477750092606803,13.005357522616226,5.416043947891618,11.225471585141442,5.161199878510239,14.659054734167817,6.830741534984176,-25.64305230264613,7.6330645678076765,-3.1004957923926275,5.460017650528118,-0.4110203707377976,5.077557672775338,4.916235569403469,4.673762518958194,3.118777360865227,4.716871158514624
3693_20221002_0815,02-10-2022_08h15_HIVE-3693.wav,3693,1.0,LOW,46,92.0,94.0,-438.1303006105383,144.03234190851094,130.1994447862947,24.99829548069058,20.952967635433087,6.404103197828027,16.72485768993343,6.992588466259472,-19.260895468651096,8.07162876169708,15.337080789638078,5.341514863740298,11.20271647962765,5.573092662326055,15.508986887035205,6.397673796981494,-25.69146498268685,7.298166485842542,-4.520467645654755,4.999296476253867,-0.42013879140682586,4.64368018470784,6.7772295991255405,4.882757548856053,2.5438850702160605,4.918137085950609
3693_20221002_0815,02-10-2022_08h15_HIVE-3693.wav,3693,1.0,LOW,47,94.0,96.0,-439.7890987234275,142.41285385461987,132.07933320351935,25.421643538397912,23.05395020282509,7.33951605556692,14.381701251246952,5.47057473342329,-18.415230661847147,7.316412343165273,12.830832961793801,5.316109069010396,10.938126542863717,4.844718762591955,15.702594050943716,6.286247896140823,-24.55575737241703,7.265281265315233,-2.8360858806177025,5.359500250539637,-1.2217099866155603,5.153299852736611,6.631728437338621,5.286789059520014,2.4722015589259545,4.310958627215742
3693_20221002_0815,02-10-2022_08h15_HIVE-3693.wav,3693,1.0,LOW,48,96.0,98.0,-436.1864196206896,145.27784156864453,132.1343387079305,24.942797071272626,20.63047903928492,6.018856913524971,14.91811675285083,7.211551706378508,-21.073978787283835,7.216426168232913,14.894492820809408,5.873446105415937,10.983873646631029,5.366273956847105,13.900815307646337,5.7940144888630485,-26.884994038212465,7.28825067846062,-2.073913270228397,4.867121267161431,-1.1546118602790707,4.501966480142185,5.748683575585247,4.869806669484496,1.7967890719699873,4.577042382303764
3693_20221002_0815,02-10-2022_08h15_HIVE-3693.wav,3693,1.0,LOW,49,98.0,100.0,-434.0297717407477,145.2413141941001,130.37625566031497,25.9770330680549,20.405045235623433,6.622673834321456,16.30149478191341,6.837183880397488,-22.109413122719218,7.601685002929463,14.219448925754662,6.350879264877442,10.119017204500524,6.143289467304807,12.490735982924235,5.938999450002081,-26.281619760145517,7.424853500566613,-3.0743058291006666,5.450078578683889,-1.0316311680879608,4.089810011931392,4.544016602861375,4.644026568870377,2.641362976379327,3.5927731579466577
3693_20221002_0815,02-10-2022_08h15_HIVE-3693.wav,3693,1.0,LOW,50,100.0,102.0,-428.41357402765425,133.70391657418247,129.42803815585953,28.968703897971086,24.068891077628674,7.295305629537128,15.370599113882726,7.003808163467962,-18.272400064725577,8.315980313504465,15.315614717063678,5.713643516994684,13.806399855485365,5.3597437824653404,14.717592101063813,6.195599684061426,-22.669408169052396,7.937139310613086,-2.9867814355378415,5.107884753837995,2.8819646151960585,5.450475598341155,6.044900715925821,4.882418474353947,4.532564835516789,4.255238219089986
3693_20221002_0815,02-10-2022_08h15_HIVE-3693.wav,3693,1.0,LOW,51,102.0,104.0,-438.88272288246884,143.23750900320934,133.36586082674896,24.40369506064579,21.048214389279824,6.49652383286607,13.178904065322135,6.067799898169997,-19.455811310356445,7.333206380538895,15.614806286232119,5.976513805831167,11.085603302157445,5.055656167151032,15.27966153017744,5.155000553064547,-24.897306846556443,8.018582361957744,-0.6679287405902461,5.677599464910664,0.2362322278032009,5.198814038028073,6.069424052354879,4.784975293384867,1.3364379020012307,5.032825799468123
3693_20221002_0815,02-10-2022_08h15_HIVE-3693.wav,3693,1.0,LOW,52,104.0,106.0,-435.4628042661317,143.9474497685147,130.41425236636317,25.59698128052509,24.246416056839866,6.680874743198031,12.939068127213373,6.482695954081929,-19.523074307977566,7.740745358066055,14.986791374001736,5.856018741624996,10.68192839417809,5.001352484198864,14.999115695465767,5.625262012098936,-26.25237008792597,7.783315314139871,-1.749600342291723,5.930767545745345,-0.9861328665992591,4.561799662127567,4.983851104652358,5.069740933673981,0.6719984188931468,4.891513192557056
3693_20221002_0815,02-10-2022_08h15_HIVE-3693.wav,3693,1.0,LOW,53,106.0,108.0,-435.3609675970469,140.05644169320183,130.56845777975403,26.615883057985986,21.205976542076552,8.134479628533366,14.712801037838256,6.416292809144284,-20.106795379147503,8.80945378924584,12.882049740669308,4.5872175007520735,9.73429344235569,4.863217878756843,14.338940158379017,5.914054474479737,-25.230492597545894,7.803648587199794,-1.4881485227875737,5.04838828451957,-0.9123779044554056,4.552570242404428,6.8626724021863925,4.858676437969085,2.311456081543913,4.802014081393802
3693_20221002_0815,02-10-2022_08h15_HIVE-3693.wav,3693,1.0,LOW,54,108.0,110.0,-429.0130352864141,134.6474183417457,127.32823981542427,29.34471038940203,25.42046316775165,7.921383347519099,15.66384804236124,6.964522465183656,-19.137267990053054,8.49191328884318,14.122005519776142,5.7998342151858635,12.157743604306953,6.284355582094087,15.953765911098355,6.392386651208604,-22.723748200962095,8.035564613470697,-2.633248030238008,4.596044359992304,0.672540525313984,4.811406399615243,7.336205674130936,4.430943415726559,4.582003017939633,4.8482375724660365
3693_20221002_0815,02-10-2022_08h15_HIVE-3693.wav,3693,1.0,LOW,55,110.0,112.0,-432.5156280148091,141.18727272972137,126.42881445610901,26.57798765907408,24.6988742642054,6.967448205280652,17.922154639257155,7.167098952517221,-19.138827473160315,7.636508868118723,13.938354447324048,5.889901895237183,13.09173835009519,4.881538899396751,15.535023071922794,5.8158806464066615,-23.588411436299342,7.966247899442658,-2.414211414866692,4.997686596645281,1.3111355745305597,4.309060337558109,6.314494287876057,4.526017807474331,2.1159299175939457,5.299888520416501
3693_20221002_0815,02-10-2022_08h15_HIVE-3693.wav,3693,1.0,LOW,56,112.0,114.0,-435.95843415109823,144.2045083812066,127.87396590566762,24.580173222433093,23.812824474766636,7.575012645804253,17.39699352219794,5.7580059448424015,-20.10008686823186,7.459092699072524,13.69932995697554,5.69112058661072,10.672011691999296,4.788138094816937,17.559823915977248,6.599826275965974,-25.64081312122938,7.438992867762652,-1.8354025078993683,4.752691879553237,0.043859349247961935,4.846155448050085,7.088592353116012,5.052148395260482,3.339267258537931,4.949031197540132
3693_20221002_0815,02-10-2022_08h15_HIVE-3693.wav,3693,1.0,LOW,57,114.0,116.0,-430.5410167660117,137.8675317028751,129.16521653696856,26.84404447681888,27.58638297773017,7.432716274777789,17.971154105375128,6.426835636339962,-16.901273170375188,7.90984268135674,14.762439338713648,5.987053676953182,12.109417217300567,4.6654795063493895,17.62197788311516,6.585679784924695,-23.60162847784871,7.823899598292398,-0.536737794409159,5.641116836113311,1.3128384474409172,4.125176112885661,7.084764755943232,4.506234378015294,3.5482671310543856,3.969351499815857
3693_20221002_0815,02-10-2022_08h15_HIVE-3693.wav,3693,1.0,LOW,58,116.0,118.0,-435.984805275338,145.10941661581904,130.648948079545,25.60650943281178,25.50330653665189,6.667305273539133,15.755229435984429,6.066649636752574,-17.74842614291162,7.5617648931653605,16.669288826101603,6.204248984251525,11.43063486512934,5.566939168501541,18.13816088445727,6.281927174940185,-25.252700328583366,8.62879415245452,-0.0594378840908759,4.151422814538594,0.41613155116117345,4.952596877601539,5.7896552295633334,4.424425504796333,3.7419392818485226,5.1726317857038255
3693_20221002_0815,02-10-2022_08h15_HIVE-3693.wav,3693,1.0,LOW,59,118.0,120.0,-432.01523235562286,137.81590791206582,128.79268470202393,28.359718512887017,28.519459015350538,7.070609806952623,18.667625326477612,6.270801118692751,-15.043076072229773,7.16282001296132,18.017587511269227,6.434847415320384,14.765072287313465,5.072522625015789,20.05095246124178,6.636470662376617,-21.303147830356018,8.669334064760207,0.6952064570037835,4.793524151280102,3.5004153730253322,4.662726600247523,7.173387148593933,4.869225552029179,5.497253875746298,4.084738135934519
3693_20221002_0815,02-10-2022_08h15_HIVE-3693.wav,3693,1.0,LOW,60,120.0,122.0,-431.59308346930055,138.1576213235253,130.73505147371677,27.47581853207498,26.149423711801923,6.3986517031582455,18.391415610078628,7.461035977340786,-15.868015028444555,7.817320562597605,18.090072743378812,5.8053682611729505,12.895748222703984,5.826485583511343,18.882547620244143,6.620158634898154,-22.109937801340422,7.422328380614696,1.4144361483534837,4.81982953129386,2.4059331248876625,4.778350288903332,6.818777654609398,4.668493187967739,5.67088585177106,4.973755772151904
3693_20221002_0815,02-10-2022_08h15_HIVE-3693.wav,3693,1.0,LOW,61,122.0,124.0,-435.8507870626008,144.43197189212387,131.94315992422014,24.922360103568664,24.958372894022506,6.475052490664824,16.83732341025682,6.222038652829127,-19.712824655682656,8.222553891532561,16.706324996912457,5.702496775005827,9.155790993789267,5.095474475985946,17.417454908144357,5.593027752196737,-23.756745666763607,8.170478899097343,1.670393596212597,5.727005103663272,0.8619570306292859,4.630776694373923,7.183092357062865,4.816328085074937,2.8834237087569003,4.464000377531991
3693_20221002_0815,02-10-2022_08h15_HIVE-3693.wav,3693,1.0,LOW,62,124.0,126.0,-434.0019602721661,143.2620376797607,129.3851235618799,26.210455478045873,28.020347426585474,7.528832545150521,17.475353894169928,6.312437892060111,-18.720833188329916,8.258095976013093,17.65432786387049,6.417096696015396,12.408710042652478,5.166375240214304,18.87222953023969,6.3964444909379115,-23.182559700599306,7.515496667120314,0.8627890493072394,4.975711329786854,0.8702360069190747,4.8180513743118425,6.333411141711511,4.73554670734557,3.6208074636040273,4.14993879061293
3693_20221002_0815,02-10-2022_08h15_HIVE-3693.wav,3693,1.0,LOW,63,126.0,128.0,-432.94463663726253,142.4495421205288,131.20425143569767,26.112311589417626,25.302329759373453,7.997998786243633,17.874749632782116,6.363241850602267,-18.766978806827233,7.817865582278767,18.661906911146584,6.378069521134105,11.400835132712572,5.5210599836615515,16.296915251643426,6.70606354426992,-23.910114787663424,6.972540664912323,0.10060194741038571,4.792191295220831,1.009993543742128,5.6417653081604735,5.986899667948794,4.35044225070654,3.328677685366414,4.097024789169186
3693_20221002_0815,02-10-2022_08h15_HIVE-3693.wav,3693,1.0,LOW,64,128.0,130.0,-435.4368158510449,142.53230835594476,130.277522572089,24.85352719510664,25.727515157801953,7.277127301879884,17.59949922999232,6.415004185441665,-20.56368744081196,8.239807466155073,18.287794022961435,7.042566259353019,10.465778114932014,4.455361870214175,16.487300188521708,6.263601370069011,-24.397210462170698,7.652737929481027,1.2398473618653059,4.6659111653884295,0.5504965567655516,4.191804624191316,7.398334504934841,5.0591054115399094,3.5445550483471098,4.446111259262837
3693_20221002_0815,02-10-2022_08h15_HIVE-3693.wav,3693,1.0,LOW,65,130.0,132.0,-429.9274924161993,138.08797218305557,130.2079101971764,26.232279591370922,26.449971345873724,7.139818400716116,16.97300574860164,6.336290869905366,-20.827350043929304,9.387982523852441,19.485203842242946,5.661904057371236,11.19075114704629,5.151549208939038,18.26619460990614,6.943763311554413,-23.89839916429573,7.087975739666809,0.055974659129222,6.385110821239982,1.8890125746234543,3.8902486651308306,7.602504268456036,4.711968142802992,3.520697596697304,4.4539282409595575
3693_20221002_0815,02-10-2022_08h15_HIVE-3693.wav,3693,1.0,LOW,66,132.0,134.0,-429.3790777515979,144.4075937457664,132.77816550830954,25.121941961055324,27.06123604283205,7.406808974577834,18.449401371941143,6.198332154082551,-20.945399984575893,8.617323869079435,17.485968481350795,6.02281800423969,11.817421342308853,4.713122942568339,17.722169894025228,6.833376905057321,-23.00100282722627,8.49997183948277,-0.5309798159560429,3.3682765880344023,0.8136140513425499,3.9978949799000945,7.608862354265537,4.1310460429494515,4.945390663174442,4.594244542475854
3693_20221002_0815,02-10-2022_08h15_HIVE-3693.wav,3693,1.0,LOW,67,134.0,136.0,-426.49674402939587,140.37998722035394,131.74722381686567,26.52424097691754,25.959093458762393,7.395996851707488,17.21325301748121,6.195836182870694,-21.649253125948054,9.796461611141355,17.75347777048692,6.2114811283601306,11.521983118628619,5.597247058986993,18.955635955397405,6.44269204462325,-22.61727282740077,8.100369698601833,-0.2753320244350221,5.391034854617324,1.5535983979753596,5.028281855477065,9.054239198988226,4.328361928058484,3.79365741069792,4.189700634194189
3693_20221002_0815,02-10-2022_08h15_HIVE-3693.wav,3693,1.0,LOW,68,136.0,138.0,-428.226771691189,143.97836751423776,129.58028864956535,24.703026238899643,25.363420875984104,6.956141988025804,19.964505648875285,7.523793486157964,-21.448892799178285,9.311731194514834,15.317883080694413,5.826195217068453,10.998013899410715,5.4967448686026765,18.0001453830196,6.820230679652563,-22.908021569366174,6.840579786659481,-1.2617337540286453,5.001748651307127,0.5507315562245918,4.585120081796764,7.4182145210365675,4.671816431624593,2.776301170288406,4.376665422416825
3693_20221002_0815,02-10-2022_08h15_HIVE-3693.wav,3693,1.0,LOW,69,138.0,140.0,-426.82862261758294,143.12901280150604,131.6939159524715,26.674282696857734,22.394801168423665,6.6202368903987425,18.577175054342568,7.349735773840141,-18.7416583154,7.4094835410210775,13.086442619796458,5.716205707902069,11.11498884999288,4.788844650442088,19.23732842878409,6.600530498644186,-21.78266409534047,6.821834354046974,-1.8601480810021382,4.750713482300278,0.17949555547579554,4.049815253946749,7.6091903013599556,4.627835995456007,3.4455231815297145,4.1046278903786
3693_20221002_0815,02-10-2022_08h15_HIVE-3693.wav,3693,1.0,LOW,70,140.0,142.0,-433.8106826129339,146.02542496452838,131.8919405738711,24.35028625553398,20.43912911390656,7.489214765150195,19.326980857607293,6.315785504154481,-20.766798216432786,8.723189792179591,15.070062068310218,5.380465186358402,10.641513777069703,5.422300605590549,18.38272957048518,6.340824975939369,-23.044152510800412,6.884682364224657,-2.287683321874856,5.123661947159776,0.35590117653141207,4.503612357198532,8.286895203716393,5.35875848371427,2.0279996393326165,4.226688607181757
3693_20221002_0815,02-10-2022_08h15_HIVE-3693.wav,3693,1.0,LOW,71,142.0,144.0,-428.82760192264897,145.09720762274446,132.81215500399838,26.348965243650046,21.795154996962072,7.121334809809962,19.43707201794586,6.157790338192592,-20.05889699037921,8.748324688813414,17.309155470613778,5.980040766371642,11.89030962958586,5.364578122276269,17.86105821105145,6.188720237805033,-22.080453230133113,7.310222132570911,-0.9763639083117741,4.584833573027328,1.312802259395922,4.5812154425019855,8.65563674855164,4.496528952229814,2.942340042801647,4.129308350438563
3693_20221002_0815,02-10-2022_08h15_HIVE-3693.wav,3693,1.0,LOW,72,144.0,146.0,-428.5990048968202,146.2454903655932,133.15107242469372,24.599899438540035,21.454785256087963,6.858459727758029,19.204239675138915,6.0393169995378875,-20.628413302059204,8.104717826304,16.237122926127487,6.643099116982763,11.840190100801971,4.667587090632789,18.40329793457995,6.030628882939357,-23.028931029938416,7.625605381497737,0.31537428112296584,4.217675198034254,1.2539851748646076,4.215543066740259,8.817064803978097,5.121915397458147,3.6104609819541236,5.6704451309581705
3693_20221002_0815,02-10-2022_08h15_HIVE-3693.wav,3693,1.0,LOW,73,146.0,148.0,-423.35705884360357,142.45548586966973,131.24429490434454,26.04626531840179,24.084349678745102,7.301387093879176,20.876606907872564,6.8419952240902,-19.033307017372273,8.164142128908628,18.632160196335057,6.815750847261579,13.837232965998433,4.26221387198798,17.126073064906002,6.0705670643749015,-21.68831992634009,6.912383491757154,0.317281618375395,4.752370585119896,1.897864260963014,5.47576221401006,8.809718059803874,4.809202071881891,3.7022487353439475,5.458202173964066
3693_20221002_0815,02-10-2022_08h15_HIVE-3693.wav,3693,1.0,LOW,74,148.0,150.0,-432.396164380812,146.13370642959066,135.16255312552548,24.21188334702933,20.13694368789622,7.001108645923395,16.166028300948913,5.663162957228414,-19.072142314431932,7.045321236209976,17.85472462462317,5.285784510759849,11.185614432290436,5.883583485879259,16.199912825782217,6.196677447548809,-24.895022379963688,7.052740717277052,-0.8267334769700507,5.243954282247347,1.0091576965172995,4.578172218287058,7.274865502920865,4.069401893262001,2.2790503934305173,5.1336122875684636
3693_20221002_0815,02-10-2022_08h15_HIVE-3693.wav,3693,1.0,LOW,75,150.0,152.0,-433.1040122007019,145.87911801922272,134.68249732096905,25.116605626755895,20.861017309158736,6.58573189090991,19.260485714964254,6.650001511719171,-19.767189482076464,7.818719273467262,17.17853971687337,5.111101009747139,12.494959510404453,4.831860167718179,17.27328444549947,5.690009152545277,-23.49712227982357,6.7113416263705545,-1.122629114061368,4.730441867142732,1.4506818847708012,4.702150629981096,7.750298757155456,4.724839472878938,2.4865867038331833,4.44820952077382
3693_20221002_0815,02-10-2022_08h15_HIVE-3693.wav,3693,1.0,LOW,76,152.0,154.0,-430.0397821493554,139.05650748413004,130.2378093313764,27.10623744661007,22.35190465008113,6.809357966379792,15.68935188743591,5.884362747843152,-19.27404794237299,8.387065593734764,16.10446321742749,5.782627604573234,12.039209465989746,4.417177572517847,17.073600974104437,6.612712649999131,-23.259620943689143,7.461693323783236,-1.0857450930922103,4.797564609417777,1.646931458474861,4.48638370142831,7.193436598965592,4.493399745922412,4.3370294421070215,4.92788535504622
3693_20221002_0815,02-10-2022_08h15_HIVE-3693.wav,3693,1.0,LOW,77,154.0,156.0,-428.5068668891222,143.08742791365947,133.29849674101325,25.867848459305318,22.785010657888535,7.124897233699465,17.95506401384819,5.851724407768639,-18.804229207922255,8.685092008304135,17.93028917875577,6.0342460493469945,11.181780370747722,6.491729555250284,16.81716760176773,6.242907289435142,-23.246555726547367,7.121618397647589,-0.5579613431117175,5.006932987261474,2.026113460720234,4.461473165916495,8.240378538979563,4.471670654307266,2.504851343893767,5.223892923610245
3693_20221002_0815,02-10-2022_08h15_HIVE-3693.wav,3693,1.0,LOW,78,156.0,158.0,-426.22660371893716,146.05135307118704,130.55788772835297,24.33264635038834,20.537154016431337,6.9284340632666,17.21457356075817,6.412029541472299,-19.810590108051983,7.262081790164457,17.33122152641637,6.342150849107334,9.13700204164117,4.427241589295843,17.36924877847793,6.44544986533399,-24.704809769622443,6.502910068330446,-1.481940900763727,4.489491873869923,1.4012132462307672,4.11320914712346,7.0555022381809565,4.093349335341744,2.894253550599562,3.8377909112835233
3693_20221002_0815,02-10-2022_08h15_HIVE-3693.wav,3693,1.0,LOW,79,158.0,160.0,-423.81466461331837,145.22631142384333,125.19738847201509,25.144774099105476,23.96519915010602,7.0773398631222015,14.507097914575555,7.919178102210793,-18.837104081256175,8.044686557698055,16.40611060082705,6.559412807916385,11.774966573416604,4.420116900964068,15.438570573187679,6.358526919523844,-26.462637923666605,8.405674864825865,-1.6238600843967823,4.1854741020186115,0.17624904125460455,5.049598240065498,6.59931881851516,4.599770842515609,0.7180441285932584,5.2875386839428735
3693_20221002_0815,02-10-2022_08h15_HIVE-3693.wav,3693,1.0,LOW,80,160.0,162.0,-429.87132929731285,144.1918880296501,128.9925316928334,25.71131075581205,24.3381338696518,8.532796361119564,15.856223118914512,6.00801116985792,-19.09717808559326,8.038720090188368,16.19504077472119,5.293386268834052,9.968940546102683,6.0484006402423285,17.171714259338827,6.5691094652711435,-25.324750087654735,7.215422614068646,-1.699774065526233,4.868415955271648,1.3815150949707153,4.033756305684185,6.385667092434359,5.128733625016525,3.2503583667389813,4.198063614937056
3693_20221002_0815,02-10-2022_08h15_HIVE-3693.wav,3693,1.0,LOW,81,162.0,164.0,-435.29497167069064,145.84096749934636,131.25325661957427,24.553285324178137,21.324268213181234,6.608914334649939,14.720031199734844,5.904925581804479,-21.239942383475697,7.906412609641935,15.011901726301478,5.5797251007309345,9.57394053752643,5.612413746037455,16.479293125017033,6.598968212500811,-24.954367796593765,7.057346423253439,-0.5008905737659941,5.3370860857711495,-0.14679912725786912,5.074291137525259,6.408136716859039,4.479918119010835,1.7372116081905897,4.832306096942931
3693_20221002_0815,02-10-2022_08h15_HIVE-3693.wav,3693,1.0,LOW,82,164.0,166.0,-431.6715751782833,141.63399911181259,131.8716740851313,25.86289814115785,21.24227545741824,7.835343201252151,18.283458225375288,6.803663176014955,-20.13643766304155,8.299454252961635,13.175003870198848,5.6154168090254775,8.088400348658075,4.7886357834059,17.10420414254314,6.819363433287509,-23.707339257138248,7.633915454297114,-1.903087244001941,4.406170088542785,0.9071022893767469,4.017862993630428,6.621115267759243,5.0072332342281864,3.0981168721678705,4.668608282531668
3693_20221002_0815,02-10-2022_08h15_HIVE-3693.wav,3693,1.0,LOW,83,166.0,168.0,-427.5049498127448,140.62658782220487,130.11069770818833,27.128262994777206,20.108252266642065,7.151940346335247,16.49408612146043,6.3051046697972915,-22.080403510231537,8.232189889872764,12.74576718155311,6.028782753714327,8.216244018646139,5.443619280624007,15.765686975269308,6.324513647234303,-23.692273398518054,7.19850084329114,-2.2714367014086796,4.925239563819197,-0.8931571691650293,4.826896638764242,6.729120848210441,4.7112805233837785,3.842967388251819,5.017571781891297
3693_20221002_0815,02-10-2022_08h15_HIVE-3693.wav,3693,1.0,LOW,84,168.0,170.0,-430.5411121291433,144.09462290412668,130.78633284250952,25.840186479669253,21.071750949779698,6.600131479770684,17.069724632075683,6.9340815533338755,-20.311723796334835,7.904304900830548,14.090460812725826,5.548967829105678,7.632584108666276,5.163550338582816,15.356480569670762,6.31253512086593,-25.15616787943472,7.130530963571105,-3.668721790965901,4.735800218376197,0.52292682500301,4.047059207092028,8.419694208043252,4.508290312567419,3.77362396147131,4.690340611831273
3693_20221002_0815,02-10-2022_08h15_HIVE-3693.wav,3693,1.0,LOW,85,170.0,172.0,-430.2088443269335,146.76245879583806,129.20850892867767,23.612379057320982,20.029338979643704,6.811009108006687,17.140743313586082,6.277345775327821,-20.896228062261844,8.45950802066959,15.512084259594754,6.042714560916654,7.923855898464362,4.972108256778707,17.0431894131062,6.745517353789897,-24.202369587027466,7.463785809895636,-2.879200229003199,4.220004808493414,0.9372425318566149,3.8538184040200854,8.907181017453713,4.906359119102594,3.3181200403702698,4.0710834820726784
3693_20221002_0815,02-10-2022_08h15_HIVE-3693.wav,3693,1.0,LOW,86,172.0,174.0,-432.8719759382394,149.5463243523792,129.75751126188644,23.390200616788963,20.477886481337276,6.618430834230131,16.685670365469857,6.645270049825221,-23.462983691855957,7.964834234930043,15.462200431971937,5.6659911814683115,9.434600759043935,4.552561313303266,17.091872242093945,5.878065684271358,-24.7372628565401,7.348588581408888,-1.81830478429802,4.985304369567804,0.8376108179827686,4.771537885812823,8.075127126883054,4.573124439670596,2.3551258806941977,4.319265057713514
3693_20221002_0815,02-10-2022_08h15_HIVE-3693.wav,3693,1.0,LOW,87,174.0,176.0,-430.6138536107178,140.4925045128734,130.07746711712028,25.843551244142805,20.922199818124362,7.193006747438876,13.801204544152004,6.371634005760044,-21.415894075491757,7.908898157948067,14.741740911929881,4.862445005329074,9.222220135823212,5.067837055519374,17.42149915380615,5.585053173416857,-23.51861689675094,6.491315142788374,-2.4946658400503767,4.8079445824753835,1.2091904574164567,4.703630158869512,7.653264880208203,4.771104370976657,3.14737815155353,3.9183892200793675
3693_20221002_0815,02-10-2022_08h15_HIVE-3693.wav,3693,1.0,LOW,88,176.0,178.0,-430.764813030269,146.06344553095883,132.03675803235282,23.91014821088582,20.512139373462816,7.16823625274539,14.997163269262842,5.601901863071694,-23.08730841876708,8.29890198550359,15.003048214532358,5.091746553959501,9.538369184962198,5.244919978942047,18.07762568774468,5.958458494134036,-23.778616750275795,7.041250141417696,-1.6228118674021481,4.910879606189868,1.073424662728,5.283468900364,7.74697953627814,4.939876609515085,2.097458513132336,4.753762732514872
3693_20221002_0815,02-10-2022_08h15_HIVE-3693.wav,3693,1.0,LOW,89,178.0,180.0,-419.69842712342813,142.82460864197128,128.0697392881771,27.05430248111336,23.960357306535638,8.410248656133106,11.519945994694151,8.220504981810151,-19.105570484013636,8.660983267146797,15.32789155777893,7.31068955842211,10.572307426888914,6.2894628099204715,16.57403164569798,6.163010674676461,-24.228998086260656,8.011252025003802,-1.5148181527592344,5.739658593729494,2.3253628890472147,4.725957039330396,8.289588190581135,6.224903761690614,3.8359039908575383,4.987262856446171
3693_20221002_0815,02-10-2022_08h15_HIVE-3693.wav,3693,1.0,LOW,90,180.0,182.0,-428.02773811202167,144.76872477367843,131.31217380451398,25.607585165779106,21.587163749016685,7.61748709755473,16.11855708409823,5.611181805332522,-22.81938412444259,7.573321413452612,15.371059289509272,5.715117820512551,9.409986226255999,4.404421572835924,16.514239342854616,6.592491746487872,-23.423332928878885,6.492481498135303,-1.2459361275191314,5.266673520876964,2.2050602734813274,3.7631536700909147,6.904815544578328,4.805121671947126,4.625054197646841,4.518577969482888
3693_20221002_0815,02-10-2022_08h15_HIVE-3693.wav,3693,1.0,LOW,91,182.0,184.0,-429.14146194428656,145.2328886808864,127.98043660845399,24.383919767584413,23.983398031058847,6.512461546373803,15.70324868820073,6.691827466568144,-22.53544163843214,7.939072503081043,15.501296034828256,6.3261653627087675,9.764665414470999,5.66347606513529,17.885913786813035,6.787393433652538,-23.825375720452765,7.675757790299469,-1.2638980451636703,4.4524374378272435,1.4449733955549358,4.305044550705786,7.378468584121551,4.3617282841275,3.001281640519646,4.289118438911544
3693_20221002_0815,02-10-2022_08h15_HIVE-3693.wav,3693,1.0,LOW,92,184.0,186.0,-422.29234531027794,136.39280793920796,128.3563096303518,27.788053176926272,23.985937176592376,7.695803653905896,16.825037866185234,6.080516120932595,-21.399191150576428,8.979973069887635,14.31723288738349,6.234266085640653,11.241967982461116,4.637846762753691,16.651192159449266,6.191422299858754,-21.89043830705868,7.95215520497606,-2.4922246339238128,4.583493956759522,2.684440386088185,4.942444364715972,7.6636892838509745,5.15170310381708,5.3981688692610845,4.278083221324246
3693_20221002_0815,02-10-2022_08h15_HIVE-3693.wav,3693,1.0,LOW,93,186.0,188.0,-427.7084478514187,141.4524277520736,130.74744388984337,26.06348781964917,24.134050232328594,6.651496432985779,15.648405326104333,5.816678824590702,-21.297715379689866,8.37190816338669,14.783018857558204,5.4976463286392585,10.15826717032672,5.082078515757231,16.102277348965902,5.91644407860465,-25.793930551918816,8.627057223636871,-2.090213068572655,4.723497528747675,1.155430488722621,4.665605125239303,8.09307209031212,4.836220513388018,3.1967158345266986,4.553699115367057
3693_20221002_0815,02-10-2022_08h15_HIVE-3693.wav,3693,1.0,LOW,94,188.0,190.0,-430.40920855341477,143.28711549463128,131.68521613460803,25.043863925373568,23.302913338908738,7.107762364830775,16.90666182333542,5.9034930578911995,-21.938654252284515,8.55058679587716,13.206786856530016,5.819768812076781,9.472656470277556,4.97855786265778,16.10764513353051,6.108941608603284,-25.64245022515138,7.564098430846327,-3.3892755025266252,5.436571519178601,-1.008949180916579,4.46345402158474,6.33853455290429,4.557730020820158,1.9863112433594357,4.3156103304338815
3693_20221002_0815,02-10-2022_08h15_HIVE-3693.wav,3693,1.0,LOW,95,190.0,192.0,-430.2893111439035,142.61942115689882,128.13891917437613,24.520254157552603,21.76080455042947,7.148400742817164,14.987271787377855,6.3801111168439455,-21.39380011861181,8.087067021365506,14.097424358925897,6.429867001969195,8.90659880172705,5.656380377492597,15.699872897277844,6.4955236252339335,-24.901358672273336,6.78070482090724,-2.9101725559591918,6.231621490110971,-0.4820561161594767,5.0544581951746475,9.054521037060361,5.272629304366288,2.473165651944295,4.333312305417052
3693_20221002_0815,02-10-2022_08h15_HIVE-3693.wav,3693,1.0,LOW,96,192.0,194.0,-431.0339025873442,147.38043513736076,132.9580042859305,23.63537878429113,20.74426766122927,6.963174720900336,17.511457122512223,7.035244614315545,-22.32901747845932,7.7825656779568755,14.737387923098447,5.499087358473576,7.5065486116862,4.8982861658309576,15.800634972166284,5.756932255568203,-25.34162308331702,7.440592604931554,-2.083394546816294,5.211905136254661,-0.6565693013172512,4.124082954371896,8.32050010707834,4.843388320087607,1.430425131276477,4.6701255528096945
3693_20221002_0815,02-10-2022_08h15_HIVE-3693.wav,3693,1.0,LOW,97,194.0,196.0,-428.72727342336873,141.98022543222882,130.5986768333271,25.497058008122053,22.91276095034379,7.609862380461078,17.225746193541248,6.922633202564125,-20.107944197348388,7.87495342152322,15.096030644641669,5.133204219744106,9.669498139782448,5.351849632496514,15.657473493647759,5.941641598783687,-24.503849696200934,6.814202629112485,-2.600166046009016,5.096482571679538,-0.456929258158502,4.5318072096700535,7.782828636466861,5.062851697095758,1.9512754700165562,4.438239469303634
3693_20221002_0815,02-10-2022_08h15_HIVE-3693.wav,3693,1.0,LOW,98,196.0,198.0,-429.8534727358008,143.2787247188269,128.74813280417823,25.096633332331894,21.725757863276975,6.700536575664647,17.44028732020512,6.804286047372612,-21.52812902554282,7.637523210153542,15.233373833854085,5.72770365345254,9.763186976895769,4.781321275486916,17.59893417861208,7.062472933734533,-23.6027213643013,6.525566736468739,-1.6253781536449334,4.672687578396664,1.0072538113257978,4.595994971528448,7.593488787478253,4.827974041770499,3.9982397718082585,4.7116312096705135
3693_20221002_0815,02-10-2022_08h15_HIVE-3693.wav,3693,1.0,LOW,99,198.0,200.0,-436.0580436330299,140.85830369000467,128.56742050561098,26.053566085269928,24.163534537202125,7.355875624317309,14.465824685546885,6.011598281990167,-21.0107493735198,7.860929286717837,14.31617880036875,4.728539943022154,9.421972579251845,5.085593536964868,16.881093056276562,6.055613668380102,-23.48792531768848,7.167679226787037,-2.1076512567104735,5.2293799073794816,0.6065248407671655,4.935036474325924,7.387659948482936,4.694826980448426,4.099045569096686,5.014821837184855
3693_20221002_0815,02-10-2022_08h15_HIVE-3693.wav,3693,1.0,LOW,100,200.0,202.0,-431.3101822834564,142.92714114942123,127.61925817605965,26.037622497322683,23.525549258536852,7.4724891451934505,14.231588211676316,5.275256965758474,-20.870565560528043,8.153380951949766,15.61408003358978,5.750934551594391,10.867348756340206,5.367442621580075,18.280670140311337,7.357299025635184,-24.987114465301858,7.455954623262404,-3.4494221523485757,5.407543238278147,-0.028435625264205754,5.601525418402438,8.033502803412762,4.835954915317854,3.6898486847670804,4.2424086285623765
3693_20221002_0815,02-10-2022_08h15_HIVE-3693.wav,3693,1.0,LOW,101,202.0,204.0,-433.2093580387586,142.91014666611747,127.73411191034393,25.125041282806635,23.37968675475658,6.650059645033943,15.473289784673998,5.822718792178924,-22.26132391070532,8.416557963041983,14.308990759582054,5.07994820112373,9.955106466884455,5.564031294899481,16.624941469358145,6.624199639569819,-24.128649565889816,7.3399196717940915,-0.2635775388069979,4.196318330475787,0.21280197228365597,5.070673873023006,6.7537515068197544,4.678609878650437,2.566707403436067,4.658489085202718
3693_20221002_0815,02-10-2022_08h15_HIVE-3693.wav,3693,1.0,LOW,102,204.0,206.0,-430.91028217567407,143.7445433441234,127.85625380297637,24.319077938915854,24.773499251618492,7.5668762157944975,15.960312139914059,6.89987849931186,-22.590782990616738,8.038994842170753,13.10276007559697,5.307123306696206,8.147656910462723,4.554405326925749,14.838338133675771,6.375381932600116,-24.67234965898431,7.76888947785669,-0.9316121571991378,4.604909450718665,-0.8293573008272682,3.9685732591287435,6.412288361614691,4.477708213961245,2.890482480476211,3.779174075761564
3693_20221002_0815,02-10-2022_08h15_HIVE-3693.wav,3693,1.0,LOW,103,206.0,208.0,-428.1847747275553,143.2351312432912,126.76059416940464,24.48756485963105,25.681264500350128,7.843611310245217,15.240305115459362,6.526130433160339,-20.268159335385537,7.44727388415618,13.98137222309703,6.574514064783777,9.908769353641066,5.430741342555609,15.490397064023002,5.994340899207988,-26.642958741162253,8.0825652923958,0.1324251851675786,5.253585590394037,-2.5354335966278736,3.850338551132755,8.128445906059957,4.998338837928012,3.076844261746761,4.441202183284158
3693_20221002_0815,02-10-2022_08h15_HIVE-3693.wav,3693,1.0,LOW,104,208.0,210.0,-432.700912415365,144.9855107460448,129.46436728610485,24.997966693551152,26.83889217537177,6.693439688166796,15.568325579232983,5.690742468609214,-20.958121314424048,7.626765231776737,14.720883144930637,6.1864915662532285,8.064728379303213,4.364742239385621,15.201430556171003,6.550351925217075,-27.830281831160963,7.771821623828943,0.1831327331873205,5.219668594060807,-2.5051054138819304,4.076837311831718,6.808281575658344,5.144558114386053,1.3425149255489661,4.071671566117442
3693_20221002_0815,02-10-2022_08h15_HIVE-3693.wav,3693,1.0,LOW,105,210.0,212.0,-430.3742073225442,144.14416382113498,128.0587467807813,23.682470752138123,28.363588332562948,7.134131934732252,15.444785161898727,6.021577075926078,-19.674371038779782,8.156666259272061,15.975665436973168,5.87054179447228,8.215323060729409,5.5251504893672045,15.464265118197702,6.3122837244404675,-28.961552527152673,7.83411612196731,-0.29279167614980084,4.973652453288258,-1.840490267273893,5.05090242635267,8.009203101401745,4.920169714656859,0.6644140323118922,4.7274169735186655
3693_20221002_0815,02-10-2022_08h15_HIVE-3693.wav,3693,1.0,LOW,106,212.0,214.0,-430.3344051808479,143.81850943079522,134.07340870388103,26.692432544979514,29.850112094742187,6.96680112181866,14.95025690753761,6.0935270957610745,-19.697527614807974,7.138723543079603,14.457064558827915,5.589572751766464,8.162243760129845,4.417740611259318,14.905401432529413,6.364800010078819,-27.75412636762492,8.299177501721287,-2.325465033769988,4.369967450782561,-2.542779000592441,4.831283029788301,5.639911888998062,4.545945583489112,1.2749523467511443,4.628132919268881
3693_20221002_0815,02-10-2022_08h15_HIVE-3693.wav,3693,1.0,LOW,107,214.0,216.0,-434.24391152424937,143.68023686961973,134.3175411117017,24.36566850639354,29.387418957289412,7.261389238255717,12.888988546695803,5.10079836225312,-17.76596792019981,6.960467076500345,15.713189254273438,5.586114586498457,10.591862986262713,4.838853862908833,16.534184990795772,6.503597426341431,-27.147985327310312,7.710878010440729,-0.6084932310783607,5.16522260298036,-3.3897738595363567,4.648712757309979,5.690839836521209,4.820263087944322,-0.30146563735714504,4.010377662688162
3693_20221002_0815,02-10-2022_08h15_HIVE-3693.wav,3693,1.0,LOW,108,216.0,218.0,-424.58607759768313,143.28636191898272,132.07203342867095,25.053155097902476,29.54571451131038,7.388798186148033,15.271296316262264,6.475306692412107,-19.188814724782286,8.004150976909141,17.208750160522104,5.884686350791763,11.412399204921657,5.287712455672083,15.536459982216424,6.013295253029395,-27.49572243437852,8.732243015768953,-0.48513772641027353,4.8400240566494155,-1.4949824001412235,4.586848090605626,6.827160480241119,5.112834530392837,1.6764051531108786,4.616894909400192
3693_20221002_0815,02-10-2022_08h15_HIVE-3693.wav,3693,1.0,LOW,109,218.0,220.0,-423.9447737183061,137.8052985905338,130.29761908935942,27.135032406176926,30.530604242963047,7.767652085312063,14.044844499630017,6.66968439035514,-18.110475834237867,7.729145991290885,16.087195399914673,6.212577885669275,11.349376876286435,5.370834498546267,15.382072209514403,7.0439479452764715,-25.76036054148026,7.263727512736118,-0.670016077368778,5.308998071993367,-2.867321484393195,4.880512429730004,6.001071343619535,4.634003556443943,1.3043202443682302,4.286770856707861
3693_20221002_0815,02-10-2022_08h15_HIVE-3693.wav,3693,1.0,LOW,110,220.0,222.0,-421.5508828672104,143.1947202033081,134.11090905829943,26.05915085810486,33.84461351465514,7.990031110656808,17.30697540965226,7.043841507799696,-18.992022328180127,8.762065449205512,16.472253961686967,5.660991825149318,11.665055031396031,5.663538367265341,15.416604215173194,6.8409176324843814,-25.29784892296728,8.393161181200078,0.9248390061331723,5.780734947692643,-2.1836107806772533,5.309669375612526,8.684458162448252,5.26808253406038,1.291444952870073,4.476433201745262
3693_20221002_0815,02-10-2022_08h15_HIVE-3693.wav,3693,1.0,LOW,111,222.0,224.0,-425.09852942823375,135.4052276267041,136.04989337509664,28.593373305348617,31.96509295911911,7.609930729725733,15.868326773454578,5.603812306494411,-17.628352986552134,8.464920856931045,15.727111538786875,6.009894015358508,10.711736291874825,5.376637412766574,14.653539585666557,6.570317810828114,-25.939774282777854,8.174348706442325,-1.3129082921085906,5.293616672553943,0.42498796014612167,4.124622107930884,7.326192401304143,5.120163203139163,2.785701398607697,3.730140559365924
3693_20221002_0815,02-10-2022_08h15_HIVE-3693.wav,3693,1.0,LOW,112,224.0,226.0,-419.55578911430047,133.9809604179051,137.38982785550613,29.26741025350572,35.51888101950269,7.51238383138997,18.67121654153783,6.595054709336161,-17.78863065369734,8.520259896594592,15.2699729964389,6.421841708501462,10.429079998747262,5.9107403726180845,14.56689172002718,6.399877204729824,-26.04579019640993,9.097571835472634,-0.5157870882194275,4.584598841792746,0.5323813364810902,5.034015320113966,8.357079522509425,4.511450798621828,3.914685947266061,4.361584108217895
3693_20221002_0815,02-10-2022_08h15_HIVE-3693.wav,3693,1.0,LOW,113,226.0,228.0,-419.59907202250776,136.57516394810125,138.0247032394536,28.215788856854964,33.84997714002466,8.009657931491496,19.8645477005393,6.384958579108995,-15.91157882099464,8.464628525106269,18.856554991045464,6.409792275187753,12.0081850370888,4.914513884118247,15.860228402231229,5.261990771676736,-24.51456033611754,8.325697463846494,-1.5025298918328227,5.029586339703561,1.3938795008574727,4.746592013309808,7.830010631273395,4.43598597636409,3.540388375148953,4.416748326083514
3693_20221002_0815,02-10-2022_08h15_HIVE-3693.wav,3693,1.0,LOW,114,228.0,230.0,-422.30960327920764,134.6071104535326,131.03171338339342,29.4655289988524,30.707221078703974,8.804208303672839,18.017594627567718,6.6277243418467355,-18.009656851050202,10.04970053240427,17.68052010803857,6.068234076564638,11.083687801463514,6.006008357226776,16.42538276806498,6.561149482678897,-21.999707940462393,7.952580269073626,-1.5680730301680343,4.899633609155662,2.611240333965012,5.01463834939958,8.222514549918737,4.311705047682684,3.990187491311675,5.178240310793814
3693_20221002_0815,02-10-2022_08h15_HIVE-3693.wav,3693,1.0,LOW,115,230.0,232.0,-424.0787673269961,135.11422209560095,131.40345271940143,29.003684977150776,30.826052503396117,7.983448333360291,17.160463766607997,7.907241632503016,-17.244899666553692,8.736588488842912,16.927478105579848,7.550866091180739,11.51299382083202,5.741618326063186,17.114902793988474,6.605897139113241,-23.900452280607137,8.527909304230386,-0.8162034143007947,4.968736053095657,2.1650835756281857,4.686067012848812,7.604464731391484,4.8256188360756385,3.8780039082866855,4.980557951423772
3693_20221002_0815,02-10-2022_08h15_HIVE-3693.wav,3693,1.0,LOW,116,232.0,234.0,-424.786546007222,133.5798303051191,128.42244108816303,26.814148666638445,30.286098674374042,8.171949263059386,15.167540485027649,5.199953306447296,-17.995506639813936,7.773704339850201,15.480518864510154,6.035789205627176,10.40465208611915,5.4312778837904245,15.799215397088025,6.687779167401165,-24.26077030183021,8.319463013227137,-0.9492200180384348,6.526848026745749,-0.1628369370640423,5.194035131023696,6.729419302328968,4.665458742733416,0.9113497066150674,5.159434499205362
3693_20221002_0815,02-10-2022_08h15_HIVE-3693.wav,3693,1.0,LOW,117,234.0,236.0,-427.11203594184565,135.1223043875522,130.2062268985196,27.555063999959913,29.60744355334397,7.5321781758647575,15.974554424471686,6.395967718718754,-17.74441600454472,7.860981732091122,16.107411642247104,5.627295836896986,11.472986606448213,5.527646480057208,16.240069260584615,6.524858112367389,-25.087369665647685,7.751931111741521,-2.4549127318765005,6.0861897728083525,-0.4245408526253098,4.62131754272589,6.356801912904448,5.259752776732256,2.3353756095487745,3.8416642421692897
3693_20221002_0815,02-10-2022_08h15_HIVE-3693.wav,3693,1.0,LOW,118,236.0,238.0,-430.30911519394226,139.37162532699492,132.44344989649602,25.398692781941563,26.738674797552097,6.970396284458795,16.02241156430352,5.088334428129174,-18.59042302715572,7.865012102057563,15.014920129555478,5.038007314100575,8.530880809657765,4.794902801381434,16.011580433566586,6.481409545720474,-25.392558303660834,7.412474192038921,0.11054228135423669,4.824648826062225,-1.0511522792847723,4.743812083180278,7.061658020264632,4.72303066884381,1.5797029802476903,4.022323989312509
3693_20221002_0815,02-10-2022_08h15_HIVE-3693.wav,3693,1.0,LOW,119,238.0,240.0,-428.4597255032028,142.39591649593945,130.8509919081423,26.504396743006584,26.375356621607338,7.372361624229258,15.058325798004837,6.693836857913773,-18.54655692189839,6.9467715559688505,15.069411926050636,6.014881735735754,10.559870993238675,4.9298552673505345,17.046159021718005,6.950513294056092,-26.17519850334438,8.163693778411334,-1.0560393292809918,4.499753673998872,-1.1275360954813813,4.588783426285248,8.632876914509689,4.9306203743628165,1.5971435691450337,4.104408722313686
3693_20221002_0815,02-10-2022_08h15_HIVE-3693.wav,3693,1.0,LOW,120,240.0,242.0,-426.293455999272,138.44779796352051,127.96407711541883,27.32625962143585,28.715680572164597,7.234061308680473,14.751670828844556,5.640879729498031,-18.373666157202152,8.016969984497278,13.939529092701425,5.880440818018584,10.671584952827903,6.403221335267044,17.350388589033134,7.051704214709035,-26.276019233249922,8.229045939884386,-0.15861968991084868,4.903628305059592,-1.2081122421518906,4.117056992925272,8.719374847893691,4.576141388637162,1.359275106780893,4.141643217585386
3693_20221002_0815,02-10-2022_08h15_HIVE-3693.wav,3693,1.0,LOW,121,242.0,244.0,-422.1077928733809,143.24318613198758,127.5767897821096,24.4733752422559,26.051575018382145,6.586240058216742,14.615071277719872,6.568286060582709,-20.592007507869802,8.045864670606871,14.621036358770542,5.903400341018696,8.841261330812845,4.967533947507701,17.09898595046968,7.511709033215976,-28.854290536581573,7.670268175528583,1.0031793867879895,5.402686406346513,-1.5382106277155707,4.75489010702869,7.596650970333123,5.384898606975324,2.2514026476633124,3.670744986039391
3693_20221002_0815,02-10-2022_08h15_HIVE-3693.wav,3693,1.0,LOW,122,244.0,246.0,-422.9285704920219,134.53043923052556,130.00554834055342,28.31774988531961,27.33882802776803,7.5465503943196905,12.993298298698718,7.973213863622135,-15.799131040748998,7.270056264609369,14.407445353160245,6.299304514385231,11.180165867924092,5.037042596886424,15.340593692716674,6.657001648492731,-27.687385588184863,8.075456569960975,-2.7077258567367544,5.26367112950856,-2.0662370852669545,5.234804251840746,7.751776619265192,5.498337658026915,1.186815655804914,4.524896600384729
3693_20221002_0815,02-10-2022_08h15_HIVE-3693.wav,3693,1.0,LOW,123,246.0,248.0,-421.2864846135728,141.6621763101854,131.16441574920967,26.90543788993804,26.92703725373926,7.673421343022976,12.728287092912066,5.80536091999699,-20.802859409260076,8.873781182918934,15.155963622712408,5.19096040980258,8.814008411697582,6.03196734849905,16.060333251957754,6.384102755938952,-25.91722716023454,8.304426263749928,-1.2911421699361272,5.137333864746035,-1.4529897021367335,4.798449288940108,7.8009839842723485,4.840821606579166,1.5810160584791872,4.4077465612277456
3693_20221002_0815,02-10-2022_08h15_HIVE-3693.wav,3693,1.0,LOW,124,248.0,250.0,-421.7282164680048,146.33269363129966,129.07115915232146,23.782084535560294,25.5321825284027,6.943855594961141,16.532526472904674,8.10159880712446,-21.849157825717867,8.269099924831414,16.589262447013436,6.252573103457375,12.302445981932651,5.054243661639358,15.061113455379708,6.186261797620535,-26.97169516850961,8.539176624566426,-1.1842782772618858,4.916276248701737,-0.9638607954761736,4.687612032055613,9.425831329754347,5.52944624949563,2.3758180644630102,4.504762959509574
3693_20221002_0815,02-10-2022_08h15_HIVE-3693.wav,3693,1.0,LOW,125,250.0,252.0,-423.10744879612577,141.17392395623838,131.73109410170505,26.566520335018147,27.465266017576734,7.152158366477321,12.47651215690456,6.615747106196154,-19.66058291754142,7.185176006213609,15.546463384051831,6.7083392293345145,9.260544322715889,5.402724852229371,15.334204941826107,6.337230942719921,-26.420529363133692,7.433378824320696,-1.8026856452564683,5.651701419108394,-1.0337928114870512,5.209336435744011,7.164844627081203,4.958932610510406,0.8732342394758552,4.485951672355042
3693_20221002_0815,02-10-2022_08h15_HIVE-3693.wav,3693,1.0,LOW,126,252.0,254.0,-425.8341484025547,144.55098119777466,128.65583359074665,23.802743764246735,26.135533798069616,7.3671894546334356,12.766342047067596,5.326669525795101,-22.31562962788508,8.743199971030899,16.701831033223623,5.216989469906696,10.557487279731681,5.158607021428635,15.81861183045884,6.266919448119078,-26.22898555602921,7.71093448832541,-2.3905114781118204,5.587417915998081,-2.721954268650273,3.9772293215283283,8.351785500628367,4.567337753681273,2.12603186976993,5.134129330440598
3693_20221002_0815,02-10-2022_08h15_HIVE-3693.wav,3693,1.0,LOW,127,254.0,256.0,-422.8856553765523,144.4947129137007,128.38647407187867,23.969179156239893,27.219088715498657,6.924488698112716,15.416805948358556,8.342441927695898,-23.288719891850935,9.098843866907321,18.234826666425548,6.046413931901075,11.434264599345587,4.915802990160771,14.182397967966814,6.353485794468139,-26.86201909630824,7.383131239011827,0.3314318768291951,5.932397363819236,-1.858741998655723,4.066230221239312,8.71288754081011,5.345287096633136,1.232388852839171,5.057166456772056
3693_20221002_0815,02-10-2022_08h15_HIVE-3693.wav,3693,1.0,LOW,128,256.0,258.0,-425.002071807004,138.93211674514896,126.07617204898291,25.836774549181342,29.016927849231518,7.061687023603642,13.820712660694179,5.400617133902621,-20.403592625866207,8.177507382766377,16.568535309928645,6.27525484121089,9.49546261724463,5.544405098707169,14.518210765349126,6.303751590095939,-27.11803114333997,8.846449996365584,-0.2771190439226814,5.062509945086936,0.4870693445438138,4.796773090420215,7.68055923992207,5.254959996673549,0.1565136183697184,4.367944603617567
3693_20221002_0815,02-10-2022_08h15_HIVE-3693.wav,3693,1.0,LOW,129,258.0,260.0,-425.6752078337149,146.0909387104814,127.65267754003074,24.184594815788024,32.727209664529425,8.133173492090744,13.584598321757205,5.787506301617042,-21.107079202087952,7.842453298530234,16.229236849936278,5.7515936153783755,10.606384620490012,4.622342386880859,16.476738893097025,6.813138142325536,-26.059197765942724,8.21769630420078,1.3585268956158925,4.384993338937068,-0.09306469923137484,5.327437328252293,8.185532322900906,4.275158029904451,0.4616571228441564,4.3288552469759205
3693_20221002_0815,02-10-2022_08h15_HIVE-3693.wav,3693,1.0,LOW,130,260.0,262.0,-423.0968719684715,145.25118008722959,125.99613909123941,24.180254694092508,31.629455358266757,6.951281746694822,12.097744333873706,7.004630886916657,-20.394336282006208,8.407773176399147,16.58039808283706,6.145904879387705,9.197608168580903,5.538085528916021,15.76693332181528,6.051167277483609,-28.03856902698311,7.912704719754618,0.4889748015065433,5.659186774989223,-2.4314610525896976,5.418963795151586,7.663213143518542,4.574682173754258,-0.10115167797482295,5.11695135662674
3693_20221002_0815,02-10-2022_08h15_HIVE-3693.wav,3693,1.0,LOW,131,262.0,264.0,-427.683724877104,145.0569940479245,129.8908762791203,22.083473502446513,27.722071562129777,6.789432115678046,12.980407438868767,5.097254844885369,-21.080110797834003,7.510100382072005,16.919386595681477,5.942742923737994,8.506535321587092,5.06683950472286,15.57238697640376,6.407713328326194,-29.499231093342623,8.195591107323658,0.6631967568091247,5.036948438985776,-2.014819271593391,5.030093881102429,7.774673832371787,4.816384323321903,-0.13398672883202642,4.9830360160102485
3693_20221002_0815,02-10-2022_08h15_HIVE-3693.wav,3693,1.0,LOW,132,264.0,266.0,-426.9324671097357,144.39521345758885,127.52212435389205,25.091844853668793,28.201516757436263,7.385792354139399,13.58669277603136,6.639539529692077,-19.705212023737158,8.91607589766626,15.90851303569734,5.723371215684121,8.840370416497763,5.929625508737034,13.412414347415837,5.6916914919794195,-29.87065730596865,9.361031874673003,2.6575765239487343,5.663838925338969,-1.4312615020989017,4.167675845365904,7.202682975899975,5.91726379737946,0.719377222025718,4.724441045456916
3693_20221002_0815,02-10-2022_08h15_HIVE-3693.wav,3693,1.0,LOW,133,266.0,268.0,-427.05741395454686,148.72951889290502,124.0648116824929,23.172400605616343,30.842895040558375,7.6173634234833365,14.39882806179976,5.8417224868565505,-19.790078632574662,7.640386352434937,17.67598963250749,6.229120750556875,10.932290680823735,5.843137109487246,15.332613814067795,7.375164694589707,-29.455080079492088,7.154569176952902,0.4991059040736093,5.756174746922601,-2.023483486363953,4.427595151395719,7.855971508182763,4.993125068069804,-0.6299714831309341,4.942614836838098
3693_20221002_0815,02-10-2022_08h15_HIVE-3693.wav,3693,1.0,LOW,134,268.0,270.0,-428.12887144766614,142.20624019503325,126.13168410676383,24.768574527948946,29.26730251805989,6.657324123019247,11.815077159156887,5.760697662402165,-17.702790323281725,6.716355208312861,18.211385255528544,6.7086936258709375,11.588855204114592,4.7959587813345745,16.112813823771862,6.829657997674357,-29.325827773549697,8.707151180066637,-0.9792556062744469,5.655381997567182,-1.9028292972757073,4.9157004965138675,8.903941882322393,5.310023842451202,-0.43032804726404716,5.244644813114945
3693_20221002_0815,02-10-2022_08h15_HIVE-3693.wav,3693,1.0,LOW,135,270.0,272.0,-422.6238085308714,146.24964587714078,126.44366285573957,24.019298310178968,28.14585471552433,6.923499026189166,13.907349776144889,5.743038796818246,-21.05239093387637,8.421811091320413,18.403635868979183,6.002031381365928,11.305502321939557,5.52603305581504,15.19098336053829,6.289966519068251,-29.192780263764845,7.570142825503664,-2.428300801564609,5.762039269739982,-2.9750014776220417,4.460799142114039,8.230055259077579,5.375645812675767,-0.6711061005728987,4.409184417760798
3693_20221002_0815,02-10-2022_08h15_HIVE-3693.wav,3693,1.0,LOW,136,272.0,274.0,-427.0774845831438,138.2008912935884,126.54535437244063,25.52057980897909,30.197327654977506,7.403360199491013,11.58665210759751,5.411679492024035,-19.87417515260408,8.582703964695456,16.03724631551691,5.968389520858457,12.846246355596596,5.868041108288819,14.268423048422353,6.637336707826592,-29.56533896221419,8.816805938190829,0.5594926097982055,5.021747513646286,-1.9038314731507977,3.6396644632289474,10.044199732671853,5.1275335582210495,0.06636978742511614,4.552320719037673
3693_20221002_0815,02-10-2022_08h15_HIVE-3693.wav,3693,1.0,LOW,137,274.0,276.0,-431.32288052069674,146.36514991858812,126.30178477742788,24.145282990599977,28.652600324435742,6.666265437792888,10.359302174357621,5.266570543663721,-19.809613990197224,7.397435407266505,16.899676510989174,5.934695990878057,10.82231029198098,5.763262081348465,14.511596775879308,6.2658460675759,-30.32889196197026,7.774362693424234,1.0178950983375414,5.994868468846255,-3.357640719282232,4.959284872162099,9.280805359526536,5.284524491802062,-0.9621926128803997,4.8742189719889275
3693_20221002_0815,02-10-2022_08h15_HIVE-3693.wav,3693,1.0,LOW,138,276.0,278.0,-433.98672541493096,146.68167158484317,125.94930463222046,23.215387394472636,29.404408757709696,6.423253841465842,11.444926233794254,4.886265290968434,-19.345001118223724,7.018683666565043,17.451508562924463,6.208334811712042,10.579545840580401,5.263446426948161,15.510554270951925,6.225767670902511,-29.522221858029642,7.196371466301165,1.7240932970735514,5.825891112512216,-2.6105400541735935,4.572286781271234,7.279586021159776,4.618925125251563,-1.0427664865159727,4.287927291600058
3693_20221002_0815,02-10-2022_08h15_HIVE-3693.wav,3693,1.0,LOW,139,278.0,280.0,-428.2713159836556,145.26988967829834,123.77760227834067,24.088468156054496,31.45861430878978,7.401266282618197,12.590647751414464,5.445496834049503,-19.90798937699137,8.868923663701658,17.318543766839603,5.115133937226265,10.728870580724724,5.518367528759027,14.038622885601924,6.334657052846638,-32.141717806235626,8.743529552309353,-0.2936746288232325,4.966800538645257,-2.917048091121339,4.837698948551349,6.853176030462633,5.114531802878465,0.40682538200937607,4.365020637582773
3693_20221002_0815,02-10-2022_08h15_HIVE-3693.wav,3693,1.0,LOW,140,280.0,282.0,-431.1371119296618,145.141946711079,126.91860593958178,24.782516644602477,29.69506206490327,6.391253982195293,11.629103783216276,6.876103139743425,-20.85334518458796,8.174329267776926,16.65288483668701,5.4665869166119245,10.387859942880105,4.638823110472945,13.981857296088027,5.952259332581607,-30.402719624027856,8.198101091667077,-1.465410370898018,6.150458319940578,-3.286659080566263,4.966290907469132,7.94654362783057,4.489095431099308,-0.5611630470949343,5.176058109935439
3693_20221002_0815,02-10-2022_08h15_HIVE-3693.wav,3693,1.0,LOW,141,282.0,284.0,-434.17036565518407,144.08748725671623,126.26908158673258,24.27256268797222,29.96913305560057,6.464523380963185,12.455781688989251,5.663422792450159,-20.176503161232098,8.315921178642265,16.508244941493846,5.311237726780711,11.756337626012646,5.131782239789907,14.858231406232958,5.925214396624064,-28.792692492541786,8.343800866606312,-0.11833216422140362,4.895662699003715,-1.977269018694575,4.493294151739163,9.087917383509886,4.591766007679009,0.13340115594812613,4.548195777550603
3693_20221002_0815,02-10-2022_08h15_HIVE-3693.wav,3693,1.0,LOW,142,284.0,286.0,-427.4411503787025,146.43908613212838,127.81257952974977,25.15832110592636,30.45132273622438,6.676614429059472,12.372198329074603,7.242895130648041,-20.50146949862186,7.994501279932789,16.295883789588743,6.6395716582909134,10.418571626144656,5.264659630808436,14.295600504533361,6.363588974212175,-27.839177868021043,8.56785000727018,0.9277497697678857,5.938131384297424,-1.6759804909231255,4.502208465831038,8.662029525449256,5.402957749163215,1.0284236800167394,4.9490203216766115
3693_20221002_0815,02-10-2022_08h15_HIVE-3693.wav,3693,1.0,LOW,143,286.0,288.0,-427.3471148638641,140.83823375185466,127.19468966318455,26.237002476741157,30.330517275694685,7.869510217258163,12.886296591706365,5.578210286827027,-19.637650287149484,8.669331447591695,15.385950145692922,4.666291322129974,10.277203138215809,5.262065425282828,14.267576767989128,6.225409875343895,-30.22728120640892,9.13514738473815,-0.8847930041761537,5.06817778608585,-0.26519090224141595,4.889309898584747,9.147744883078794,4.794851785961423,0.5118936411447991,4.435377647980532
3693_20221002_0815,02-10-2022_08h15_HIVE-3693.wav,3693,1.0,LOW,144,288.0,290.0,-427.78863814242595,143.16204822778758,123.96031174198893,24.10570469205737,27.720358318600105,7.326224142034574,12.068579451725093,5.74689101629326,-17.528635313758148,7.6144827761975655,16.357735361261515,6.172547353584741,10.958351933638644,5.553520766288182,15.644082851764418,6.631327043915741,-29.64307285323725,8.578637477662046,0.48491515098074744,5.354069916819883,-0.9855203195606904,5.198133070556439,8.591527556296388,5.630525768026815,-0.3104195489201339,5.311756574431747
3693_20221002_0815,02-10-2022_08h15_HIVE-3693.wav,3693,1.0,LOW,145,290.0,292.0,-431.9983057809478,147.0254246934738,127.8155718487035,23.20974386334384,30.212237394979613,6.4711205023593665,14.68029549151548,5.720029891856185,-20.875689503507797,7.784122414040284,16.40874907687412,6.087286498437505,10.982652064150976,5.209239870837635,15.181362009472078,6.211164047682832,-28.782809361649736,8.187085191684474,0.17553030290424118,4.865866003337074,-2.5974730699411226,5.029601750632014,7.852314699548904,4.882992916312987,0.41774227118263485,4.799343951849684
3693_20221002_0815,02-10-2022_08h15_HIVE-3693.wav,3693,1.0,LOW,146,292.0,294.0,-425.8757785922041,143.19417428730168,126.69970889751148,24.128718820048757,29.31976726178532,7.979842784413857,12.123054387467727,5.875664097779167,-21.865356742083144,8.610185184878652,14.685092901134562,5.7361167509067394,10.728285427770718,5.1461405064352,15.251173980735192,6.299570391067934,-28.644669555884477,8.294968941832959,-1.2343833069745467,4.68746852155907,-2.3068709575477455,5.369472974063651,7.453083822757296,4.536584913812589,0.38903535481222423,4.743675259894324
3693_20221002_0815,02-10-2022_08h15_HIVE-3693.wav,3693,1.0,LOW,147,294.0,296.0,-427.91812474526193,145.685363082552,128.68694058031159,24.638111739198347,28.13653133365365,6.861593003298846,12.42128576168898,5.404432747736655,-21.512064798800232,8.37332612823576,14.312052906035538,5.570535330469776,10.90696565178813,5.2855803185060495,14.917653476765693,6.365235318955851,-29.660571004182366,8.04455790512456,-1.673428338548539,5.126805818089796,-2.1960330640296446,4.401136803461705,8.39185859611116,4.844144103536551,-0.9050403646798238,4.513793935331384
3693_20221002_0815,02-10-2022_08h15_HIVE-3693.wav,3693,1.0,LOW,148,296.0,298.0,-432.01441765249933,145.52985004895473,130.54443079961865,24.18954970329518,28.333462098655595,6.331754989715735,11.792070708639079,4.940082515777698,-20.779421413695836,7.723084963879078,13.617494001743022,5.15587486702768,9.134511042727937,5.35187642911985,14.041707338497602,6.226658442829377,-29.30221782214476,7.636854201352667,-1.4635628676124737,5.267217373527189,-1.7871681628845735,4.786373424408495,8.790578310395558,5.882761257097227,-1.3102263175625113,3.9020154866505234
3693_20221002_0815,02-10-2022_08h15_HIVE-3693.wav,3693,1.0,LOW,149,298.0,300.0,-433.8152870163392,143.74326803701518,127.82708097468628,24.03325828950199,29.29245940783006,6.3174340137470155,13.345674830523317,6.082473126443591,-19.535932505379517,7.822906388670966,15.176138719154887,5.9183311274240005,11.49530611746222,6.162805813125161,16.016261696730172,5.27877850624759,-29.8727176684119,8.898037207187938,-2.8420526890543436,4.58957048140904,-2.6707045458036904,4.191792947106752,7.978790618278207,4.138869668795723,0.4673317099815443,4.739009237126722
3693_20221002_0815,02-10-2022_08h15_HIVE-3693.wav,3693,1.0,LOW,150,300.0,302.0,-427.13770708090755,144.7255118976954,125.97987283951387,23.712552308597214,30.255276904836265,6.616416362139505,13.74290238317266,5.954817623240008,-19.373785490561215,8.536864249370655,15.433845125910006,5.235822555243339,10.534242701508363,5.686735911159315,15.718980668961882,6.244055791414445,-29.085145361279498,8.318783595172265,-0.8488451214449128,4.949157344690081,-1.9456564556999514,4.733492954126289,7.835299251166169,4.635510905503884,1.068228740126618,4.571942797138154
3693_20221002_0815,02-10-2022_08h15_HIVE-3693.wav,3693,1.0,LOW,151,302.0,304.0,-428.00576020703494,143.30706052078799,127.92616552305444,24.123600303678614,28.646704350414783,6.529832345003042,14.633352110587836,5.93209833020013,-20.601179888367913,7.615649189066407,14.436707124139778,4.931667434138337,9.307722500656148,4.596174991022874,15.379155591397131,5.256141080267753,-27.688787954512037,8.192117172467546,0.14192829110560137,4.971484332580707,-1.3118519696689206,4.336495485387517,8.375658677470456,4.076537890885613,1.842421565483571,4.344410445067869
3693_20221002_0815,02-10-2022_08h15_HIVE-3693.wav,3693,1.0,LOW,152,304.0,306.0,-425.66830909698837,142.3051363018432,127.2594613954776,24.866951769156078,28.468111263540013,6.28167860218608,15.936032945336489,6.4421130905713495,-20.820921257955597,8.314327421318925,15.672567931800435,5.188712233951505,9.680572425028775,6.2797593098335645,15.477820480230694,6.249648933446704,-27.749375734273176,8.157777885585999,-0.33440635245222894,5.637419603580115,-2.5836988335035698,4.806922443733756,6.832893965787481,4.340170788691775,1.9213710364387284,3.73334744301047
3693_20221002_0815,02-10-2022_08h15_HIVE-3693.wav,3693,1.0,LOW,153,306.0,308.0,-426.4944056644262,140.60759424324291,126.90607232158689,24.960836751528216,26.452352572201352,6.9461049302294935,14.7415259873112,6.119571843005407,-19.71455892170962,8.586573086912699,16.652261704224916,5.8907500585925,9.762518718618974,5.471373286429481,17.072790367435672,6.592165196625568,-27.116042088661008,8.127750932142607,-0.7054283590748293,5.336042367775357,-0.03700136971613579,4.3005985784033545,7.948360062272151,5.415331381275914,2.9504399736695937,5.332163064073048
3693_20221002_0815,02-10-2022_08h15_HIVE-3693.wav,3693,1.0,LOW,154,308.0,310.0,-425.696065369205,141.49123407979184,127.95247792326599,25.303905405990072,25.428247925295697,7.569944052552146,13.34612150734433,6.320441757170329,-21.21599933502659,7.31841904706601,15.462610146961126,6.063020445962464,10.086545712739207,4.684878941672061,15.880281999438521,5.821230657232521,-28.245185371980018,7.843102590360892,-1.8280404756967108,5.098626627956094,-1.602254584736542,5.162504129709698,6.462977307805785,4.799758310215856,0.5537787091617687,5.211223289082216
3693_20221002_0815,02-10-2022_08h15_HIVE-3693.wav,3693,1.0,LOW,155,310.0,312.0,-429.24974496548475,142.25375243844772,129.3760902046541,24.604546665110067,29.629298888899736,7.42256629321028,15.306610510900537,5.104037854415897,-20.80538511938548,8.373777181956333,16.531725643993912,5.54896970151091,9.483775821771443,5.2543211535556225,16.566326043324313,6.8402946628618935,-26.07623676071328,7.556403423625545,0.1723833936789294,4.549180566924124,-0.14393101441735104,4.276260360220456,6.064157301626167,5.051963677399184,1.030785522763191,4.934225194419474
3693_20221002_0815,02-10-2022_08h15_HIVE-3693.wav,3693,1.0,LOW,156,312.0,314.0,-427.9324385607005,146.490308475974,126.1180575065162,24.02849174022245,26.34265214137376,7.461712500828913,14.92071801217262,6.277419558719773,-23.7277181849536,7.515098835659825,16.312225879530523,5.602601665653106,8.749222317967595,5.175089352840099,17.600362524840484,5.852286475551732,-26.57452109687251,8.023989716945618,-1.378293155062324,5.379468308999787,-3.4715848529765028,4.666643573312204,5.249626651722897,4.995924407021966,1.6821889633256477,4.760198687521574
3693_20221002_0815,02-10-2022_08h15_HIVE-3693.wav,3693,1.0,LOW,157,314.0,316.0,-423.8479987738622,142.19987167706245,125.79968273089467,24.602677649534122,28.982307725329527,6.107330689657889,12.645455699998783,4.955024671424151,-21.234725646187844,8.023747617869867,16.09239974986627,6.27602980650494,10.183745955836594,4.810039825186117,15.762549359231434,6.237336431242855,-27.794521728143074,8.351522531147207,-0.870447796698213,4.798747222820877,-1.5141512356660252,4.469697676641531,5.667491622333308,5.160258299645432,1.0560506177941071,5.081285831648771
3693_20221002_0815,02-10-2022_08h15_HIVE-3693.wav,3693,1.0,LOW,158,316.0,318.0,-425.231342490173,145.94181101431744,127.66730697286819,24.468541943063467,27.60341188046834,7.726857933384339,17.03070389132075,5.956752791053374,-21.885334466518724,7.895344047944741,13.265151653630836,5.326574980934211,9.195567090496388,5.495054057772635,16.318118655929975,6.267696123182949,-27.537733646794724,7.989330754630406,-2.339978670265124,5.520712286643617,-1.2462894720190267,4.436262962241262,6.945992315636938,4.419080918448045,0.707450877155025,4.696449111914665
3693_20221002_0815,02-10-2022_08h15_HIVE-3693.wav,3693,1.0,LOW,159,318.0,320.0,-424.33187139838634,144.5704858704667,128.51285506837482,24.782831287618183,26.196593699605025,7.1312760247722675,15.873478516142713,6.060414553859721,-22.332420625755155,8.785613275206273,13.650831953363415,5.598364266817565,9.720884257665555,4.734217131815078,15.157610966826887,6.152850762578948,-28.943601663962134,7.641241686423586,-2.6201126289062855,4.921153969203803,-1.455140118783971,4.792651993873597,7.757694537783497,4.596613024648596,0.34630722350891363,3.4646423404726985
3693_20221002_0815,02-10-2022_08h15_HIVE-3693.wav,3693,1.0,LOW,160,320.0,322.0,-420.99947307330945,144.02114023970148,124.84170319674085,24.83092733586898,26.98079308473577,6.852513125466532,17.036833218665944,6.754094963299454,-20.551917487418304,8.525976250301648,12.423384683239458,5.5253655097708245,9.284004976976833,5.2426609520208025,16.124488203631685,6.98806060254619,-26.656775889835128,6.9541283864172545,-2.854211354166952,4.7496420178393,-2.3603549124842704,5.249202503686141,7.934945342237426,5.5237893819180774,1.454653349591341,5.100417368224288
3693_20221002_0815,02-10-2022_08h15_HIVE-3693.wav,3693,1.0,LOW,161,322.0,324.0,-423.3838465566865,146.48104380552442,128.5930443089322,23.766000812127576,25.852290474519883,6.246488423920256,15.855584308412944,6.189112946479256,-21.319567809825177,7.6264399276766515,15.890782547501383,5.712976938346482,9.613233197541911,5.578498106307035,15.81169805664649,5.803475488277134,-28.090636704729807,7.545080604760288,-1.9843434074314938,4.753702020167119,-2.1712603904248144,4.526123230011365,5.927663770522199,4.5992356208818155,-0.18699909841740028,4.565932632597617
3693_20221002_0815,02-10-2022_08h15_HIVE-3693.wav,3693,1.0,LOW,162,324.0,326.0,-424.38302600690406,145.58482091986488,126.98860478073429,22.55850195026448,27.632852801600844,5.930353985692158,13.808902525132764,6.03216800986783,-21.966092066045643,7.25171303441923,16.46533951708925,5.905643156342515,9.134302155163294,5.025553378185222,15.445775054914105,6.355662203669934,-29.400296305387155,7.261867735074597,-0.3135022417931466,6.033890313755469,-2.322260262225585,5.454051158188357,7.121149043341582,4.306982329915547,0.3122754961036605,3.942228554919837
3693_20221002_0815,02-10-2022_08h15_HIVE-3693.wav,3693,1.0,LOW,163,326.0,328.0,-426.282808393712,146.7714134627006,127.13496584677783,23.483097237908467,27.243122525986387,6.5716213642374885,14.916157371721972,6.123970276961412,-21.389071438678506,8.128893268124413,13.972153365834684,5.3887165787299995,8.68915485929298,5.364169347296236,14.799589723804843,5.397237526217522,-28.429639624462965,8.054436125876506,-0.5145234695918394,4.882407579684915,-2.3010982060804173,4.8488885709069445,7.928257310680246,4.228811433115319,0.4589918653740392,4.458174420528404
3693_20221002_0815,02-10-2022_08h15_HIVE-3693.wav,3693,1.0,LOW,164,328.0,330.0,-422.81057825152084,147.56573711762405,128.68642840516114,24.333523577880293,26.389637142179982,7.420724672355289,15.099833143836198,6.233698426894601,-19.414286284638592,7.802119900044353,15.83191085751947,5.945273208832791,10.345995222956049,5.663923531097589,13.924602490390162,6.608390565379115,-27.439212694389955,7.756732630829712,-0.2807749883926467,5.673598403727218,-0.4605974041813561,4.933206853672146,7.084913998230835,4.9268124809529885,-0.15255563370411512,4.963552283572943
3693_20221002_0815,02-10-2022_08h15_HIVE-3693.wav,3693,1.0,LOW,165,330.0,332.0,-424.2542812765518,142.63291377328395,126.66626902701128,24.846331692632898,26.94896841660795,7.36466479061345,16.44486960382438,5.921681888865175,-20.257229547782742,8.027958101353734,14.142877291072177,5.275464689293802,10.261209207469543,4.5407065076058375,16.446011511064032,6.610034170095951,-25.429316630479125,7.347507798053778,0.352103587391629,5.467023561674251,-0.6775521569052755,4.797125006886418,7.321970751143455,5.024711156485818,1.8939472642690762,4.511357189014873
3693_20221002_0815,02-10-2022_08h15_HIVE-3693.wav,3693,1.0,LOW,166,332.0,334.0,-425.13010751967767,144.96922284275584,126.2904692802322,23.578262442756515,26.239979441541834,6.60358471694955,17.128095858435966,7.5267291284102775,-22.37417405032708,8.192653131390367,15.153978694040005,5.366510802819307,10.15804626346574,4.418646612177172,15.016347395650183,6.759853741213662,-26.861249660068978,7.013284132167282,0.09190443233340058,5.416519342370949,-1.6018575780264683,3.8437286005601763,7.154425665240764,4.715003070793967,2.294108339831174,4.569679378801259
3693_20221002_0815,02-10-2022_08h15_HIVE-3693.wav,3693,1.0,LOW,167,334.0,336.0,-425.9142829686841,144.15289799346044,126.19111728105435,25.279913864565252,23.073075583970027,6.531551526196712,17.74054015453594,7.8153040886673075,-21.85761801378491,8.651677222919284,12.769860371100277,4.844106074041564,10.712588395561298,5.527020742389321,15.982510062213757,5.611922480613141,-26.80115382899565,7.532506384955512,-2.034561948672229,5.3211509132846055,-2.443961382667883,5.30129159522512,8.331357500132578,4.369638181515483,3.060205431366481,4.160614499874318
3693_20221002_0815,02-10-2022_08h15_HIVE-3693.wav,3693,1.0,LOW,168,336.0,338.0,-424.31340155793254,140.76381388227358,125.70117934157018,25.95372734067456,24.593803963398685,6.983547961277359,19.514462728345205,6.7455196108634885,-21.82922866270896,8.496301495040953,11.113570070381426,5.017614608346193,9.639074766893836,5.740608430735042,15.594994486701564,6.599273210951617,-27.594792798380983,7.441122246799185,-2.5437764915500427,5.556284820226886,-1.1650477177945833,5.456589496241203,8.443738934676555,4.956735345238154,1.6305355330129072,4.210976046771181
3693_20221002_0815,02-10-2022_08h15_HIVE-3693.wav,3693,1.0,LOW,169,338.0,340.0,-429.61691580228063,146.36050123667906,125.92104759320536,23.540207068216652,24.157082873905683,6.6469583090349476,19.719865075267133,6.982510372945398,-21.528894114883723,7.321260168344114,10.923561078423282,5.4750204858911315,9.108370363056533,5.1131458220031405,15.634189040932425,6.172992916911713,-27.784397214949575,7.543573325657133,-0.8646647848445518,5.4821280811983035,-2.2487862914217116,4.135946735318063,8.236399047195269,4.8201601291437415,1.1228408058870725,4.391303933131169
3693_20221002_0815,02-10-2022_08h15_HIVE-3693.wav,3693,1.0,LOW,170,340.0,342.0,-429.1729759690303,145.85905973370663,121.31842016336918,23.745600170834845,24.954384243627274,7.133987989558259,18.14756050928648,7.667694487243319,-22.35516400694847,8.915839151657886,13.59584723759706,5.739673612835805,8.858675362767608,6.00080896599611,17.123984627306857,6.343293282101221,-27.109648360365348,7.602993583727507,-0.28193886241532146,5.05891254148483,-1.2747052569431745,4.280489697807951,7.940651567888077,4.672681786818849,0.5271370567739728,4.788667207572055
3693_20221002_0815,02-10-2022_08h15_HIVE-3693.wav,3693,1.0,LOW,171,342.0,344.0,-429.3571406819815,137.73183933375196,125.5503082358955,24.71950053570132,25.261711814758367,6.744135656892317,18.198298620831217,6.698102266502868,-21.12083672926816,8.171124321207538,13.697289962709096,5.625154881860185,9.91567944454713,5.8683942056825265,16.037509579870015,5.516299097910193,-25.402943018004084,8.076055764374537,-0.8877307876128481,5.115416499016932,-1.3192724724772475,5.07434761817308,7.016114489904411,5.209503815414296,2.1229884876614693,5.298639187347635
3693_20221002_0815,02-10-2022_08h15_HIVE-3693.wav,3693,1.0,LOW,172,344.0,346.0,-424.41448430702945,152.88058211118138,126.82113315247081,23.696129429414647,25.278892420266345,7.567232834646735,16.773725270696843,7.726838167359067,-23.50766128995158,7.441070258660237,12.600821292401065,6.397623118741302,10.384692252893878,6.204734928491976,16.91769545335028,6.058433248692512,-27.437986790115644,8.069244535538306,-0.2338344404448064,5.315332033638363,-1.8707882923610653,3.3428907134350823,7.195144838870814,4.598735768398481,1.6057307433335577,4.859595707694917
3693_20221002_0815,02-10-2022_08h15_HIVE-3693.wav,3693,1.0,LOW,173,346.0,348.0,-430.17331191822507,144.8155254044602,127.90911897083045,24.64786808361877,25.854984027762544,5.987144155794326,15.547611902849527,6.500178464526161,-21.540036807805045,8.343054651332006,12.270612580489953,5.647173417113415,9.110300511337284,4.490362267083583,14.046687941321697,6.35668934476662,-26.574503942885944,7.790257913835,-1.2402314964583372,5.8096328488695885,-1.1167019200740425,4.642959780775543,6.673845050552072,4.362511695682305,-0.31040524980686307,4.9882979625954915
3693_20221002_0815,02-10-2022_08h15_HIVE-3693.wav,3693,1.0,LOW,174,348.0,350.0,-430.1387889793748,140.1851639116734,125.9034848694874,26.114820204698585,25.479421302697705,7.455408923033732,16.39894677400895,6.453184018344054,-21.75366554891288,8.331169051482108,13.113542079860439,6.029317184653273,9.638900693017568,4.854798919808744,13.510812390376772,7.135466132632866,-25.65405843340485,6.869934421669874,-0.9926047410374605,5.185577996578526,-0.15003300655247692,3.921644797160389,5.202785570431475,4.551218782999485,2.2031924555116733,4.511449147237041
3693_20221002_0815,02-10-2022_08h15_HIVE-3693.wav,3693,1.0,LOW,175,350.0,352.0,-431.72851063446194,145.28633267995562,128.93977850812456,24.467791367421597,25.12971861424706,6.415808184027983,18.548446866132142,6.138400084828326,-23.84378243540794,8.164254991460615,11.133087906710967,5.107429607526182,9.254496740075322,5.48620652699716,13.640309741249691,6.0033086244043865,-25.598571538428196,7.567788075720646,-1.2425390645940404,4.4970882170497415,-1.2681945416658493,4.590146145872822,8.434810177993535,4.8085453732911505,1.3414710504610499,4.1760996688640875
3693_20221002_0815,02-10-2022_08h15_HIVE-3693.wav,3693,1.0,LOW,176,352.0,354.0,-431.4834076504044,144.60334309478398,127.29804432486254,23.190721145355177,24.914700372777613,7.23646689134305,19.392516368917978,6.553670757074069,-23.272004367011018,8.22585583529231,12.3407316707589,6.081835758798073,9.682564584047041,5.447780486531072,14.296533986939082,5.434294853563244,-26.021487966395046,7.095088903088213,-1.3756394080826353,5.320666560733309,-0.5254452617203152,4.640543910556988,7.169983980694124,5.007349730117084,0.3616057899347716,5.011861335819622
3693_20221002_0815,02-10-2022_08h15_HIVE-3693.wav,3693,1.0,LOW,177,354.0,356.0,-430.8094723621925,140.78716639814306,123.73869196111653,25.28077216588712,25.724892064405484,6.727763495433128,18.386969557907488,6.4046985952607765,-21.883767007829746,9.143597804457443,13.973409165276964,5.4138928314627845,11.840278017919763,4.849565266987159,15.325730901086605,5.791095739649862,-25.33244120107292,8.296863808016159,-0.3474666795923808,5.298644160505185,-2.17767318681039,4.307024800609546,6.270252138886593,5.037096793824233,2.502113637615162,5.102313423434209
3693_20221002_0815,02-10-2022_08h15_HIVE-3693.wav,3693,1.0,LOW,178,356.0,358.0,-431.6577841128622,145.59721853944663,126.17562302216717,24.79808934767546,26.1182393841552,6.346288804707547,17.563702262289457,6.444877553273053,-22.794720742193547,8.488597848100177,15.242777722875074,5.901814804786084,9.918991415345623,5.814693226625724,14.995304145334348,6.338027097382574,-25.272714914063087,6.747175975303044,-0.40654871255194847,5.067552426845724,-2.287604394794109,5.326320756628132,5.772044720085399,4.4095388568912215,1.381451053427252,5.31676020177462
3693_20221002_0815,02-10-2022_08h15_HIVE-3693.wav,3693,1.0,LOW,179,358.0,360.0,-426.55516027191146,145.3106512623178,126.83376582755658,25.48864877088796,25.800579680019098,6.562143916760069,17.873970384814456,6.134659348348506,-22.975421899142557,7.52625464065887,15.727353545423906,6.197655608353636,8.148223737373243,4.668409391868419,13.494121267998414,5.605336856525678,-25.92625609862458,8.229533160302557,0.23332190222054344,5.1430999386860385,-0.643074079761751,4.360682776281611,6.631135911915983,4.952414634308545,2.2279667490580053,4.664537428690982
3693_20221002_0815,02-10-2022_08h15_HIVE-3693.wav,3693,1.0,LOW,180,360.0,362.0,-427.29463752129703,148.41746057614776,128.67189260949513,24.286642040702603,23.937104935185296,6.773419616437846,17.572189518154158,5.572556893099062,-24.26041821490759,8.93474991671634,14.761135841032907,5.915898373682947,8.777367815097286,5.423043945383971,14.472591418233907,5.992485881132474,-26.113824160548912,7.3287951699529,-0.3489532247348687,4.647132335532345,-1.2236986397018863,4.335682492223059,6.398801291262583,4.613598139103467,2.5069077522695453,3.853875616893432
3693_20221002_0815,02-10-2022_08h15_HIVE-3693.wav,3693,1.0,LOW,181,362.0,364.0,-425.8615234259882,145.54096071325256,128.5048421576462,24.189728171243218,25.07839354393941,7.498042799206796,17.581305959146405,5.991379231281924,-21.921503889882597,8.180988503281993,13.850416014757975,5.7675751522578,8.412353363954177,4.993420446464555,14.728721640620194,6.352892198224554,-26.997838200217313,7.611509050921276,-0.3777270149934624,5.460882519821761,-0.7243756956758153,4.809332295630519,6.808769786900462,5.291015611748667,1.180648607327906,3.9937602378708372
3693_20221002_0815,02-10-2022_08h15_HIVE-3693.wav,3693,1.0,LOW,182,364.0,366.0,-426.3290610353048,146.22488222998027,129.74063488493954,24.710585914866698,22.7602518060374,5.925497227933359,16.697142895603378,6.631257415973871,-22.96128234203685,7.854598879901959,13.741119361778164,5.0575371540516985,10.112634300299144,5.624792227818758,13.251884921627584,6.657547484028247,-25.153573681153272,6.755863358839388,-0.17645290107544806,4.618526916625472,1.3113824405684418,4.874723635326592,6.294741701989601,3.94404433422522,2.939824112330738,5.129301471131806
3693_20221002_0815,02-10-2022_08h15_HIVE-3693.wav,3693,1.0,LOW,183,366.0,368.0,-425.1576254626005,146.81999112284967,131.18860287704905,24.61784249980805,21.995720017832006,7.040896622394471,19.78801700527119,7.4159620000284345,-26.11056214531236,9.078769871803544,13.296784321588618,5.518356263484007,10.058673225426634,4.880007847513087,14.493854886444122,6.434968418757466,-24.447389972013475,7.145727125657948,-0.7950338446541204,4.77555993145997,0.41976440607758747,4.7213182620950915,6.536182491484495,3.930965995382357,2.578148240944157,5.1594767690798875
3693_20221002_0815,02-10-2022_08h15_HIVE-3693.wav,3693,1.0,LOW,184,368.0,370.0,-425.68724395447896,144.18810637300294,129.5063943524521,25.0564377809408,21.898080810517236,7.241130142929263,16.490330260532087,6.518760298542952,-23.466574023436046,8.844472077500896,10.770857306132198,5.830520597900139,8.692832117533968,5.58526858071658,12.97787469972003,5.875159403688313,-23.09543478004394,7.3650046362456045,0.18837398304526998,4.999730419709866,-0.427714742113688,4.368288415838238,5.576101356013988,4.2505289386760685,2.699635938329212,4.133058726658692
3693_20221002_0815,02-10-2022_08h15_HIVE-3693.wav,3693,1.0,LOW,185,370.0,372.0,-418.911619494588,151.73236648483336,123.02471028658813,25.225695508448865,22.93412750458776,7.162470895569942,16.961988714083738,6.383238042223483,-19.76291627113015,8.045438465319183,13.680026187308199,5.9386271523897864,8.610193177289352,5.972625560135968,14.496068089445167,6.246096245578328,-21.87390071116889,7.553155852799564,0.1862654957211375,4.434876016971529,-0.857361534251259,5.578681864546905,6.5227595275489065,5.182509419956077,0.09343215590359549,4.701847976607958
3693_20221002_0815,02-10-2022_08h15_HIVE-3693.wav,3693,1.0,LOW,186,372.0,374.0,-427.5414913768387,140.04372964399352,129.4310124277622,25.63594423304144,22.837123074748877,7.077115840217468,17.37051997663458,6.143595557254081,-22.46023555337148,8.493783151316247,13.650198268850128,6.110825806007882,9.617030689120204,4.644000473753767,13.374410660337528,5.831698321470919,-21.798897522823708,6.759259708723384,-1.2104278061008413,4.339560610523434,0.5401366437352387,4.894508155838323,6.18004697609226,5.139480834224652,3.5856265898637574,5.1879043448593745
3693_20221002_0815,02-10-2022_08h15_HIVE-3693.wav,3693,1.0,LOW,187,374.0,376.0,-431.50774216135574,151.20138630995046,128.76371393759393,24.657776493974712,20.47130861824235,7.507152160880195,17.17569920501223,7.170398265501465,-24.484797752972707,8.882969360102182,14.951955410201911,7.600331198731516,7.113963885757565,5.136223191226872,14.980790871130528,6.936498551591307,-23.59118573608511,7.224613205324132,0.3291117650287145,5.059232604455923,-0.65121943150519,4.944155167096278,4.987353212959746,4.527708495798407,3.8273785867409753,4.904749355647227
3693_20221002_0815,02-10-2022_08h15_HIVE-3693.wav,3693,1.0,LOW,188,376.0,378.0,-436.1666825729802,148.51707557112175,129.9072015696536,23.999379161006697,20.910627642660707,6.989662549266781,18.984804936955133,5.945892936752444,-23.00625032010997,7.776126564461082,13.092701640101778,5.665781394434254,7.357346249074373,4.695717980972494,16.083225544250052,6.134607454941674,-25.0040020253292,7.531718955249171,-1.0820525196536601,4.916718612472942,-1.1026317624390518,5.276803152409109,4.747891706703191,5.10595765237342,2.7709225050810717,4.371297155491789
3693_20221002_0815,02-10-2022_08h15_HIVE-3693.wav,3693,1.0,LOW,189,378.0,380.0,-435.03341671574276,148.92004080807013,130.09141446976972,24.090811748458187,20.668984630763624,6.8111530176723125,19.191755349488954,7.776599649835109,-24.378824061230524,8.61044232352538,14.478605948480656,5.819250733685463,7.494530120186615,4.784971241927482,13.583860467934873,5.505307645486751,-24.21556302509888,6.734160941920863,-1.6452793291376762,5.108612559997351,-0.45087958666203387,3.902499516558983,4.219236844194173,4.578659925112996,3.3382592843347636,4.413275926404693
3693_20221002_0815,02-10-2022_08h15_HIVE-3693.wav,3693,1.0,LOW,190,380.0,382.0,-431.68242747397994,143.5452810805852,131.15589343480116,25.284961483372815,22.00470784723731,6.2624778737122755,18.225402515686422,7.110731621760139,-21.86820926520834,7.400874812890578,13.724471258707938,5.199076967642869,8.391932079770909,5.558257952130432,14.194246112075161,5.398889798340452,-25.42218264289433,7.390409575127897,-1.4943887795667412,4.926134674235258,-1.5670293125152568,4.336132279416972,4.384051316736547,3.9922275293273564,3.2170543597761525,4.72531495349711
3693_20221002_0815,02-10-2022_08h15_HIVE-3693.wav,3693,1.0,LOW,191,382.0,384.0,-432.201189081011,143.89452941954946,127.7407485493617,24.656038467617684,20.88365599095463,6.939354226695522,18.435319028445203,6.299505372778058,-22.830581840233503,8.356613806155085,13.266124064951347,5.302912965663909,8.691082200047493,5.362395561696471,12.975906306794704,6.703136862701491,-25.21008705098882,6.8899348375681075,-1.1897115867647006,4.745760962341887,-1.6503377659027876,4.942104198617449,4.543079356748759,4.493372932176489,4.456903775116551,4.625764944586348
3693_20221002_0815,02-10-2022_08h15_HIVE-3693.wav,3693,1.0,LOW,192,384.0,386.0,-433.5547074501618,146.44262708065955,129.42186970234957,24.412598596231366,22.27354758073723,7.256024664306641,18.829598715182218,6.900041027878029,-23.132815512863946,8.344727565469658,12.680387375497459,5.630760445530798,9.152022224217713,6.068541219361624,12.820216696076123,5.731173478924563,-26.31580779681709,7.8181032744714045,1.7723616793982222,5.700408478775064,0.23425360119481486,4.2008765825813965,6.014536090861975,4.762498794761797,4.500710391424521,4.251192784841625
3693_20221002_0815,02-10-2022_08h15_HIVE-3693.wav,3693,1.0,LOW,193,386.0,388.0,-428.24701402909653,143.16608585774003,129.7756190207718,24.67668887570084,22.50380430271521,7.383022339448563,18.24034581892486,6.8235090890721795,-23.251416627138454,8.27933681826316,12.852202667343247,5.5194155483485785,10.502380076613662,5.856723395635406,13.32983040640408,6.114178116391115,-25.58025813246785,7.441069768783644,1.3513137600999925,6.150238669360527,-0.08921281829629028,3.829292714449433,4.967997867404669,4.454425237646862,3.4908458217100438,4.7553765221962285
3693_20221002_0815,02-10-2022_08h15_HIVE-3693.wav,3693,1.0,LOW,194,388.0,390.0,-429.9510110448864,145.95662508168715,131.57488313870056,23.778965232306273,21.729871736535614,7.887374503412076,20.315700549559676,6.9741265313369905,-24.19157178615511,8.428496188383235,14.501061531066663,5.338068003353775,9.33994155531725,5.537257391329354,13.26682166002464,5.731543286786911,-24.957268996215838,6.788490698047914,-0.8838197288256072,5.213354425678649,0.0009114065402339043,4.573195331253155,5.099652158316414,4.579949717209775,1.9798128672884763,3.743871418340492
3693_20221002_0815,02-10-2022_08h15_HIVE-3693.wav,3693,1.0,LOW,195,390.0,392.0,-430.1983398406514,146.91192355008405,131.1846235516245,24.607193994093535,23.763362336774826,7.458231495429242,18.321116613067264,6.720481797642672,-25.234614450555203,9.087200333410339,15.423011015109985,5.949086518130828,12.006993125113743,6.356887806052667,13.505674363031812,6.20152058115728,-25.64772937946729,6.747262546545564,-1.569448883931876,5.10956467830396,-1.8777750562402737,4.831996567663852,4.317605725126928,4.113776129504427,2.2197691201622347,4.966109321618917
3693_20221002_0815,02-10-2022_08h15_HIVE-3693.wav,3693,1.0,LOW,196,392.0,394.0,-431.53353030601835,143.03682691299608,132.19588375933304,25.319152447800175,24.049262618070838,6.796915402306225,18.96035609687393,6.434460135731055,-24.2855296977118,8.392603740426086,13.94050197590565,5.390694757814846,10.374173407723928,5.18003656428418,13.971932745687434,6.521480751677879,-25.793291727313758,7.770346180864035,-1.6664417072872932,5.285855715647364,1.2497876883836272,4.629935757492421,6.5543442235042155,4.777196579928897,3.346012072970273,4.009964250882599
3693_20221002_0815,02-10-2022_08h15_HIVE-3693.wav,3693,1.0,LOW,197,394.0,396.0,-427.2535531598362,143.70783760805378,129.0425743602751,25.53223008141268,23.96558071938445,6.18773506918667,18.266876761460484,7.526153729970276,-22.722093788737798,8.887202646979585,12.846361842491778,5.823564381094837,9.822969971149696,5.344677527297871,12.833960862817227,5.442399391709083,-25.015715653321504,7.272174938756532,0.6756225390004168,4.682014710235266,1.2042896182868363,4.757060723957733,7.28328136077364,4.618060741791914,4.960418957345392,4.491282337225806
3693_20221002_0815,02-10-2022_08h15_HIVE-3693.wav,3693,1.0,LOW,198,396.0,398.0,-429.3950900008967,138.93411143706922,132.3771604584743,26.011892759196183,24.24257037443074,7.9687667648019245,18.565022257364923,6.613605931256089,-20.48643452574714,7.856119382206916,12.437112670539262,6.2406197099544185,9.76497812946183,4.848395608241155,14.087398792721809,5.447586551409793,-25.772470435561896,8.509266065151191,-0.1238761314018767,5.158012221316835,0.33282040583271444,4.6483488573515395,4.749998663164612,4.9659026228880405,3.9056635560526938,4.063693161546333
3693_20221002_0815,02-10-2022_08h15_HIVE-3693.wav,3693,1.0,LOW,199,398.0,400.0,-434.9371442372545,145.4411808225318,134.3481691884378,24.510703800139428,25.523355572714184,6.306037816745069,16.544647308730884,5.979804620633524,-22.82326547049401,7.50793682948619,15.230758390921483,6.279242171623386,8.934310848634315,4.881084555004424,14.415610189762523,5.256812860262876,-27.681145735869944,8.831136966030268,-0.9063996651824351,5.0208516820742775,0.42885756604997455,4.040804424583046,6.334467560614579,4.661257496551309,2.197588796657094,4.048929836355648
3693_20221002_0815,02-10-2022_08h15_HIVE-3693.wav,3693,1.0,LOW,200,400.0,402.0,-433.68388850113627,139.93543006596613,129.8685390767418,26.914475454953422,24.34788398650182,6.285368034683212,16.65969963768852,5.955468778726915,-22.40133937159308,8.570864416436699,15.021158291637343,5.893215817814362,10.641141336678961,5.05611071826201,14.20672029755664,6.43791828488581,-25.37884657191821,7.455073240615756,0.19438159057031376,5.913464396034934,-1.2025377237642094,4.318288342356522,5.474165134260774,4.612982495641165,3.182114535720971,4.124367795888645
3693_20221002_0815,02-10-2022_08h15_HIVE-3693.wav,3693,1.0,LOW,201,402.0,404.0,-433.77907435619073,141.68806324066097,130.5594583310576,25.535790245323426,22.030679509145052,6.923734368577273,17.447065223007016,6.558588776428656,-21.867930810443067,7.4194578304506,14.005862714579475,5.57188620117925,8.7373168583233,5.135173131349385,14.16899423711224,6.736267221638607,-26.392379463716992,7.492659873559009,-1.0238263083985542,5.226005803001389,-0.5047594413922376,5.097881095521825,7.379559680322982,4.597526446334971,3.148267180087091,3.766432446048174
3693_20221002_0815,02-10-2022_08h15_HIVE-3693.wav,3693,1.0,LOW,202,404.0,406.0,-431.8924209746819,143.8661306746235,130.55081501212607,24.69746574123177,21.745795615316943,7.014800609396265,16.255418921174787,6.942276335327974,-22.079737524599434,9.048083371480413,14.891748205111005,5.429033722155074,11.500385355540347,5.5848515511700585,12.833868759797621,5.500694958251174,-26.21190646209215,7.567285763748875,-0.17018515174295765,5.582829259321402,-0.6432876844035365,4.130896121084012,7.6303745095790205,5.116725087413219,2.4868891439955836,4.18742688493219
3693_20221002_0815,02-10-2022_08h15_HIVE-3693.wav,3693,1.0,LOW,203,406.0,408.0,-432.74042954550924,147.65463993273752,130.9116649795172,23.740381012659743,21.577332503724637,6.73145720739135,17.98540690152666,6.247284660490621,-22.60430943207164,8.543156559618536,15.61663404092992,5.823185948534153,9.493812516935868,4.441602077624666,12.356391507193875,5.308974112673087,-24.578330039800615,7.094975823370949,-0.6292785461552118,5.3580507332311615,-0.23662840047178077,4.823535497875997,7.269151879409507,5.588859619126344,2.7665617955583013,3.6390205306543755
3693_20221002_0815,02-10-2022_08h15_HIVE-3693.wav,3693,1.0,LOW,204,408.0,410.0,-433.4484863025555,144.03064434424235,131.40451023790067,25.005369249853047,22.914758894404947,6.94530401438424,18.02373032723043,7.072309381589966,-21.470106518643256,7.3958742586303075,14.149016493181003,5.97416739291966,11.102143971098617,5.6580549963070785,13.593267832405255,5.781221494116249,-24.696031964629935,7.320923172291848,-1.4311145319580338,4.667142477575704,-0.9439103872376194,4.815566988302942,8.200904371564187,5.380753078704487,1.8332609106407314,3.7260184308228377
3693_20221002_0815,02-10-2022_08h15_HIVE-3693.wav,3693,1.0,LOW,205,410.0,412.0,-430.35510354334497,140.2604983857902,130.15656514458342,26.86430124559279,21.596982208068244,7.280246975798101,16.945679131850024,6.171746807933159,-20.738049096163,8.472678300302904,14.082995820724948,5.411503963965741,12.069200219043168,4.2982316163021235,15.192725458154953,6.435604816120553,-23.967271486224842,7.131954987988174,-1.433542060370057,5.427626120032807,-0.8874854487279632,4.914177716273764,6.5558385100684085,5.134378249470009,3.1322156575320417,4.880143631447841
3693_20221002_0815,02-10-2022_08h15_HIVE-3693.wav,3693,1.0,LOW,206,412.0,414.0,-426.489914271061,137.23746146984445,130.06142997132687,28.152080220945507,21.453183172634873,8.070363642678576,17.18817880355402,7.115622732123028,-20.86651890713941,8.082321081948248,14.144399077162168,5.5387500845153514,11.62249857605457,5.246486050664673,13.960630519366813,6.068459983071169,-23.060391181705246,7.178566964700537,-2.581491669681153,4.366423751138227,-0.12023061801143879,4.486475127141434,7.592382802507376,4.737809790558188,4.269142631916089,4.4853212433099126
3693_20221002_0815,02-10-2022_08h15_HIVE-3693.wav,3693,1.0,LOW,207,414.0,416.0,-425.0943306684106,135.93491427583226,130.80929806706058,28.372656633243636,25.13776133175057,7.314065069457221,19.358968239967666,6.505080202084012,-19.109054115333812,8.916463126709475,16.785744408589,6.691333878887471,13.442935990990632,5.148079649210166,14.202282036872905,6.243270637125703,-21.937262939595193,7.060232134570955,-0.722890276486004,5.311994947020056,2.583797943014236,4.522850222397252,7.158549015669427,4.352264594574832,4.888795206815688,4.504311309391966
3693_20221002_0815,02-10-2022_08h15_HIVE-3693.wav,3693,1.0,LOW,208,416.0,418.0,-429.8207601935812,141.51048524111457,133.89266697253709,26.075030111731127,23.058441826694274,7.208692713398998,19.337797035014237,6.082593496864575,-20.589706865046203,8.062112722958918,14.689304579204638,5.905664887543488,11.245631952139739,4.722699564637049,14.604600640107249,5.898078337475082,-23.40327270947797,8.216918488615713,-1.3998365458117965,5.030478500214297,-0.24904208296610966,4.657270026326988,7.016464043244162,4.406814166258131,4.005741645898208,3.5939296605657347
3693_20221002_0815,02-10-2022_08h15_HIVE-3693.wav,3693,1.0,LOW,209,418.0,420.0,-429.98999532712,147.24915256968194,134.4823382628155,24.56671790987406,21.457884746956736,6.377714889439821,19.971198440818405,6.323389010915706,-22.078615694878728,8.436398758756203,14.621714620436682,5.2494322813823935,10.989712438439422,6.050905602720595,16.328428468840773,5.704939944527186,-24.186410222477676,7.775662079769031,-0.20385172204156612,4.321021734528728,0.420672789471212,4.5145369137127,6.947264573086716,5.035057080122106,3.0542656663141106,4.0702029370221116
3693_20221002_0815,02-10-2022_08h15_HIVE-3693.wav,3693,1.0,LOW,210,420.0,422.0,-430.09784449534,143.86024101249575,131.75290427656003,25.14886750907909,21.666881038314134,7.131202539903639,18.382181239292805,5.917975920770207,-20.948770041878483,8.270191271046556,13.766700488595873,5.314098682296613,10.57116234378581,4.566287025165963,16.992321612006943,6.176669349676932,-22.810100977490677,7.558769499895834,1.1546216362642305,5.258905733714052,0.8266180783762339,4.291520781945486,7.949184768671509,4.3679151380525525,4.900565769643801,4.149994579783389
3693_20221002_0815,02-10-2022_08h15_HIVE-3693.wav,3693,1.0,LOW,211,422.0,424.0,-426.00726442078957,141.23389730554854,131.01823196691888,25.858378644260945,23.100817101050307,7.188845182152906,18.68105915872879,6.752752840919758,-18.865596386929006,7.886894449403251,12.898384199815327,5.196726800962377,10.007158578993845,4.710964552780994,15.523009521190437,6.279789031476609,-24.99735294847906,7.628295500569121,0.07734428179225829,5.027100684495403,0.34121844284813385,3.9393097718981935,6.5759803317157886,4.856044902412127,2.069220444978065,4.648449788623401
3693_20221002_0815,02-10-2022_08h15_HIVE-3693.wav,3693,1.0,LOW,212,424.0,426.0,-428.6237326542868,141.4518196903328,130.8800761632317,25.161318969804825,22.91369585258684,6.7693613869218545,17.239854469521912,7.511297238004469,-22.00779372263272,8.912156570353153,15.094476767731296,5.657879669961608,10.421210240052249,5.41098278722836,15.794661098944598,5.802879938630869,-26.069252468222576,7.651584830240885,1.0141097482027783,4.341347744294234,1.1808081268662252,4.1137360988697385,7.792056774045125,4.409220965649034,3.5358975952869183,4.9959966044851996
3693_20221002_0815,02-10-2022_08h15_HIVE-3693.wav,3693,1.0,LOW,213,426.0,428.0,-424.8564327838452,135.88921025934826,130.93125074116995,28.916541963060872,24.343201072341998,6.489669468734604,16.44482332588638,6.797571815631429,-19.696012667724425,7.908000305532937,15.211812607887332,6.818830235149738,13.192046445804829,5.026737519573161,14.485606333703439,6.56912556252279,-23.587190674563406,8.20728016007463,-0.6199797178562453,5.094398992087467,1.564014729521615,4.788357137146554,6.786748746533143,4.766145347608377,5.85954392860799,4.266437950508887
3693_20221002_0815,02-10-2022_08h15_HIVE-3693.wav,3693,1.0,LOW,214,428.0,430.0,-430.53922082900067,141.42530940276993,129.59597132544067,27.075437504064453,23.3854682921406,6.9082822970549875,14.692680334319446,6.006788502337619,-20.646663360989304,8.609191607140234,15.141643777918496,6.194371787587748,10.291687140338201,5.645575839902465,14.80947458528681,6.276709788829974,-24.290392219223957,6.726785402879449,0.8202940991716509,5.510784538482625,3.211939422884406,4.574993316677233,7.7247546213063805,4.5283479973991945,5.765070466513363,5.018758838789184
3693_20221002_0815,02-10-2022_08h15_HIVE-3693.wav,3693,1.0,LOW,215,430.0,432.0,-419.027168720073,134.9131603074452,124.61463969839494,29.323946356223345,25.910111318100533,7.32752238892684,13.693106477164402,8.572250573254124,-20.13858839665289,9.299521662613948,14.026718255911394,6.177638147823445,12.024970135446868,5.596595702760487,12.515705111300141,6.548223550268515,-24.018213425517043,8.263412333793346,0.6821263130926076,6.861288034449504,3.543871374365438,4.859281142152674,7.838713522461391,4.04363708262656,5.877428496572894,3.803739878378033
3693_20221002_0815,02-10-2022_08h15_HIVE-3693.wav,3693,1.0,LOW,216,432.0,434.0,-428.1790336483014,142.04125710550193,129.51958100830055,25.608635737142922,25.56051358244255,7.540587385846498,16.625288666674827,6.770482305591158,-20.791643737634416,8.654366595077594,16.429656621375877,6.053153657660164,10.79637887834917,5.754924638693231,15.424564096852139,6.142780928224668,-25.4040289618327,7.344379469180242,0.6547865864806522,5.071001309768839,1.145484762826702,5.351004265819675,9.061061306734581,4.894921406230715,4.065201549108345,3.2357084387146835
3693_20221002_0815,02-10-2022_08h15_HIVE-3693.wav,3693,1.0,LOW,217,434.0,436.0,-431.47530825545647,145.4051653799538,131.2088200609641,24.569246638056978,24.97532664045612,6.997968715639491,17.732015282145383,6.120867492566301,-20.592152264769172,8.408094387636094,16.642334687489903,5.812873200939298,10.392645802476526,5.4515166382097435,14.94197358718117,6.203694636025606,-25.634480860647646,7.348505850319647,0.764848060346014,4.834432346223501,1.0547332526582147,5.485745566480961,8.310843230894989,4.657976829838918,4.787235676295464,5.251765881690208
3693_20221002_0815,02-10-2022_08h15_HIVE-3693.wav,3693,1.0,LOW,218,436.0,438.0,-432.225796467967,140.79098919965145,130.6201841870835,26.494362986639103,24.224777513142488,6.341701357948824,16.501261242847598,6.421173452384471,-19.758572275776572,7.8976530453326,16.37856585585202,6.538694147246011,11.938684387135488,4.809164658593961,14.5351425216899,4.9588344882128155,-24.918028611616688,8.08817104742701,1.2273104177818082,4.335917212900792,3.111939016226805,5.233012876920199,8.15378314752818,4.184595559837807,4.3456766609544655,5.107772397809632
3693_20221002_0815,02-10-2022_08h15_HIVE-3693.wav,3693,1.0,LOW,219,438.0,440.0,-427.96179794047106,132.66230324264254,128.96697937430702,28.16602525716895,27.631946542861513,6.951394564389738,17.247871204554315,6.610994442033138,-18.48249732672734,8.280938321163312,15.60756208639244,5.976891584743359,13.841966856983603,4.777898654242478,14.101811867379114,6.167841189817833,-22.66132953424435,7.5098341994668,-0.24410480164687348,4.9591436826526545,4.20872049626433,4.524976877567393,9.107564351750606,4.240877914477584,7.615836997753455,4.120619905059704
3693_20221002_0815,02-10-2022_08h15_HIVE-3693.wav,3693,1.0,LOW,220,440.0,442.0,-430.5095758406582,131.59856988641562,128.45141156029032,29.02314064872027,26.590997224272893,6.994260556538003,18.499977920365122,6.61664280970483,-18.236606097742165,8.53831054579575,14.549324094956638,5.126645534517766,12.302839136294187,5.298636012272745,14.060674364866527,6.706561482692023,-22.80826105974002,7.450045513479733,-0.18104736329284363,5.2544703051836095,3.5561816713249543,4.840817019624019,8.035215983689115,5.157136940476805,8.067118379620329,4.465123870575926
3693_20221002_0815,02-10-2022_08h15_HIVE-3693.wav,3693,1.0,LOW,221,442.0,444.0,-435.2191471600739,142.62222714046004,132.94536724256153,26.211730190646232,22.53037564085569,6.487024451575697,15.21818956243305,6.503376057921624,-21.381559096755293,8.242802258555665,15.394331773943788,6.054109118260068,10.559240530635897,4.195728349056091,15.918965261408056,6.009787701856957,-25.399087603917824,7.709781439227799,0.2321334532714395,4.860559563833948,2.815109505655182,4.745731224743293,8.5223296582372,5.645673952311852,6.119514616631434,4.719286086016736
3693_20221002_0815,02-10-2022_08h15_HIVE-3693.wav,3693,1.0,LOW,222,444.0,446.0,-435.35880361233995,139.9885516101479,131.1305060952439,27.16856961559361,22.833313373400077,7.2347093626498715,15.737119502554396,6.034203837842223,-21.659854901217344,8.596940382367157,14.374177715677703,5.68530319211658,10.271326292529325,5.417000767560615,15.7101550116697,6.08964224735296,-24.78176357592168,7.799124596897471,0.7650886918556374,4.6186565292927835,0.3619574502927142,5.374666374196145,6.181721715046203,6.052917149736416,6.818509310946483,3.9609066442275287
3693_20221002_0815,02-10-2022_08h15_HIVE-3693.wav,3693,1.0,LOW,223,446.0,448.0,-433.6086498558752,146.1685662116876,130.74950123625348,25.794272567843205,22.23640248400773,7.611109983497232,18.500669051395512,8.622538163317653,-22.46859182890453,9.516260735228725,12.889692531343082,5.338688669818943,10.841768358451032,6.087588694338086,13.810280714543433,5.477850159136047,-25.65550867943108,8.514444518168101,1.3884662030449724,6.211578087045606,-0.4604055745810131,4.846614813018188,6.349431754475474,3.8985061225482696,6.271147903703729,4.073075075784628
3693_20221002_0815,02-10-2022_08h15_HIVE-3693.wav,3693,1.0,LOW,224,448.0,450.0,-437.32993037552103,143.54296447102053,132.3539255577533,25.586326402929796,22.59490898821292,6.434856786238213,15.014482812562674,5.805235821492078,-21.54153337096706,7.940522267368328,16.721181586365113,5.9361834590161,11.549741722600807,5.171336204287441,16.943012728465895,6.464169027150132,-23.988848863827226,7.111682139999248,-1.0671539065785445,4.727518752501637,-0.11206958218337154,4.742942435772142,6.698370620302862,4.645979274355958,4.920397944620744,4.8194361894216415
3693_20221002_0815,02-10-2022_08h15_HIVE-3693.wav,3693,1.0,LOW,225,450.0,452.0,-437.7633188410144,142.42637162963638,132.1533149617614,26.068428292369493,23.190117770310614,6.87261565682488,15.2011126565475,6.274114283335936,-21.482284484238985,7.904583517935249,15.074738932357002,5.508279540971641,10.198690445807383,6.122031514495549,15.085836109672018,5.289855005704299,-24.968742642803456,7.656799772518582,-0.6734158970190942,5.652466444688301,-0.7396615652664356,3.339977869182104,7.252265033842762,4.967096540706702,5.090680698097526,5.564928717360904
3693_20221002_0815,02-10-2022_08h15_HIVE-3693.wav,3693,1.0,LOW,226,452.0,454.0,-436.35812655159936,144.6993944487926,130.29344241475158,24.169985812421704,22.763765703795503,7.147430119349072,15.881725420789929,6.3859808947059955,-22.621322008819035,8.96713227537628,16.20014587105495,6.6582529363027305,9.394313740565025,5.550933771460412,14.885409703946424,5.9997812186461585,-24.631327747619295,7.635518026845085,-1.153587800557176,4.965163304709551,-0.7005181012356702,4.1815319384269465,7.238900788832626,4.633895005362102,5.140392712395869,4.066003810557851
3693_20221002_0815,02-10-2022_08h15_HIVE-3693.wav,3693,1.0,LOW,227,454.0,456.0,-435.4301028493201,143.86811770603288,131.65356418140863,24.53447700192532,23.31073481332332,6.708863132953715,14.643096940855674,6.642205297091547,-22.518347144382403,7.708671611441306,14.685912588887199,5.890215781871271,10.209772966235873,4.958833801520758,14.98551605043833,4.952251710811454,-27.334006464689256,7.595260236807535,-1.796965772091102,4.935580366853471,-0.3215756178167086,4.063881742087608,9.234858426036684,5.483897590817448,3.999976844799152,4.9444964004564556
3693_20221002_0815,02-10-2022_08h15_HIVE-3693.wav,3693,1.0,LOW,228,456.0,458.0,-437.15535954178324,144.2370140519966,128.16909623225243,24.97651496839594,23.31313120079451,7.002664706491188,16.26011091012195,6.516628538909246,-21.716355556759485,7.287436091392886,15.400834005785594,5.659516815192091,9.237159202115084,6.211660451365845,14.99014094186166,6.59043289672111,-27.05958285247249,7.5425042867190015,-1.6117521888329922,5.713658203259726,-0.13109084517736336,3.9167297451349956,8.55677843504624,5.010557274918797,4.725983347129794,4.273427684025305
3693_20221002_0815,02-10-2022_08h15_HIVE-3693.wav,3693,1.0,LOW,229,458.0,460.0,-431.8509585336519,149.59227086444352,133.05516996041612,24.956628741156024,21.70792344609656,7.436066877897417,17.047280817895306,8.932389834328484,-22.976778178037844,8.565392186790996,15.732652610905173,5.031991449543362,12.25540964245996,5.059817830731629,15.012080140786347,6.093174254229298,-26.281488345754845,7.207693790495064,-0.8281511688461745,4.55517509965531,0.551723056079571,4.866166175055584,10.427056520158692,4.440135243985389,3.463175363391145,5.253653336496678
3693_20221002_0815,02-10-2022_08h15_HIVE-3693.wav,3693,1.0,LOW,230,460.0,462.0,-436.730190642276,145.97148152323632,133.64195988312304,24.227319818696575,22.276541916021454,6.731022455537309,13.6327566562393,6.1957381216552765,-21.402894104050045,7.608922714338353,16.295890152964482,5.790498535894007,9.979308142315041,4.470808705535976,13.67106427467248,5.770234361484232,-24.936130788829146,6.874631867288447,-1.0279930489481024,5.162871430505169,0.07714825264048561,5.010072550266622,9.850447533807733,4.815665748452599,4.637651636383173,4.784459120309145
3693_20221002_0815,02-10-2022_08h15_HIVE-3693.wav,3693,1.0,LOW,231,462.0,464.0,-433.982312104329,149.274823002452,129.60277184092703,24.787829539396103,22.116396251426583,7.791187573660189,12.911431167479694,7.454884687949267,-21.477536992940905,8.27951729058741,13.188476624005311,6.442164758860452,9.809966098081775,5.58994519519286,16.135172177200833,7.1264763201816175,-25.802596541196042,6.580026455770069,-1.779572569155234,4.641400510351841,0.3149682941811424,4.170539310561109,9.730781568733633,4.374100756697849,5.240867874134704,4.642308954760565
3693_20221002_0815,02-10-2022_08h15_HIVE-3693.wav,3693,1.0,LOW,232,464.0,466.0,-436.94253131552733,143.27544355389506,129.93291689585635,24.99764199934461,20.564446205197505,7.1056718870406606,16.29622132867329,6.511613183614031,-19.962334249504234,8.006622524482426,16.003425538287033,6.397740655842641,10.619055522722544,5.8215114426634385,15.23044635605624,5.642956417115864,-25.41812063669482,8.081500198498082,-2.700775847534951,4.440012851372936,1.1848386369019246,4.823270641014921,9.800115008472616,4.75887448606536,4.057706588672816,3.6474593000973146
3693_20221002_0815,02-10-2022_08h15_HIVE-3693.wav,3693,1.0,LOW,233,466.0,468.0,-429.94575289067916,143.68848199733918,127.03574406430963,25.363375440995213,22.30681220349993,6.892268675553733,16.729669452764544,7.971378465439398,-24.471217837183264,8.659858041233441,15.221410962133373,6.003828710046826,9.779022846182222,4.885769936892235,13.978539146708671,6.821666431432977,-25.16828842864476,7.980494785609344,-2.184107177360273,5.294157842348708,0.3241542163912263,4.989049847438812,9.583561933397455,4.343091989774473,4.235062271361294,5.031669999996183
3693_20221002_0815,02-10-2022_08h15_HIVE-3693.wav,3693,1.0,LOW,234,468.0,470.0,-438.07599645396726,145.55958318153213,129.95066993568938,25.26560069929633,22.030853525658014,6.611948531705973,16.615361349840747,6.080657446436896,-24.05137309915628,8.79885531152244,15.401336194429927,5.948107641917122,11.155171617829946,6.4074236949576155,16.454006267475314,6.869016115190852,-25.56326253535668,6.876538917421291,0.24041449713341137,5.0063001876871045,1.2021847053885197,3.8696428459048358,9.07744929641358,4.889264492664324,5.161808270935393,4.415052969738413
3693_20221002_0815,02-10-2022_08h15_HIVE-3693.wav,3693,1.0,LOW,235,470.0,472.0,-435.1234107681926,145.0829970612477,130.13271878287537,24.562800601334295,22.815781649009345,6.6256251017102405,11.681328462248919,5.840839242990883,-20.34094113712938,7.71231707768789,16.16006466052831,7.626342400897129,10.409198354722221,5.579713615293366,13.96333775258948,6.684168502537199,-26.548404777958897,7.1342985533401455,0.2536479732178926,5.768525038953,1.4221165288660387,4.467436395247711,9.186925526213248,4.466507821146469,4.115760254720017,5.285292069801071
3693_20221002_0815,02-10-2022_08h15_HIVE-3693.wav,3693,1.0,LOW,236,472.0,474.0,-441.34870944391,144.80920556388847,130.4235843534908,24.725044500847332,22.542945106797294,7.339671701246875,14.176646554504096,5.5694278176589656,-21.993317367937845,8.198229649362078,14.436896649856694,5.9166745482256795,10.731348486002585,5.105845691960462,13.9280135978529,5.93552050092526,-25.265217049971373,7.022203065287276,-1.8602335924822273,4.996736871769218,-0.3232960840509148,4.640674605348229,8.918582375177944,4.64704912679744,4.427647824768843,4.41093461272035
3693_20221002_0815,02-10-2022_08h15_HIVE-3693.wav,3693,1.0,LOW,237,474.0,476.0,-442.49784043207495,146.60084466979072,134.02350711119365,23.732335184007038,21.028726604258086,5.817186753227406,15.200144440521386,6.060973291754422,-21.596189651519538,8.019467174021305,13.999058687115308,5.819118460951604,8.499038739315644,5.10460747642217,15.51305101655907,6.68681640401179,-25.293407199200317,7.226517946823617,-1.5371854823958062,5.629730012937999,-0.2707759843072114,4.7312100002353725,8.598607222666653,5.048129274372922,2.971334918601825,5.685691103354218
3693_20221002_0815,02-10-2022_08h15_HIVE-3693.wav,3693,1.0,LOW,238,476.0,478.0,-429.8546406953044,145.09099715433354,129.2012154046211,24.754337662255875,24.094486292841815,8.02174700105144,16.69878328691037,6.265075211831017,-22.796379711585356,8.315445420585716,14.692675934091817,5.958716287402083,10.058428082815508,5.497232260609256,13.446923652310423,5.624336500363379,-26.677206695105056,7.847465245142766,-3.131950334288162,4.769150943222211,-0.5182771390377617,4.546725242526406,8.450543067137822,5.086140855847177,4.105600091169069,4.5793688514171915
3693_20221002_0815,02-10-2022_08h15_HIVE-3693.wav,3693,1.0,LOW,239,478.0,480.0,-422.5274883493985,144.52474869926755,128.8983423194465,24.93701448899113,25.591451676261382,6.614785908214292,12.157078192360114,6.2876505684148,-21.580141028196255,7.386135671687779,17.019678451227623,6.60461845089943,9.041955554584662,5.79394537574396,18.187768048347326,6.577278366091953,-30.757370186769194,9.048138569652354,-0.6005386653543828,5.61536427796613,-2.507256495109291,4.6844353690335065,8.6913805580953,4.942027432296679,3.6596948175972353,5.054138051864034
3693_20221002_0815,02-10-2022_08h15_HIVE-3693.wav,3693,1.0,LOW,240,480.0,482.0,-426.7236181652322,144.4803511448186,133.44770621081176,26.270881535464433,22.578823030495787,6.526181849331641,15.569205711885816,6.385967248997135,-22.601558049802637,8.26751514524917,15.514898462354934,6.743878413659236,9.890166551316323,4.637795355931683,15.113728814276964,5.85728925066862,-28.30556734862326,8.840818887380612,-2.0400889326785943,4.779448147686209,1.3314264300218002,4.4330616510820064,9.170086371032001,4.57377383289484,4.550976378959978,4.778247401167995
3693_20221002_0815,02-10-2022_08h15_HIVE-3693.wav,3693,1.0,LOW,241,482.0,484.0,-427.92745186301136,141.0234942340119,131.09997804815544,25.605793037230104,24.594917005199616,9.109258007710714,15.433213677764464,8.18461493725994,-22.53908217300301,7.9929362372008645,13.783270787891981,6.099174848765487,10.057117529777361,4.320552180725731,16.64110572673994,7.284933296323545,-26.401904345284716,7.5829880120197375,-0.09471841699458802,4.799703436835915,-0.2044958356331512,4.7389589756014585,8.318582056388278,5.204615061067249,4.43334008494235,4.391586090302707
3693_20221002_0815,02-10-2022_08h15_HIVE-3693.wav,3693,1.0,LOW,242,484.0,486.0,-429.574097350083,144.42191417661638,130.84781069007528,23.947285843627444,22.72418281284112,6.045221345571808,17.66493078601707,6.295150085229439,-22.682661314106742,8.832274275734923,16.087950551248966,5.640830491977721,9.568116670538663,5.051789380849669,14.617665416115646,6.2529831560040465,-29.061483435747277,7.6165703667828195,-2.574869253372766,5.439370381768567,-0.5866891916599253,4.192782425187373,7.431474240674263,3.9348438900155265,2.8192462929420254,3.92534182274006
3693_20221002_0815,02-10-2022_08h15_HIVE-3693.wav,3693,1.0,LOW,243,486.0,488.0,-430.5138952648856,146.4909093378577,131.5885868832948,24.39477454135328,22.454494451101105,6.169366993010845,16.187411415350628,5.267206613480087,-22.877199528310147,8.094607637663458,14.385359014618412,6.075361295352474,7.982204055896484,4.919820556875136,16.284170059177388,6.304974354093526,-27.69285226396094,7.595757638938084,-2.280790296574582,4.199376105051235,-0.2732361854557439,4.815788775179563,8.448856496555855,4.84478128101451,4.226235652073915,4.5154782580132
3693_20221002_0815,02-10-2022_08h15_HIVE-3693.wav,3693,1.0,LOW,244,488.0,490.0,-427.7557876305074,147.23982948822803,129.19593811549,23.987172627072542,20.9715523613967,7.20549456407484,15.321639545553431,6.267774884298436,-24.28332762825682,9.067404410107688,14.537581813367991,6.0155310853644455,7.799335412332806,4.774467351673167,16.681540282966917,6.6090300342830375,-25.259375413904763,6.665289955328883,-1.760433039424373,4.889238159889094,0.2899729655566463,4.223317106021784,8.46542568559203,4.8299056023147475,4.51516315885299,4.406938437212644
3693_20221002_0815,02-10-2022_08h15_HIVE-3693.wav,3693,1.0,LOW,245,490.0,492.0,-428.2390712883749,149.40003634189247,131.79166729939587,24.344356644300966,21.965920758542676,6.810324884807382,16.59733219739809,5.893060393201182,-22.424650667594314,7.943518084083222,14.15973855960224,5.340797947412365,9.023663841335491,6.02855967068695,16.44143627171272,6.145587406929417,-26.74671186290264,7.122696073857989,-3.4354569831579784,4.843595150981706,-1.1018377705476012,5.00094897731658,8.248382401375308,4.124313230836602,2.9924846031422434,4.526007315744888
3693_20221002_0815,02-10-2022_08h15_HIVE-3693.wav,3693,1.0,LOW,246,492.0,494.0,-430.71184156672257,146.2679655690003,132.58679015855665,23.75538070751015,21.973107890606588,7.49305984677297,16.834483015488708,6.2065406705789945,-21.48796649497843,7.534518323918246,16.000065563012793,6.203782353249032,10.892569175573136,5.581181655758533,16.84527656453494,5.486022317115252,-27.233366223989123,7.010037607174351,-3.7446263382902205,5.143803044576096,-0.20397967411077791,4.11350017651255,8.199954378761626,5.107753831611578,3.961467846958319,4.738074577559829
3693_20221002_0815,02-10-2022_08h15_HIVE-3693.wav,3693,1.0,LOW,247,494.0,496.0,-428.24896020078916,142.35322910931458,128.90515322244033,26.17351668678671,22.077578933928056,6.6896218107288625,16.67882369696114,6.752549137041587,-21.217826750867264,8.498153028436272,14.418592505071413,6.125482385322155,12.23550403008762,5.333617165092127,16.779275495081666,5.419805805597778,-27.402641024688272,8.06631904576112,-1.8877117091947617,4.474841956907106,0.42705411186505005,4.267287956852157,7.406409042488134,4.290333264951579,4.361846296426287,5.077245062463881
3693_20221002_0815,02-10-2022_08h15_HIVE-3693.wav,3693,1.0,LOW,248,496.0,498.0,-424.8594252493301,147.6889828935842,127.09987449013026,23.917332350427355,20.740184622626366,7.665783809936827,17.73901268295301,7.468031691087304,-21.59298071206609,7.2685069862317855,12.673933804918168,5.088697223605349,10.582891073601667,4.317178081575057,16.092864759077642,6.319054237115836,-29.930860641983795,8.235667482475932,-2.5223514057355887,4.634094690437353,-1.4422728802565905,4.781452539782057,5.882882964614651,4.738518887125892,3.1150572143788473,5.0573352304460135
3693_20221002_0815,02-10-2022_08h15_HIVE-3693.wav,3693,1.0,LOW,249,498.0,500.0,-425.6022266337905,141.7100516706661,129.3811567525037,24.629760655186534,21.21615152281233,6.431647235840153,15.578042757595894,6.3277268520061725,-23.126125876479282,8.34022354284726,13.888689350960815,5.060733075094629,9.589728338932746,4.91546849543893,16.233579990954315,6.921363114122635,-27.539801809405613,8.255663931695047,-3.426772862496535,5.810916176889,-2.0376145908808576,3.9858850850771135,6.519946837990377,4.594102113756469,3.6654958793105576,5.093264502259126
3693_20221002_0815,02-10-2022_08h15_HIVE-3693.wav,3693,1.0,LOW,250,500.0,502.0,-431.31919011204326,147.5227128797227,129.4294494148779,23.04152314518354,21.53849317603326,7.460649479101782,16.478567341528244,5.912147653023423,-22.363642289783545,7.087531734131225,15.30721219374165,6.23966928175652,9.475622642963318,5.536435740733898,15.342346037307154,6.048144876469201,-27.950948944311786,7.869333031618299,-1.4728034604875102,4.5564701692752845,-1.8727571240357788,5.818316469391865,6.876066954995509,4.170359118514516,3.054781246384666,4.709881669221046
3693_20221002_0815,02-10-2022_08h15_HIVE-3693.wav,3693,1.0,LOW,251,502.0,504.0,-426.09457548624005,147.74478203888017,130.1028494844644,23.129546668639403,20.812914715791358,7.735267883177116,16.4320929275955,7.305432985107864,-23.32877620759714,9.163193290040395,17.977015036377427,6.41994212599035,8.134661319219513,5.0469470845335955,14.990103136788619,5.878191660309835,-27.44448373082896,8.543377847664964,-1.5272826590420225,5.039408804903313,-0.6076449539006712,4.029145623146043,7.0919508407524505,4.923216622363418,2.954131775831265,4.667965829094334
3693_20221002_0815,02-10-2022_08h15_HIVE-3693.wav,3693,1.0,LOW,252,504.0,506.0,-429.81006321605804,146.4583893749095,128.1713621059887,23.6098737877742,22.64846262572003,7.344487777948966,15.191700994415056,6.304774883862895,-23.70198728899332,9.480504716177611,19.249443325408244,6.443084945588316,10.150275995884616,4.1017921175564735,15.039505582533243,6.412463996306247,-28.42884227800385,7.9767668323693695,-0.7995537619408096,4.151150178988283,-1.5834748987050336,4.520993325240797,6.245686008584409,4.334573107618569,2.1522980604604394,4.466814184052123
3693_20221002_0815,02-10-2022_08h15_HIVE-3693.wav,3693,1.0,LOW,253,506.0,508.0,-427.03872763965524,138.57750612724212,126.42160712529706,26.842578406010343,24.221764391063587,7.254616451007823,17.149335350937598,7.20980643930285,-21.77596652138185,8.757654427165829,18.271277676149058,6.845825801245854,13.032572053594048,4.968205545270685,15.72525833615595,6.1041174852034805,-24.49236299324968,8.525778777067945,1.6680265191288877,5.001165526857116,0.6869030575683985,4.806721605610233,7.617196989093215,4.9783289532043815,4.361842272485186,4.737806246847441
3693_20221002_0815,02-10-2022_08h15_HIVE-3693.wav,3693,1.0,LOW,254,508.0,510.0,-427.62697848638265,142.6454316545597,127.91095627812062,25.896686163957163,24.73651910272762,7.620285347186765,17.01225113952187,6.361242122557315,-19.34865016033554,8.098664581128217,18.4053818788368,5.86448422821663,12.202896495015613,5.434453553527972,17.33046948745491,6.43720324572267,-25.455739867587358,8.605566798235117,1.3430810905970594,5.004109689361892,1.7089440365776407,4.207011276295,6.7962781709139755,5.024843958548126,3.6840231130155283,5.062204675215801
3693_20221002_0815,02-10-2022_08h15_HIVE-3693.wav,3693,1.0,LOW,255,510.0,512.0,-426.1081652946673,144.2898552044139,129.58405117852845,24.661782142096694,23.98048964900078,7.436176631303997,12.818865403718728,4.75787299213752,-21.726164409218164,7.965033849377287,15.225942019737014,5.24971905548367,12.175021288157398,5.578484085195117,16.7629600588131,5.839645452191581,-28.456005105474443,8.862622096981186,0.26450273125038914,4.957456117603447,-0.9921509487852211,5.173615195181368,6.314595288582785,4.040365367372499,2.8953271743852547,5.545608113475437
3693_20221002_0815,02-10-2022_08h15_HIVE-3693.wav,3693,1.0,LOW,256,512.0,514.0,-424.03945038173094,145.3852772153198,130.26776127754312,24.589582767208086,24.283659529344295,6.398781738363809,13.20200207303406,7.441023798708446,-21.14182731800261,8.003475215923745,16.376517458036698,5.761100047285622,11.875571109577347,5.177302739838209,15.010390662529481,6.0900441996825005,-31.388995356852103,8.717947531809141,0.3117264263139947,5.10490926958463,-0.9603435120365178,4.488154135024392,6.462071863641161,4.383331959942439,1.8356921646019448,4.279862438050326
3693_20221002_0815,02-10-2022_08h15_HIVE-3693.wav,3693,1.0,LOW,257,514.0,516.0,-421.8203646947681,144.3742484228179,130.6590498613147,24.67090228984419,22.30712486123914,6.98260903003126,14.279428244519274,5.6423809684635495,-20.789801069170906,8.445345609472591,17.496782857344456,5.702257970809325,12.150748149707626,5.062489748259997,15.58745364539064,5.898419938528708,-28.279539912644758,8.188455376924203,1.8784029977399272,5.138485152450244,0.6434955549790545,5.5414491459181185,6.793720769813614,4.526045385604581,1.9696877584216674,5.0258815398039225
3693_20221002_0815,02-10-2022_08h15_HIVE-3693.wav,3693,1.0,LOW,258,516.0,518.0,-427.13608964389215,145.4178636208407,130.05397135513425,23.78441202648066,22.48993871923172,6.58762411356316,14.629868307044266,6.083810784750513,-21.853259538979763,8.446515839675419,16.878869861516524,6.410442000562318,10.821963284303788,5.486751269248166,14.677990554955617,5.641107228529786,-29.94718879124857,8.134111350327803,-0.880432489700275,4.697831836138863,-0.5690739224011335,4.230116990412305,6.34347532257004,4.586819274953952,0.833809035223918,4.877387655444387
3693_20221002_0815,02-10-2022_08h15_HIVE-3693.wav,3693,1.0,LOW,259,518.0,520.0,-426.6106629176385,145.86245504447993,133.08962001393203,24.472747232608114,19.61787772570649,6.895411161487566,15.077017879316902,6.120058827219649,-20.436474022710783,7.789163425135687,19.11125914049914,6.064660091962641,11.180299589998423,5.136463404156031,13.153742877597344,5.730566403790547,-29.104034944579904,7.152386022560408,-0.6892807997812275,5.64760655451337,1.6442262830307588,4.786379804242934,6.053577578518376,4.671921822733856,1.1788116312010206,4.600990200390781
3693_20221002_0815,02-10-2022_08h15_HIVE-3693.wav,3693,1.0,LOW,260,520.0,522.0,-425.7873951446505,148.83468190474292,131.4658349348368,22.74748964114131,18.989992915364173,7.249507749666132,13.97051413089262,5.389151871275271,-21.578199682012055,8.255274579138733,17.9371438212404,5.479821612319469,10.329455618975294,5.081267251797655,15.8650519168751,5.68423118759796,-29.439022143261447,7.466867012756727,1.183848747729477,4.9441074463305394,-0.2878534165171034,4.868313045532004,5.7181555503697306,4.505043549145342,-0.2929318377440559,4.659424358870546
3693_20221002_0815,02-10-2022_08h15_HIVE-3693.wav,3693,1.0,LOW,261,522.0,524.0,-425.34407586285005,147.1157029196111,130.75771940670424,24.41926157752987,20.64546995577289,7.333757198173932,12.54565320475192,6.772675294097914,-23.106527509581696,8.326460597234577,17.44250813936702,5.396964589123131,11.679531264461616,4.987628224900737,13.905944505466437,5.7577423605711076,-31.173900939435264,8.333783880603288,0.6069172832335539,5.396271464710785,-0.022645555662391466,5.149891305131209,6.068899448046844,3.8390884102749525,-0.2351235517094539,4.930250649207731
3693_20221002_0815,02-10-2022_08h15_HIVE-3693.wav,3693,1.0,LOW,262,524.0,526.0,-425.24655517078327,146.2665839985868,133.17390300698884,25.773261449895813,20.38037874320559,7.51539464963979,10.733298896762424,5.459038321132063,-23.897659450248305,8.51564340245002,17.335072674950027,5.126650822456454,11.147826275211012,5.292029153562743,14.376072602495908,6.021609884531875,-31.609162663190528,8.331931242252058,-1.4060788540847284,5.815045070630329,-1.6344479317813438,3.634509081450311,6.081065213191462,4.6547274387285595,0.534797847232549,4.3717599416732424
3693_20221002_0815,02-10-2022_08h15_HIVE-3693.wav,3693,1.0,LOW,263,526.0,528.0,-429.96660157346037,147.63267984175602,129.11910273944926,25.004564390001757,23.01701500221465,7.187622812224206,12.27907102866971,6.039241727030316,-23.607036117085322,8.846529732919107,18.188342867422882,6.113131622005134,11.721442290501887,5.561343275904004,14.846446395138527,5.535317454299452,-30.379570493867313,8.102181794797445,-0.1320761805529768,5.942612389898173,-0.5301968214545529,5.2285031514100275,6.5050042271441395,4.277578855619872,1.1415789463376362,4.893642568725564
3693_20221002_0815,02-10-2022_08h15_HIVE-3693.wav,3693,1.0,LOW,264,528.0,530.0,-428.0536940918658,140.93965251601708,126.05182778136341,25.354242922913883,24.014113982977474,6.549115659906162,17.739029416051732,8.500257239875303,-24.560133927026687,10.187103113534919,19.43909097811672,6.249734682859401,14.101777856991529,6.286481457670517,14.85652017851931,6.901813587985816,-26.23949415404216,8.018844714678757,-0.03284258194445383,6.386970474639376,0.5094911388265829,4.115345728907587,8.271476816562872,4.983409874975352,3.0151341090193906,4.434729982389019
3693_20221002_0815,02-10-2022_08h15_HIVE-3693.wav,3693,1.0,LOW,265,530.0,532.0,-424.15718874487646,148.5572500726288,123.33651507728456,24.752006774714943,22.07310937850251,7.380280582624684,19.731085437180614,11.012162038035584,-28.815485391815717,12.443519728339739,21.117056336050823,8.00670403426765,14.189888374230343,5.70919967730198,14.255703510037629,6.014005132184512,-26.852057275651237,7.39282026257321,-1.6489196959826087,4.1301350907568875,0.36734681817426307,4.42205797320172,8.000479828804576,4.370441581494235,2.4974441276155077,4.588382652421746
3693_20221002_0815,02-10-2022_08h15_HIVE-3693.wav,3693,1.0,LOW,266,532.0,534.0,-429.8794895320237,148.6732776489881,129.8926673534009,23.962939987274616,21.370514758634478,7.3744325118793395,13.694019226610607,7.21537463018209,-24.905378020306433,9.652562462608532,17.24738994066903,5.7130575481087496,11.45360295124437,4.9277681224234025,15.695816238807547,5.387201069929857,-29.32218181058407,7.431259295382635,-1.1735134333574573,4.952029644411083,-0.3889511691040335,4.746361219147401,7.981625001611042,4.373135186786666,2.4732989035195856,5.18988044315873
3693_20221002_0815,02-10-2022_08h15_HIVE-3693.wav,3693,1.0,LOW,267,534.0,536.0,-426.6392890989472,145.57941193574018,130.43088556006236,24.834614837791687,21.42355373249874,7.273732386045447,14.629885404166181,5.906455030420567,-24.552358858727473,9.057090039356574,16.863995708926858,5.7674325292126865,12.561213054952898,5.250148964392773,14.599530835830805,6.737342001262922,-29.86824037798211,8.374025294735047,-3.474070648726529,5.622305349814982,-0.04423039641090318,3.9763375867106956,6.9197384219711715,4.79867440299556,2.705157333859765,4.265978427201692
3693_20221002_0815,02-10-2022_08h15_HIVE-3693.wav,3693,1.0,LOW,268,536.0,538.0,-430.08587783224084,143.34209908942094,128.725664973528,25.121596228703055,21.986540243275165,6.5044305752458005,14.17095312537583,6.72913029784014,-21.138053582346714,7.95930460421039,16.44328944109535,5.710284021509997,13.033221401384731,5.771643476419391,16.85910612351506,6.963858653328125,-29.146624570496527,8.082269886386483,-2.103251445547178,4.9376295174584,0.8910867749723336,4.006774012460457,9.182026656753479,4.707297261321476,4.311031847681328,4.71291737245024
3693_20221002_0815,02-10-2022_08h15_HIVE-3693.wav,3693,1.0,LOW,269,538.0,540.0,-430.84179136140506,148.5067598424024,125.8912506841483,23.80720496730923,22.857343943378694,6.8328181663207115,14.31310056551565,6.56727245406044,-23.48424138345089,9.103039212050875,15.501609294814537,6.103162781810253,11.307567184017062,5.707332057008421,15.858216982888568,6.6938139045287555,-27.31752774781525,7.072611027493106,-0.1434496274279933,5.5424963648582155,-0.35922652733153687,4.387684425815554,10.311169477893692,5.558170793346288,1.5202787489261211,5.766042269358389
3693_20221002_0815,02-10-2022_08h15_HIVE-3693.wav,3693,1.0,LOW,270,540.0,542.0,-429.64763795255743,144.24038986113018,128.84476961108777,25.328645650920937,21.902150572921002,5.600954367293222,13.68506451339653,6.791627004942663,-23.514643557539724,8.332475067302932,13.782199517329651,5.7401617232983115,12.548690381559954,5.328418835462348,18.35718771660805,6.126565833864693,-27.834998882842076,8.724168683207148,-0.7050327214867449,4.328470363720559,-0.46790854518569036,4.826016898946813,8.43057044506662,4.636469838496752,2.9208607221307696,4.482024289272844
3693_20221002_0815,02-10-2022_08h15_HIVE-3693.wav,3693,1.0,LOW,271,542.0,544.0,-430.9815102418019,144.97505865565512,127.2664937717021,24.524005990529425,21.808023213224782,6.039731364157337,16.354015387780095,6.654444586032421,-24.422390337977976,8.928607983580987,14.93997739759311,5.038685416035926,11.75727825475772,5.530830052406664,17.376403482549907,6.479807342687712,-27.120131854839165,7.834671217289528,-1.8324924519262469,5.546549295972117,-0.8124076914681921,4.458264999546767,8.639925013329947,4.365311177861172,3.20862699065462,4.0000443682738
3693_20221002_0815,02-10-2022_08h15_HIVE-3693.wav,3693,1.0,LOW,272,544.0,546.0,-429.47663881946625,148.71642067475773,123.90491895886281,22.241810671758238,22.279907642197454,7.163715151752762,15.803541565456467,7.003284923640036,-23.58872044799254,8.521225274336317,13.48530380458688,5.891265458218252,11.29998027373388,4.658438186661222,18.52260495777826,7.056105355543031,-28.979287864327503,8.37950350790096,-0.9436533241658058,5.223760860398353,-1.2481577225231173,4.76591544797645,8.487704956060723,4.910153522118933,2.8211922169172063,4.935097684612015
3693_20221002_0815,02-10-2022_08h15_HIVE-3693.wav,3693,1.0,LOW,273,546.0,548.0,-432.26287562051346,150.3437390300855,125.503303163113,23.74317944116336,22.505721065635797,6.976437604819097,18.438097894445107,7.242028796185174,-25.379321815704422,9.08268903109044,13.938527711220042,5.486454276768101,12.004143386282548,5.923269588711859,17.321030620417496,5.8022465036097675,-27.137450988497154,7.704058779613389,0.261057690240448,4.90243602545909,-0.612864566229717,4.718282221937929,10.251080707857719,4.5443091740464086,2.8110503272307237,4.6352035084061995
3693_20221002_0815,02-10-2022_08h15_HIVE-3693.wav,3693,1.0,LOW,274,548.0,550.0,-431.83773411596076,143.24417892048848,128.6342074646619,24.598728241111473,21.639567730050924,6.731410827927865,16.084186254741915,6.808733498737265,-23.697335742450782,8.809951126526249,13.712527252295008,5.209243943757648,11.13409773245318,4.531002807914752,17.549563435116994,6.51948137819149,-27.27668355351339,7.932156969411192,-2.04733788389392,4.889478545521775,-1.2493231403627136,4.44028648469498,7.066626726780151,3.8679008313970336,0.9174836513151577,4.825744241393424
3693_20221002_0815,02-10-2022_08h15_HIVE-3693.wav,3693,1.0,LOW,275,550.0,552.0,-431.4756150085603,145.67811874396835,130.2670623073507,23.083657608303145,21.65126674268008,7.902946558396718,16.864743141360925,6.896373000700735,-22.884165199014955,8.476837754648175,15.537614235700582,5.6293846210624805,12.253558105727429,5.312547367446374,17.393688238064076,6.412429550830618,-28.228241869051487,8.16060214626153,-1.0779507249979878,4.934549000952607,-0.7385411161670402,4.487542218256882,7.106592662278996,5.285422999104876,0.6138218012623337,4.232449043512515
3693_20221002_0815,02-10-2022_08h15_HIVE-3693.wav,3693,1.0,LOW,276,552.0,554.0,-432.12775222220984,147.02450888609488,130.17872034857427,24.341892074478935,22.313466093645534,6.305428715366813,14.43349277455073,5.666845809608009,-22.57113925708644,8.575760065515789,16.105991528025882,5.91364665147733,10.15907515915725,5.79352863530188,17.463804447702667,6.027229731599457,-28.073377185220565,8.047962104441016,-0.5537532878856919,4.861094078887652,-0.8293228477590942,4.4360973932122265,7.480921091776447,4.868110934785231,2.8523640870512246,4.1406092847396305
3693_20221002_0815,02-10-2022_08h15_HIVE-3693.wav,3693,1.0,LOW,277,554.0,556.0,-430.0334955948112,137.60293292874434,129.27711537575982,26.466900264439754,23.580743350409808,7.691656148535486,14.05412630987539,6.447351452643392,-20.903330223273933,8.129122739473148,13.976939732106901,5.964221886851646,11.390866616964614,5.747259185691966,16.546651282005282,8.03681922392581,-26.046714424260408,7.387184007732128,-0.5001415508089604,5.452423472212419,1.059713296617165,4.663307662656843,6.7382344559211775,4.829575678459034,3.1069409881711576,4.472170235275806
3693_20221002_0815,02-10-2022_08h15_HIVE-3693.wav,3693,1.0,LOW,278,556.0,558.0,-428.71607531067156,144.27708227510718,131.50802111547426,24.17331213017292,22.385762778894957,6.444946948422236,15.700546367443192,7.30190257362155,-22.097461788862372,7.4952886584793355,15.008727351010824,5.50011440991843,10.540709968397504,5.178263567142605,16.40669523344692,5.386996688274554,-26.469232795619455,7.900105386589415,1.3582690256275667,4.807122145360629,0.3352384770794776,4.52337072333421,5.932307920756952,4.740260983987151,1.0123909463808876,3.8990736325177715
3693_20221002_0815,02-10-2022_08h15_HIVE-3693.wav,3693,1.0,LOW,279,558.0,560.0,-418.3148990911688,149.6258184409414,122.26847967734757,25.42830274517026,26.229066075768564,6.731177151390033,14.579741531752287,7.29282142790772,-22.11797975002038,7.738406230505253,13.050508675486165,6.467087106149841,9.757314851502287,4.962467772950414,15.420900229107264,7.10121073187448,-27.44989378222143,8.382468236733233,-1.1040398327299703,4.333842328296332,1.2456223954372558,4.34326830773389,7.28254133982375,4.180329855539406,2.4454721065759273,5.497609422303731
3693_20221002_0815,02-10-2022_08h15_HIVE-3693.wav,3693,1.0,LOW,280,560.0,562.0,-422.5894417942008,144.17835036405992,129.90585217322987,24.529644463851202,22.430413277376672,6.359090725804052,16.97711305833704,6.546489264094204,-20.996323516900823,7.7049729457364755,15.778871411029007,5.829264022967129,11.288165353071193,5.6062308881732426,17.18645295751923,5.789270728184905,-28.63487063468546,8.439052258617338,-1.1135537650883212,5.423024164852417,0.8407883819097604,4.929646587816913,7.354876042627647,4.5803649903017165,2.008256629329257,4.2176486535439555
3693_20221002_0815,02-10-2022_08h15_HIVE-3693.wav,3693,1.0,LOW,281,562.0,564.0,-427.54096108381776,145.52365041567106,130.3596249457725,24.146260983690944,23.11899124019047,6.822390108578641,14.838745204949811,5.935216495281003,-21.964169113619374,8.719419769808546,15.073984978603251,5.8831377261513556,12.087680249016023,4.580061690466475,16.77830025523776,6.580168566192768,-29.69593157733674,7.72779833536301,-1.5692306085279357,4.616165617653323,-1.142256221641332,4.644737792250573,7.204481798169419,4.249513179931413,1.6839485281956688,4.427753027977283
3693_20221002_0815,02-10-2022_08h15_HIVE-3693.wav,3693,1.0,LOW,282,564.0,566.0,-427.3320779746702,143.81056669379288,128.4618008105036,23.63337858351152,23.86478942500066,6.641676997478017,19.53405104245081,7.367025767818534,-22.793653382994677,7.899826795360811,14.543999996670715,5.032624296135795,11.664588213569676,5.60199163582868,17.423724247669746,6.810748178236189,-27.309493076384175,7.737745934308166,0.9656211653680723,5.396523213913165,0.5779066291593252,4.497345392385651,8.603539876632091,4.52997648151024,2.872789798825685,4.110444080683239
3693_20221002_0815,02-10-2022_08h15_HIVE-3693.wav,3693,1.0,LOW,283,566.0,568.0,-426.1399364469699,148.2657384272854,129.5687973825798,23.39311095897487,22.04143464270524,6.3764687418843335,15.379646670254022,5.724756998484233,-23.285729913830107,8.397096813766957,16.517950303432293,5.58938047740588,9.401704676069421,5.672791755035712,15.654905489035047,6.705134145715758,-28.316691027406645,7.223530937935465,-1.3052243882870898,5.616500914224461,0.16017095261781714,4.947256440672527,8.049072715783417,4.656946666320762,1.3952753203857011,4.517539528856113
3693_20221002_0815,02-10-2022_08h15_HIVE-3693.wav,3693,1.0,LOW,284,568.0,570.0,-429.9921039048558,145.6089807469103,131.4514363207721,24.732696180882247,21.797556161300847,6.256943215948488,15.527969722502993,5.272136773572894,-19.844966522741647,8.366125014217413,15.513125598122084,5.672764687945926,11.539586837059309,4.7738128790556305,15.39563649571463,6.067417613358984,-28.296872281712073,7.874265807927147,-1.5335511117424396,4.763937374991166,1.2460581756165008,4.79568748683504,9.968643123482586,3.9137448912332373,1.6478125300350557,4.334945457161699
3693_20221002_0815,02-10-2022_08h15_HIVE-3693.wav,3693,1.0,LOW,285,570.0,572.0,-433.4778367718025,141.1658059802675,131.61414162495151,25.802780868541955,22.673252510922083,6.3639971315789134,15.90139231318509,6.296563301616911,-20.81956732815825,8.250732609699842,14.634452170540708,5.533289652224972,11.461826142903737,5.050607163741441,14.514409348827872,6.097331048031733,-26.90076749304619,7.788136986542901,0.6369320536113215,4.43682947448713,0.9912346389350692,4.402547728780148,7.407010186679236,4.743880983317463,1.401625616505053,4.039957017053342
3693_20221002_0815,02-10-2022_08h15_HIVE-3693.wav,3693,1.0,LOW,286,572.0,574.0,-430.73768506329947,142.12483773448426,130.64003139307053,26.456476672292833,20.48744808362275,7.025533234209683,15.28718523951239,6.229169121282579,-20.74329811476628,8.40046117910922,15.443546783577215,6.092340141063237,11.693481317618673,6.083966283425137,16.208602764183905,5.406453731736562,-26.20746927995805,8.098012381009871,-0.45298956515675737,5.091670277753786,1.8289046983266322,4.743906046811491,7.826590096550318,5.508569512374567,2.351010741719379,4.5903715240041825
3693_20221002_0815,02-10-2022_08h15_HIVE-3693.wav,3693,1.0,LOW,287,574.0,576.0,-432.69542334753925,146.04949382041775,128.99412672170482,24.718646992298662,22.17632916210533,6.194871284903477,16.63483923350984,6.215155859496289,-23.46579149434832,7.985577786581967,15.06064123105228,5.304128498307805,14.161813183426634,5.3306163762099015,17.06831554347901,7.331032351716359,-27.993573109639136,7.640554519507568,-0.5580628233088175,4.884151125128877,-0.6774425564915485,4.540898047123274,8.92062652633237,4.4475687621712945,2.799359315490261,5.089840770572781
3693_20221002_0815,02-10-2022_08h15_HIVE-3693.wav,3693,1.0,LOW,288,576.0,578.0,-430.71350649875853,140.30077402614086,129.2812476146114,25.902493451942075,22.652412856988622,7.0106837889132825,14.07968529446287,5.928457779454503,-21.495222903975268,7.967095394732588,15.67062531843069,5.5600722662428,12.986627752146417,4.502374334183576,16.74102644233328,5.956179767644651,-27.813776680572637,8.408422348422981,-0.231985480468078,4.675599890149222,-0.28837094278778547,5.383098460611043,7.746581908850406,4.878625194495836,2.6012812418252182,5.111654677075893
3693_20221002_0815,02-10-2022_08h15_HIVE-3693.wav,3693,1.0,LOW,289,578.0,580.0,-430.75393631322953,142.15665396560777,127.54686931602907,25.30905366434889,23.616689451330313,7.198239557942931,16.851044209557525,6.395124033668828,-21.53515096355421,8.6981840283944,12.766069356833087,5.233269661612371,11.744748304253132,5.50088851567012,16.768639523578848,6.770398751673189,-26.364192251110342,7.930274293233136,0.32897146831664764,4.832718071724003,-0.42801911370533596,4.443762583419762,7.777626895136329,4.389054155019052,2.504549495991365,4.252329610241757
3693_20221002_0815,02-10-2022_08h15_HIVE-3693.wav,3693,1.0,LOW,290,580.0,582.0,-437.60679994815365,146.62208494708162,131.15017731746102,23.111073352513884,23.047293895993054,5.739409883723347,18.11898741544348,6.7641835792918075,-22.980990526981678,8.513395869550745,14.347069355609145,5.498385892957264,10.307115007758913,4.813378615681844,14.32909050915832,6.328422130441684,-26.764096741453418,6.644533502221901,0.09972525441933518,5.493620582768177,-0.9237142139261503,5.133212959285177,8.369901550026468,4.863434828313945,1.8280987613241604,4.654698538004608
3693_20221002_0815,02-10-2022_08h15_HIVE-3693.wav,3693,1.0,LOW,291,582.0,584.0,-429.31644700062157,140.91626901114884,124.14572546383896,26.83841183410605,25.333426566888377,7.652968234958244,19.23782126483662,9.2320089927504,-22.310482588111793,10.338975125880657,13.961034807285458,5.440151982419631,11.38147502825535,4.914922822969334,15.291901965579166,6.361189052317823,-23.52926099421919,8.128580760570108,-0.33990756621466733,5.604615013939818,-1.277349054142845,4.546107265235592,7.725227850021227,5.133394305028168,4.2056036738494464,4.828048752909776
3693_20221002_0815,02-10-2022_08h15_HIVE-3693.wav,3693,1.0,LOW,292,584.0,586.0,-427.8398187330217,145.43584053889012,121.75577307073985,25.282423955339425,22.314251647808703,7.653029416527482,20.241194013221403,10.949736798896307,-23.095407722406524,10.57750445073874,14.663834307951532,5.842463801707095,11.783834086080335,5.721834991153725,16.065005005158536,5.933830331330264,-26.15396615075693,7.846933661391278,1.5133980359891186,5.162266071226652,-1.248550441198751,4.47724369154903,7.8533955692634505,5.522275775504024,4.521379654650964,4.271390628620169
3693_20221002_0815,02-10-2022_08h15_HIVE-3693.wav,3693,1.0,LOW,293,586.0,588.0,-436.0641527744048,146.10574914598834,131.41053319557162,25.076412116154085,23.70299229397544,6.0757023702407915,14.4427025258135,6.060732242815617,-21.290242443832334,7.9476226951673565,13.840363823175638,5.073714973091484,11.752289342849869,5.302811569272493,17.16608338871459,6.454479094325716,-26.715447208437908,7.21132683906676,0.02118388282255371,4.561715917806056,-1.381320978956141,5.05524917398317,9.091240948963847,4.614082496214577,3.603034777149041,4.752219515684858
3693_20221002_0815,02-10-2022_08h15_HIVE-3693.wav,3693,1.0,LOW,294,588.0,590.0,-431.8897900083586,146.2137361305478,126.72020249382717,24.33502052503886,22.40962741644954,6.883107396746325,15.285055544880317,6.33695460011658,-21.14800027704015,8.363777892307644,15.845333688951401,6.688590570164917,13.673956482205787,5.333865886624379,16.010760316931925,6.176426995834582,-27.96623832866189,8.594632626424328,-2.0374378797178307,5.214183634940467,-1.7394499433384083,4.937924611649631,8.45710621235636,5.404695715899292,3.613685017961907,5.271997682039371
3693_20221002_0815,02-10-2022_08h15_HIVE-3693.wav,3693,1.0,LOW,295,590.0,592.0,-435.60566198828786,146.28997065295792,130.1353294415182,24.074253786509555,21.0734889949703,7.37281099235187,15.039427404149167,5.975064521341976,-19.519731536104114,7.31605989625218,13.919394109673584,5.393202617649556,11.982800318565879,4.689341177860526,17.73267804117474,6.1756782120694345,-26.801541348221097,7.215991054216808,-2.170122644359998,5.40547324833431,-0.381307518378556,4.699890683172523,9.492218376587552,4.833714052029423,2.1563249062601613,3.4659732775337377
3693_20221002_0815,02-10-2022_08h15_HIVE-3693.wav,3693,1.0,LOW,296,592.0,594.0,-435.82102733276304,144.53769797066906,128.60319549460618,24.539988258034786,23.237007588701072,6.682245421677721,14.252868907774761,6.374511833927315,-19.946605603474232,6.593191820715526,13.566293152797428,5.9863784493972165,11.1283200657722,5.88880035873457,14.233362475653509,5.361581097888118,-27.734751321120957,8.080597329349484,-0.7832592582401849,5.297532377854365,-0.9169275281282756,4.234324839667221,9.372998596032017,4.957607652474495,3.597515053921257,4.418960353393586
3693_20221002_0815,02-10-2022_08h15_HIVE-3693.wav,3693,1.0,LOW,297,594.0,596.0,-429.87543297416255,143.54748460066412,125.5572642194905,25.310251604828725,21.26536714556334,8.108543864510096,17.76500730298696,8.25562907327451,-21.358723528397533,8.849931522032264,15.019910172021373,6.008630021483784,11.027718201693283,4.449196228644571,15.230135910399389,5.7862380046909685,-27.49822433482538,8.505273352755513,-0.8119694242732605,5.150305280206954,-0.9237446444912496,4.477255859489234,7.926823270611731,5.334512431534145,2.1867551392176203,4.302098371610584
3693_20221002_0815,02-10-2022_08h15_HIVE-3693.wav,3693,1.0,LOW,298,596.0,598.0,-431.29541659495675,148.29233066925167,127.07024926549371,23.439094704785028,19.24530078158782,5.801048042753721,16.231656529884884,7.229799220238035,-22.79427652976149,7.774569832885109,12.480283379414091,4.390913067034645,9.81308604471674,5.372836660215954,16.983156132432143,6.4244685261800925,-28.5632484545497,7.111856629504077,-0.09934398295007296,5.517782259964383,-0.8046400123144833,4.708205729440743,7.499178439064544,3.884093601379887,2.0909974822955113,4.235683837712054
3693_20221002_0815,02-10-2022_08h15_HIVE-3693.wav,3693,1.0,LOW,299,598.0,600.0,-429.4803151246692,146.4658062867577,130.9708006382229,24.514976845840664,20.73661830420997,6.356723384082286,13.658418057012682,6.06854514704039,-18.514534885496698,7.040670619768557,15.467350336030274,5.829793240029305,10.87476003260892,4.899881380057239,17.308569111136947,6.054937531991169,-28.771050684096,7.451778570687119,-1.4794666987529987,5.171875719368638,-1.222174646713247,4.181630636214423,7.339365920536253,4.917569021582597,1.914918181765846,4.847680540277317
3693_20221002_0815,02-10-2022_08h15_HIVE-3693.wav,3693,1.0,LOW,300,600.0,602.0,-429.9835217686334,144.63785904887294,129.25370598691856,25.529553406566368,21.263001234224113,6.0265560592512255,13.150707887917514,5.196127650563513,-18.107339026228406,7.607633447287108,15.329673093039625,5.387892159295575,10.697781667225481,4.619522226130482,15.873121859354521,6.643853580570777,-27.883438083990665,7.964588429932089,-1.6056514481951196,5.363859338299365,-1.3121211334809182,4.299412500274826,6.7258900211436465,4.493551423223149,0.923218914341165,4.1998869617127905
3693_20221002_0815,02-10-2022_08h15_HIVE-3693.wav,3693,1.0,LOW,301,602.0,604.0,-429.5529907485709,145.97562390272813,125.17775829411366,23.407490387884277,19.72546175027064,6.781398769621012,15.019954200324745,6.112650368692871,-20.712983609740494,7.866175965345076,16.87229350264093,5.981041587362122,10.711841602640513,5.035417160497582,16.161322092962486,7.053481417398481,-26.50642125570319,6.446926891721028,-1.7905178798256058,5.478171168590042,-0.4241627429201636,4.370038679786653,8.399038673934411,4.743679219195201,1.4120507932161583,4.887684951883292
3693_20221002_0815,02-10-2022_08h15_HIVE-3693.wav,3693,1.0,LOW,302,604.0,606.0,-430.20890114454795,145.6973480665798,125.93094082379498,24.260458621865325,22.001249745670254,5.897834294183566,16.4228135448909,6.594903790063327,-18.65402570600801,7.766823648114253,15.21233638827958,5.873721274518577,10.89795113151527,5.358971675753506,16.178462659514143,7.034277530118532,-27.710878741835966,7.648871393442597,-1.336462010047842,5.362035336160528,-1.2156155616534636,3.9771008720851215,8.441969041298035,4.811204343740626,2.7827980610444047,3.6639404440642065
3693_20221002_0815,02-10-2022_08h15_HIVE-3693.wav,3693,1.0,LOW,303,606.0,608.0,-432.6796040373714,146.4682970079237,125.05821069033698,23.24661852736502,22.898594785230028,6.934384390678354,20.917359080695004,7.646936183976099,-20.206928432046663,8.332967549842104,13.307256689869222,5.2208352366603545,10.721174517743604,4.961702686715294,15.529906230408173,6.253779282009089,-25.326410663905296,6.507197505307079,-0.2254801072143224,4.936573986821776,-1.036212919645729,4.963465461662979,8.13638097530376,4.891333767750914,2.535234834942047,4.110651251121916
3693_20221002_0815,02-10-2022_08h15_HIVE-3693.wav,3693,1.0,LOW,304,608.0,610.0,-433.14864876709834,144.039270639801,126.0214248221225,25.90349361374648,26.039527316052304,7.75328658886384,15.550218707942918,6.222828615420435,-18.35730470965475,8.038609423481171,11.992461330011201,5.257318155864775,10.270016932019114,4.961087410542219,15.503401746715591,6.2843947262468545,-26.289359447962692,7.995862323534438,0.3409030291850147,5.712644675948892,-0.073617664933475,5.149567546477504,8.486499403533049,5.784360569718956,2.8613355766425146,4.464237633606342
3693_20221002_0815,02-10-2022_08h15_HIVE-3693.wav,3693,1.0,LOW,305,610.0,612.0,-434.6117046982947,146.92083750067297,124.17915789652785,24.64301745008965,26.00974297594638,7.170049368637651,16.381787569687738,5.3487872390508455,-19.316131276086846,8.15753211997741,14.435822195052701,5.569457195951332,8.696593150399863,6.128148130364384,17.096043929538038,6.534591476092918,-26.62123421137272,9.028210669653356,0.49724901370522995,4.385132179429264,-0.25816121249366253,5.30081430563974,7.346527897031527,5.885791077304768,4.647005606572212,4.910146833903261
3693_20221002_0815,02-10-2022_08h15_HIVE-3693.wav,3693,1.0,LOW,306,612.0,614.0,-435.71368713184563,146.77251675594803,130.54561194046653,24.965307143009795,24.089165730483813,6.186536699067101,15.135300077706258,6.225588590684206,-21.167967284553228,7.6538467613978645,15.915427239358765,5.568907140808885,10.4384246989903,4.878801414548979,15.003527926768221,7.24255991530888,-27.204754680705733,7.200413517703139,-0.8525412658869197,5.361835770065093,-0.09977030077475843,4.297908530568259,8.587295558271515,4.872070901838899,4.176957662429535,4.107771289003246
3693_20221002_0815,02-10-2022_08h15_HIVE-3693.wav,3693,1.0,LOW,307,614.0,616.0,-439.0645317528383,143.3358911895626,131.30957536776575,25.417251709222924,23.930663744349047,6.472180132750309,17.116250672035655,6.841457481788158,-19.96984291220516,7.568086494420098,13.824547238987176,5.263989791255376,9.549391077671354,5.019457686323825,16.670726716421473,6.639947476377826,-26.26999688586566,7.321674721203108,-0.5288251086149133,4.881829390230065,0.5907823687294452,4.1294814451137904,8.148031477413511,4.67515957097786,4.784309912742401,4.318019048081317
3693_20221002_0815,02-10-2022_08h15_HIVE-3693.wav,3693,1.0,LOW,308,616.0,618.0,-436.8246352092797,145.3049809918813,130.0199743543205,25.754482737412843,25.705451022573897,6.151851195104298,16.906046107850077,6.431532684875757,-19.87063900469515,8.022612600702722,15.766916392582063,6.212410151810692,12.801353394885078,5.08431854945034,18.05536531672766,5.948676949621959,-23.217642351240055,6.987138140813751,-0.6134092540981992,5.324619413913725,0.11359082193383147,4.479525700492438,7.5144394107695645,6.098648436069089,4.36106626749918,4.246392907470908
3693_20221002_0815,02-10-2022_08h15_HIVE-3693.wav,3693,1.0,LOW,309,618.0,620.0,-437.2302965203392,140.82059184988964,131.2197860972353,26.032315336930946,27.002941703935896,7.010872376780662,13.846753339613288,5.009061251087256,-18.877335183296285,7.724966620540499,13.68526797853165,4.84653182492148,12.371084574325193,4.472660745195641,16.70899144397063,6.239487705265209,-25.081133023220545,8.840819530005803,1.0494406950603021,4.701445388319818,0.8205379965427758,5.1579965196803705,8.479804090273076,4.9390132577806884,3.531966157225391,4.607146679362341
3693_20221002_0815,02-10-2022_08h15_HIVE-3693.wav,3693,1.0,LOW,310,620.0,622.0,-442.57049755749847,145.12879471190917,131.11143186024938,24.672429341891686,25.147288892190808,6.483217719662137,15.901158359349326,5.815242573280773,-20.55327951907143,7.876042577837283,14.148805458730502,5.103575306186103,11.810015706869551,4.8364077750946555,18.701086067780913,6.390553446106758,-23.88721631837006,7.321015543236885,1.7645007278664488,5.126754245095129,-0.16549894494546444,5.528952154861078,7.058323525406532,4.433216830873951,1.7445973119956029,4.547877260178225
3693_20221002_0815,02-10-2022_08h15_HIVE-3693.wav,3693,1.0,LOW,311,622.0,624.0,-440.57571642824564,143.18832962672272,131.30252911777384,24.444164911873617,22.565040459910843,7.628257666591179,17.343712390063878,5.866958256632799,-18.94206596032942,7.677025251687504,14.161196797318258,5.4615395413789205,11.300025185851636,5.71730506437056,18.97153372873083,6.923668487605076,-23.580518507796835,7.684368638375698,0.0021051464836295496,4.762160724348961,2.3416088849238528,4.853032539331877,6.3227998178742135,4.851257420912447,3.8776369806355295,4.141321301523471
3693_20221002_0815,02-10-2022_08h15_HIVE-3693.wav,3693,1.0,LOW,312,624.0,626.0,-439.28363772539916,144.4769662714119,130.204236781804,23.855157244497033,23.889841784822455,6.60452022007932,17.34565374448454,6.506126438812091,-19.819263511559488,7.735147745662317,14.593933366454664,4.912307452841834,10.243958769591918,5.057458828584779,17.06453264600355,6.065089117379193,-26.596739990412708,7.266777475935631,0.7840338053108419,5.521977245685173,2.4764252124338504,4.427317289397035,7.689839153577718,4.698432324143331,3.498774293801346,4.74704585247458
3693_20221002_0815,02-10-2022_08h15_HIVE-3693.wav,3693,1.0,LOW,313,626.0,628.0,-434.3113774935233,146.16057804189623,130.6976093439792,25.219934385491737,27.268251318687586,5.981710682570365,17.097882202700404,5.841870212410076,-17.62221911987817,7.542105540655743,15.727808929935888,5.105483004299951,11.551213217852329,4.725866913023866,18.30244885281197,6.245452663471484,-25.59125860623778,7.865614809796436,2.2985166626668847,4.723126187486984,1.2553209169511514,4.015651326703072,7.706267129066026,4.6582361120385025,2.416039032104637,4.567566246928216
3693_20221002_0815,02-10-2022_08h15_HIVE-3693.wav,3693,1.0,LOW,314,628.0,630.0,-430.9912791844486,140.00565183419494,126.89144393562133,25.77095967898488,25.22113967791884,6.247434069533309,13.820341797700507,6.086302050253639,-18.477318687512877,7.617231459901126,12.896031067008087,5.572590456035365,10.557165438305773,5.917980653012096,17.204865197549317,6.2546455469257305,-27.622369594710715,8.460526631513531,-0.03492466546015941,5.096888492295609,1.9866674281307526,4.163132924580837,8.617481607695183,4.283337302627313,3.6121134952127134,4.957751570684548
3693_20221002_0815,02-10-2022_08h15_HIVE-3693.wav,3693,1.0,LOW,315,630.0,632.0,-431.74335629564706,148.23207277054271,126.99814599355298,22.986749272944888,25.262964010328634,7.307316393925148,14.658321684808794,5.549885082953465,-19.70528984448104,7.690251612346565,14.821060597490016,6.274946035346305,9.618017329021855,4.63365537165493,17.77158818632917,5.827275539397131,-28.30295050494766,8.54335026516557,1.8936305095696147,5.517572583188882,0.13571618073648098,4.665589934560993,9.589483609040247,4.8143580546426366,3.2990208649298354,5.021149475957565
3693_20221002_0815,02-10-2022_08h15_HIVE-3693.wav,3693,1.0,LOW,316,632.0,634.0,-430.74317862917945,144.07211273063677,127.17231834562989,24.108645409627723,25.17670891135708,6.606476736973979,16.9627939455959,6.622394430719641,-21.20086256711684,8.096898537973287,14.735866713634932,5.61486269274909,11.202467155251103,5.015477637542505,19.066488343165584,6.423277517201361,-26.711608401741,8.506723579989634,-0.3903513989670154,4.847922032789353,0.4352289665761276,5.21669874247969,7.607743675931824,5.002607723064031,4.847801033205909,4.440726341162903
3693_20221002_0815,02-10-2022_08h15_HIVE-3693.wav,3693,1.0,LOW,317,634.0,636.0,-433.6281806614346,145.35232138109245,129.95246598710617,24.848939571172696,25.275616732681645,8.052464367987069,18.386076646989334,6.414026248243588,-20.699935535720545,7.886848872424309,15.2547048184824,6.846913449037942,11.623784231773074,5.689338968509336,18.956829222604934,6.1869420267034005,-26.07608567336024,8.296108562042692,3.277155603132076,5.671759993449014,2.1226296429305713,4.124098020195391,8.569645402861642,4.004850777060795,6.420577212828245,4.452874950219821
3693_20221002_0815,02-10-2022_08h15_HIVE-3693.wav,3693,1.0,LOW,318,636.0,638.0,-436.53372083417844,144.90629544887756,130.92085800572602,24.714503248430336,26.700689142539712,7.125027468446952,18.73740472168661,5.77735165581127,-20.99597829780958,7.741662388545082,13.188942290608015,5.588027856133275,10.897780165771149,5.144852799274062,18.058001884070816,6.9812254392548985,-25.74880923850726,7.974790310427204,2.2649193369939806,4.885304115511388,2.270797240295948,4.586108037522194,6.768379912450167,4.146953662223007,3.813187643422924,4.913721604384226
3693_20221002_0815,02-10-2022_08h15_HIVE-3693.wav,3693,1.0,LOW,319,638.0,640.0,-437.1064214162012,144.97019177863868,127.85241918260911,24.866108216507257,23.491967476447858,7.444912475360901,17.76653982190018,6.6355820564126455,-21.079789105714106,8.001235373937929,12.659814050614354,5.834910047760974,11.126212328428299,5.404435072004489,17.79217873567312,6.592445914674878,-27.277093884823394,8.532674752244864,-0.5953504346900726,4.137210508771434,-0.42877979874760236,4.738381169507272,6.919002619162593,4.896934987277386,2.4766839196526838,5.4854508821883545
3693_20221002_0815,02-10-2022_08h15_HIVE-3693.wav,3693,1.0,LOW,320,640.0,642.0,-435.72458173901697,144.4967466079922,128.45097067563154,24.762894448071776,26.461434854935675,7.266616908929329,15.674137581987079,5.860827573382776,-18.522037840953928,7.875881450774403,14.15277276413155,5.337888887770662,11.364184297990178,4.970801450561,17.202332413444633,7.129782495106368,-26.551402149350945,7.944270456898459,0.4873805209071344,5.02824596853588,0.8243275790929014,4.980431957498048,8.399743339068138,4.255591553991883,2.9961283879968423,4.456148579060916
3693_20221002_0815,02-10-2022_08h15_HIVE-3693.wav,3693,1.0,LOW,321,642.0,644.0,-436.19288297187217,146.15392960341015,129.08448148869195,24.843969585742958,23.34154176881994,8.33750720658514,19.70538430345658,8.853678569174388,-19.861964801079925,9.332596334886446,14.488299954176622,5.069114530264981,12.190009242753026,5.366835022648268,16.089571324300216,5.941992088826944,-26.96467873367474,8.06565284808145,-0.00546515189542415,4.746134894026178,-0.3977622659634956,4.737554291903992,8.712842257655993,4.669175269669564,3.4016262341686954,5.161060450123613
3693_20221002_0815,02-10-2022_08h15_HIVE-3693.wav,3693,1.0,LOW,322,644.0,646.0,-434.13931450087784,141.30762518663212,131.58918935867197,25.125800799490726,24.573236060685762,6.36697491330173,15.689921197177139,6.574054492762695,-18.889316928611624,7.5136946434954766,15.729509384377868,6.474150510223759,14.155665825237717,5.740217237468087,19.377950085835344,6.634300459463623,-25.23926649393713,7.513780612718584,1.5998209658029217,4.78442940359147,3.9918965146273058,4.002149091304471,11.411867341466465,5.1307809521635885,5.687821388994234,3.968561266183365
3693_20221002_0815,02-10-2022_08h15_HIVE-3693.wav,3693,1.0,LOW,323,646.0,648.0,-431.16552943952513,141.11000111847324,127.24851943586825,24.759779965082174,22.601557615316,7.434649195424393,13.447193709084257,5.43807659736828,-21.234251002079795,7.518240130620436,13.6310461437847,5.144453348670252,12.299078722570478,5.6612373207458555,18.97021535458643,6.462149157126683,-26.007697207397303,7.420402859889759,-0.952407423990633,4.6099121999533645,0.40639240747108285,4.274527944923851,8.84728211835498,4.878005909424687,4.17914216509168,4.022069691636087
3693_20221002_0815,02-10-2022_08h15_HIVE-3693.wav,3693,1.0,LOW,324,648.0,650.0,-435.8687899136501,148.98047324797287,128.7354392588322,23.50914677128868,22.86244148389393,7.3440854574339225,15.58691155091697,7.639385132189897,-21.63599127303691,8.224102403211353,15.003559742362,5.577705017175796,11.203920604381699,6.111325810351353,19.134669119241394,6.126350861812149,-25.8972136222194,7.353467087138713,0.14128132181592556,5.429367308596567,0.09674467657555323,4.201390216875115,9.845557652334993,4.0713442758647025,5.336902051334642,4.4841729172996185
3693_20221002_0815,02-10-2022_08h15_HIVE-3693.wav,3693,1.0,LOW,325,650.0,652.0,-440.32521709634835,144.33749775621772,127.86379615545283,24.567079173322856,25.14819774186609,6.628968923362019,16.79130699697415,6.382631180130049,-20.933786368963002,8.394411389489099,15.668258863534017,5.129316566762585,13.068089748192053,5.095821776421678,18.843125766282206,6.1787403623169865,-25.538796955681356,7.838209983580973,-0.9264765717600564,4.4169610562351975,0.4995226056510677,5.164534406424825,9.446013909696713,4.424349171469656,5.09731512965906,4.110038586824761
3693_20221002_0815,02-10-2022_08h15_HIVE-3693.wav,3693,1.0,LOW,326,652.0,654.0,-439.2046320446266,146.89815674779516,126.42261386737088,24.197161176214994,25.582653680876923,7.050918995666104,15.974384732040717,5.797282430844071,-21.242479532823875,8.167556033742859,14.350947829632087,5.3397867309078615,12.052957748146225,5.499197478962554,17.114113078891933,5.343873938759072,-26.541150846001806,8.170002553153632,-0.34724228008957325,4.75654576277336,-0.3494063812593065,4.115316594852254,9.344023005699237,5.083882027859806,4.356446268224576,3.9056120713610083
3693_20221002_0815,02-10-2022_08h15_HIVE-3693.wav,3693,1.0,LOW,327,654.0,656.0,-438.1589307283299,147.45240877678614,125.29372427989493,24.471111245004018,23.570526774939086,7.378107884876055,16.418570458101417,6.943068773040691,-21.7481334908954,9.086831323443722,14.88921686511158,5.556522603082461,12.268648964126353,5.889961652607335,18.959291032813418,7.189042458605735,-27.160423808992295,7.83006770187264,-0.67148416209766,5.1186339084558945,0.524815024706678,4.536921195790495,8.318025704051218,5.806055372517735,4.19666938262161,4.577097497473283
3693_20221002_0815,02-10-2022_08h15_HIVE-3693.wav,3693,1.0,LOW,328,656.0,658.0,-436.9469861691436,146.42481182304567,127.88236295278907,24.24156287676451,24.622842500121884,7.575775092512062,17.704805781082136,5.608682922464237,-21.08638884044681,9.182859299397855,15.144381479504199,5.592882648867362,12.146563776123235,5.47411883369391,18.667337679482504,6.488900925834663,-25.322961274461015,7.524786503734852,-0.7653636311479317,4.797855376995912,0.7693584424922342,3.672457463720604,9.409907043803717,5.651446513276394,5.502739564132752,5.437569188521237
3693_20221002_0815,02-10-2022_08h15_HIVE-3693.wav,3693,1.0,LOW,329,658.0,660.0,-439.2287852684331,140.01511613478496,127.3080993788183,26.162006653897567,26.44558339290008,7.047666523354117,17.789178901542297,6.429066012335693,-19.665573544821406,8.371198155044421,16.06025305033055,6.072508271570389,13.840320059074918,5.577296662693439,19.95141689347077,6.734966275036418,-23.588806977177327,7.340057030840251,0.25102653526840285,5.812607788839922,1.5306317418311643,4.6164599152672166,8.145862157325242,4.6380546895868,6.245442965406612,4.530353559273029
3693_20221002_0815,02-10-2022_08h15_HIVE-3693.wav,3693,1.0,LOW,330,660.0,662.0,-435.04479213726785,147.88808241037444,123.71027794982466,25.28695283771887,26.554145464134734,7.991101065513031,18.51970088488536,7.643903220229778,-23.98502274885502,9.573057550498303,16.828041087013865,6.184124411744667,9.41009823655527,5.305724787589496,16.63928582720862,7.31504984553964,-26.476554448421037,7.787652404469592,-0.6040667721434774,5.703950860286679,0.16681814301302283,5.078774569413034,7.6144352100348645,4.535584696771712,4.881090127730201,5.316315715229837
3693_20221002_0815,02-10-2022_08h15_HIVE-3693.wav,3693,1.0,LOW,331,662.0,664.0,-435.8852647593541,148.59095639095761,127.40554811412647,22.39562110289975,26.678596323785865,7.382258209488932,17.76009398484553,6.291131834677603,-21.893577782586405,8.468845849931263,15.693002565710142,5.275265379337494,9.139165351144497,5.719804445973586,18.221238838131384,6.659826781376323,-25.355731263664982,6.660025132122524,1.1727049919278523,5.390750811573462,-0.08829918093239468,4.293314529819776,7.784340884217363,4.352115020867933,4.479681889942197,3.8442906640172585
3693_20221002_0815,02-10-2022_08h15_HIVE-3693.wav,3693,1.0,LOW,332,664.0,666.0,-433.38878524325935,143.87382630381936,126.56896733260882,24.415896752775367,26.097387417860926,6.743134442313874,17.938557686158553,7.3008390188264745,-23.197073358850464,9.087454565617188,13.805439806127625,5.967756539296522,12.722975441196716,5.329078768641892,16.75646388613188,7.03174935370173,-27.72658341339047,8.263241929928231,1.6039023239043804,5.376858155226069,-0.11471593965776802,3.9668011436272854,6.444464385411343,4.951398026688461,5.7907232284637,5.409671397393435
3693_20221002_0815,02-10-2022_08h15_HIVE-3693.wav,3693,1.0,LOW,333,666.0,668.0,-431.5053532402626,146.08383093220704,128.38460836728268,24.094582799317177,25.42826624693251,7.52192132484675,19.79075665102822,7.716474791743172,-23.18885933035133,8.894793453476437,16.309215570790027,5.882998093323684,11.431235118611378,5.000552381433436,17.2972676249529,6.444416107263498,-25.049521900067163,7.7008702420622495,1.0838155579843007,4.353934822411096,2.259988534024202,4.982241165398286,8.811518766241074,4.308603355843121,4.43349059146101,4.564207967901297
3693_20221002_0815,02-10-2022_08h15_HIVE-3693.wav,3693,1.0,LOW,334,668.0,670.0,-435.2912286569666,144.66277476753808,128.68629184802356,23.660646523928396,27.73276112156425,6.876809822959658,18.766623831284377,7.1157504858016845,-22.78097799316594,8.079246751568684,17.184362710731296,6.264363837286967,10.638336099764489,5.0521732776457045,20.153386191237814,7.466265893089299,-25.402635500678954,7.098027619240862,1.4251644938527972,4.597787297159202,1.7625115877205502,3.9356341280975697,9.352116582477946,4.232076825849531,4.684802648096734,4.393400087092821
3693_20221002_0815,02-10-2022_08h15_HIVE-3693.wav,3693,1.0,LOW,335,670.0,672.0,-432.5950719188395,143.7770102826843,128.263106378772,25.63821605309958,26.14895145758356,6.862391471729826,19.68768532193761,6.538642433372079,-22.449811165295905,8.360514088478977,16.517634444912478,5.880782420010835,9.954192826634955,5.592026115633382,17.057122849092654,6.151058054725052,-26.496426175823302,8.014262301895648,2.5102887883910467,6.135594507878124,1.6362185266164702,5.171706489512207,10.497819361769695,4.972731737195315,5.463490154257555,4.641145940685787
3693_20221002_0815,02-10-2022_08h15_HIVE-3693.wav,3693,1.0,LOW,336,672.0,674.0,-428.91581691529194,146.02677943449902,124.71950678368188,23.795021766716467,23.860754558142904,7.247070799410725,20.678042183326973,6.6391259051716505,-22.528428358387803,8.41881732798572,14.223389077837838,6.204819518069272,9.787752087170881,5.444224814625007,16.44327496048103,5.885933995187872,-26.747160323298097,8.715557363335693,0.200069183842556,5.044257201746658,1.3682685778274055,4.796642029665664,9.738108160777756,4.589485964961317,4.588665615793101,4.829781147450552
3693_20221002_0815,02-10-2022_08h15_HIVE-3693.wav,3693,1.0,LOW,337,674.0,676.0,-429.0384909515739,139.64978820331788,123.7358108211091,25.479574023570834,28.519686301595296,7.534687850415176,16.554092817838825,6.6929149375373065,-20.472243052444732,7.306386619105712,14.030256531541095,5.850654437109284,11.68583303161576,5.925058450441865,18.601546269178016,6.273056703867824,-25.257308253698667,7.600226109327592,0.1513018044512495,5.445738664395597,0.6229749708760272,3.9437604326607683,8.892722314696845,5.155117631983345,3.74248275352054,4.457160858444658
3693_20221002_0815,02-10-2022_08h15_HIVE-3693.wav,3693,1.0,LOW,338,676.0,678.0,-434.8306613252726,144.6402708040902,128.51058109258062,23.487211914927315,24.373456444263443,6.004924233377388,17.39361206754689,6.672297914400622,-21.854768703918076,7.752376058999874,16.51483588218172,6.740584990926365,10.480524167451417,5.484135346971501,17.60315633093449,5.564003871083466,-25.66353910065261,7.1789372560076,0.19223060290066366,4.8298436693485405,0.5892673709811903,4.264782299074944,7.598039030264374,4.964250243109873,1.996942025843515,4.031274022060601
3693_20221002_0815,02-10-2022_08h15_HIVE-3693.wav,3693,1.0,LOW,339,678.0,680.0,-433.94155732286896,148.84932512199813,124.82312855586879,22.982755471939946,23.507715187623777,6.978963050609236,19.134238170675005,7.66282676963344,-23.847190526914567,8.652066440699334,16.52029746429047,6.040618498265897,10.397756977852785,5.767090267557545,16.61211230615196,5.331588279958542,-25.294287794530717,8.320552009487642,0.42868134414583725,5.120216383714389,0.4033528181569952,4.757394544698157,6.591267284324961,4.9698472486417185,2.568672314718449,4.447680595863169
3693_20221002_0815,02-10-2022_08h15_HIVE-3693.wav,3693,1.0,LOW,340,680.0,682.0,-434.11529985082893,144.07737511341423,126.30962295895809,23.673827922080754,24.516191078703745,7.169467072295256,19.006322807197236,6.198359773415456,-23.4070398796795,8.743159124131239,14.023788226004909,5.753710198812521,8.82355387658231,5.689518118618948,14.760715184306488,5.431393654445958,-25.508622586215736,8.40414857020406,-0.4097916765056289,4.223463172539152,0.30528411648587367,4.684620585056436,7.824621493739038,4.371792498057489,3.266862742620869,4.344878459994739
3693_20221002_0815,02-10-2022_08h15_HIVE-3693.wav,3693,1.0,LOW,341,682.0,684.0,-432.10775405655977,144.77820446080256,128.6415796382071,23.493098929029273,22.757245128020777,6.399814626108423,17.97208917901128,5.891649470353627,-23.719840809763205,8.9282746515778,14.269516494747945,5.469072787563088,9.657769190437675,5.103023135402012,16.820641324479972,6.4516274236997875,-25.014403734372493,7.372144058579746,-1.214774004002209,5.057635842981307,-0.7888205309010891,4.8775571877532045,7.645807074400084,4.918309486215015,2.119006007998875,4.61103401340039
3693_20221002_0815,02-10-2022_08h15_HIVE-3693.wav,3693,1.0,LOW,342,684.0,686.0,-434.47949339835424,144.34898798103063,128.13054796361104,24.887744281022226,23.325529935950186,7.464305842519082,16.82721697894131,6.984225125786698,-20.645314316113886,7.5952066285556645,13.127841952143699,5.470976028165257,9.392819672496985,4.680281631015921,16.009098683131345,6.6270493514374715,-24.77305735417203,7.193186611076363,0.2969337782361169,5.25404920184084,-0.2601517285860156,4.168906617421121,7.85585758895462,4.42713512132426,2.38619181628859,3.961851327748265
3693_20221002_0815,02-10-2022_08h15_HIVE-3693.wav,3693,1.0,LOW,343,686.0,688.0,-431.0348567038073,146.05340700298478,123.7498764241437,23.99423334475237,20.841513582126428,7.473846838030539,20.5484433074693,8.534659066580598,-23.98317543660127,8.191740264740142,12.162735449437198,4.603112735211958,12.193798274609893,6.1541814216962285,15.34297828739107,5.523885184659933,-25.461235962539988,7.627449466713322,1.4089704460295747,6.013595473471067,0.22486839945861894,4.616410119716275,6.6651816677698035,4.9741072059540175,3.5072580125469623,4.442242284592717
3693_20221002_0815,02-10-2022_08h15_HIVE-3693.wav,3693,1.0,LOW,344,688.0,690.0,-434.96392678720815,147.35795875997235,123.31516489239738,24.26050138553835,22.225116750763874,7.337500258825701,18.549660822627878,7.655840095374091,-24.19631054091636,8.43308291020722,12.024533693601349,5.552850810836103,9.219993794882647,5.926015059202181,17.720951041462385,7.282392949250746,-26.091548089144958,6.987901143115863,0.9106167140153152,5.737459925840327,-1.4681118798241881,4.043540143974448,7.9210641246160804,5.242365883140484,4.421170562373239,4.512399591255898
3693_20221002_0815,02-10-2022_08h15_HIVE-3693.wav,3693,1.0,LOW,345,690.0,692.0,-436.3583930580667,137.1110284429192,121.40970441508794,27.569136060581833,25.743618410600277,7.848456801739672,19.56595716870388,7.659696370161179,-20.46404464473291,8.613287248293432,14.188166811858387,6.266918036943634,11.146926030023923,5.35276274563155,17.49375133925469,6.428287291202972,-23.632562446790946,7.668220192308812,-0.6475203617021991,5.427919001026281,0.8721251811327223,4.1703573457618,7.920289868724883,5.148129706337823,4.582215029427666,4.557096410042889
3693_20221002_0815,02-10-2022_08h15_HIVE-3693.wav,3693,1.0,LOW,346,692.0,694.0,-439.3580837540013,138.91970510074344,124.26260344274704,27.041865524207505,26.19931983282578,7.630561631988899,17.29883071065256,6.04554272064864,-20.135198824632663,8.8236657339753,13.925154899215515,5.86288942628461,11.02323404902831,4.692578942388276,18.24393551636884,7.216003291125857,-24.54741276279306,8.395900600254212,-0.3254603138068814,5.179847099377106,0.5084349282591291,4.466416448749188,7.479640235559883,4.857859585354652,3.837409344981751,3.9375678275793113
3693_20221002_0815,02-10-2022_08h15_HIVE-3693.wav,3693,1.0,LOW,347,694.0,696.0,-437.1980709837604,139.5033948738984,123.14974393029634,26.05204144089094,23.91251456597064,7.64515030242218,20.779031533033294,6.698074780480659,-22.692790945535624,9.53148173614118,13.288018345060202,5.515426054154292,9.612649601782092,5.416419778495285,16.40919765226434,7.474666957097506,-24.59849118876072,7.673500972362184,1.0074060703419354,5.191101923766238,0.2753784495838611,3.7478694396569514,4.750354126468834,4.361633808752682,6.44735870608825,4.885617199999087
3693_20221002_0815,02-10-2022_08h15_HIVE-3693.wav,3693,1.0,LOW,348,696.0,698.0,-432.91199018547366,146.27476662991458,119.47598983066248,23.85586283284844,22.640930172910153,7.498571052486834,22.864525745335904,8.216830001639499,-24.820648951397896,9.21771612469308,14.47252441667608,5.829051388448556,9.44330137426114,5.699756174460118,18.202529706256364,6.910458245669971,-28.58865594268722,9.69957338183478,1.6736041973976514,5.668533983999551,0.8052947896848601,4.854321182939231,4.554350864987336,4.8459162515426675,6.808301056583422,5.591123695602741
3693_20221002_0815,02-10-2022_08h15_HIVE-3693.wav,3693,1.0,LOW,349,698.0,700.0,-440.31651868102114,145.420259517513,117.15537458653588,23.55398112033824,24.70932757135818,6.856154602235899,19.869064385126645,8.307810117952986,-24.425203623793696,8.71348909697403,12.847620976028365,5.730849872797281,11.486401221010599,5.370833022084185,20.107776290891877,7.5881283796225585,-27.51133738230477,7.863300714866055,2.4107390826838166,5.416078414234834,0.35443659411743555,4.4202899734911245,3.710735337575426,5.130777159833681,6.312966600272149,6.382964585535504
3693_20221002_0815,02-10-2022_08h15_HIVE-3693.wav,3693,1.0,LOW,350,700.0,702.0,-437.003864261055,141.2536932406183,113.6934781814083,24.355556870466177,23.57505678535269,7.762938555822835,22.851309394082925,10.136424474393788,-25.80209613361373,10.688471102008904,13.474241756686142,6.2135775686155394,13.298140017861387,5.624981820606533,17.519579205406636,7.18403958424059,-26.605738694790112,9.46819946138818,1.8752783196464828,6.793237274764425,-0.30928380813614925,4.637267274910138,5.577373839008535,5.74915070897671,7.379161182082892,5.386311886956882
3693_20221002_0815,02-10-2022_08h15_HIVE-3693.wav,3693,1.0,LOW,351,702.0,704.0,-446.70477314864775,147.75803397713366,125.13818106752296,23.322589773142422,23.471334748419142,7.120316989718169,18.597956511136253,5.8848981319719496,-23.939918160486474,9.297366891948565,13.588190991328553,5.550507987658305,7.927578077110104,6.345326629964209,16.53302920744772,6.591335925909067,-25.813436788520054,7.47351625579448,-0.47682799876658455,4.828075208944267,1.0303049583197585,4.845614676364463,8.294457653733788,4.239023569469118,3.4681209223932066,4.295842778000054
3693_20221002_0815,02-10-2022_08h15_HIVE-3693.wav,3693,1.0,LOW,352,704.0,706.0,-449.0702427938857,146.79253997222278,124.33237551499323,23.272895466475653,26.3576581773438,5.856101493178196,17.449058989026057,6.485979792872902,-23.170825648349012,8.768042920292276,14.15548734325669,5.623434788475633,9.698433335011567,5.550495792763348,17.52501851684516,6.546974468268663,-23.846506552862,7.515698261210903,1.4021763507525982,4.688776690336775,0.18168422257425848,4.239733310693207,8.756116405533982,5.9042099777447135,2.7453190229457864,4.444765236791227
3693_20221002_0815,02-10-2022_08h15_HIVE-3693.wav,3693,1.0,LOW,353,706.0,708.0,-442.3168185439289,150.1556137513189,123.11505732727932,21.986180877334718,26.16102279502749,6.668432428780217,16.940431233918314,6.812024883522153,-24.866569791369457,8.266598698590354,14.413815313600473,5.607568538339596,9.311842341516657,4.92948245678343,18.617981996258028,6.398513338717145,-25.45049648891194,7.298256565715916,0.09492332472073325,5.420123310590677,-1.6304228761589232,5.084075130102035,8.66611706566443,5.599752592566061,1.6533500789686786,4.869220633469508
3693_20221002_0815,02-10-2022_08h15_HIVE-3693.wav,3693,1.0,LOW,354,708.0,710.0,-444.6784831648178,145.35995829473384,124.76733437631073,22.958943250832096,25.63590632092385,7.6836623498579595,18.857890025979806,6.411267659559202,-23.60418116859856,7.544926355429619,14.331305412472044,5.315715850751032,8.075469173621018,5.496035398056214,17.73565321960679,6.3641499192741895,-25.860627069990763,8.14697418510381,-2.2279273914564595,4.619462147497171,-2.6458949763760473,4.105650236100695,7.824700331164068,4.639838386773179,1.4142176845980672,4.892858525483341
3693_20221002_0815,02-10-2022_08h15_HIVE-3693.wav,3693,1.0,LOW,355,710.0,712.0,-443.88242201120227,143.9117863114445,124.76973034648208,23.97562028524044,27.0334696264804,6.720775492099886,17.487726006408607,6.695715912927171,-23.085942509475064,8.253190192082878,14.206059109637017,5.962095821668273,10.053146600730734,4.537216192663035,16.785012019240643,5.989462275212661,-26.532407123914556,7.4410401844170915,-0.5040588120259674,6.012128010538361,-0.9964504474681755,4.223786758682983,7.8332430900117185,4.730245232827951,2.1246400780233095,4.197012110842131
3693_20221002_0815,02-10-2022_08h15_HIVE-3693.wav,3693,1.0,LOW,356,712.0,714.0,-444.4879190832051,148.37810405095536,122.59305114726226,21.50954037890719,24.66756248315242,6.486070045196769,17.50797785770556,6.695452710967623,-23.92027626256653,7.678288602536275,15.283752613413562,6.004835445360973,10.072201479814924,4.8071756478081715,19.45528479855993,6.725592769362123,-25.80555475773017,7.034070760462331,-1.010574217974613,5.265032151498878,-1.2940639194347994,3.774514089609779,7.00601179893875,4.896632259038329,2.9021337456792597,4.730502992128758
3693_20221002_0815,02-10-2022_08h15_HIVE-3693.wav,3693,1.0,LOW,357,714.0,716.0,-437.3581194008916,147.19764558525955,121.43245499374903,23.318311843833424,21.060223531994097,7.157843542441379,21.539772843770926,8.175339787234298,-24.687475194772517,8.487791795188977,12.231541873080083,6.343751710719803,11.171190465978064,6.301961207216564,17.595356625495963,6.086268286980897,-25.943877148821173,7.5696922850959565,-0.4535854291979095,4.6264685036477005,-2.506917946270049,5.043030789530127,7.655420162888138,5.332887473543254,3.3882526852309116,5.245880897239968
3693_20221002_0815,02-10-2022_08h15_HIVE-3693.wav,3693,1.0,LOW,358,716.0,718.0,-448.87579515972465,148.0704671069166,124.15784443850517,22.574159349364034,21.877334475761643,6.050853908565547,18.001334176541953,6.054189294864039,-23.115549269103866,8.34574734991132,15.240543752687476,5.489465746929641,9.806885556446062,5.14316919683783,18.530003827701417,5.9736608370515105,-25.457332753952592,7.115530191819686,-0.39641736050278065,4.986360241533869,-0.7809426713253468,4.378695774262581,8.882773348212519,4.811601256120013,2.5468147707071735,5.478240407573889
3693_20221002_0815,02-10-2022_08h15_HIVE-3693.wav,3693,1.0,LOW,359,718.0,720.0,-442.7461316320657,148.04168640359927,123.46872194338044,22.1078019609503,25.021287279601424,6.7555575883099115,19.817775037602903,6.382077075665745,-25.206237904511674,9.738703660271922,15.255071295367255,6.334432648034923,9.276055650511056,5.2801887835837,17.747360716519754,6.638412493523342,-24.389231527795474,7.139220383687788,-0.3633209597474867,4.937766151455011,-0.5657504878101799,4.816425229136582,8.169241885224475,4.770244689782958,1.251920030573488,4.843343681801582
3693_20221002_0815,02-10-2022_08h15_HIVE-3693.wav,3693,1.0,LOW,360,720.0,722.0,-444.63723143038266,148.9978408021951,122.46247831921113,21.688202382081204,22.994831150307007,5.764999815483211,17.719556598183345,5.8038324673158765,-25.89813403028427,8.901595408283923,13.769713964383488,4.828307071257758,8.685078307201767,5.489845109272054,18.95451719139256,6.994057332710813,-25.221941121670238,6.917356863014069,-2.3628109144469867,5.342444567095375,-3.129017980605665,4.3241402314560755,5.60309212877031,4.4191079359041145,2.4368255504293677,4.873432682047755
3693_20221002_0815,02-10-2022_08h15_HIVE-3693.wav,3693,1.0,LOW,361,722.0,724.0,-440.5032995415105,146.0738931161362,125.87094214683468,22.739011854450762,20.65018477315539,6.358803662107553,17.685003587498763,6.721484102003447,-24.02826647420245,8.487840340635467,14.93525953265937,5.428824242267671,9.596131305453508,4.675277300385138,18.937837816097495,6.651661331318173,-24.798572049900393,6.5562508308031715,-2.22724836382708,5.206655181458648,-1.0900736001984972,4.711714862153167,6.001276874589751,3.375082124555152,3.263145648012203,4.283463130014436
3693_20221002_0815,02-10-2022_08h15_HIVE-3693.wav,3693,1.0,LOW,362,724.0,726.0,-437.19659455131506,145.6754296144489,126.83798315764862,24.152360353790552,21.402720036626317,6.587409481253316,17.223342986078126,6.949344450270505,-21.26011432868941,7.270733095330035,14.797619391866972,6.997646135173423,9.740078331080944,6.043637301115179,16.996762444018742,5.686037454240787,-24.5856308913361,7.43341136381975,-1.5465081013050834,5.45472999486981,-1.0269069656294678,4.335030805498967,6.226563632456138,4.613043445470418,3.2614527158201994,4.542705419489115
3693_20221002_0815,02-10-2022_08h15_HIVE-3693.wav,3693,1.0,LOW,363,726.0,728.0,-437.12216872855373,146.9865751457955,124.08086921907855,24.831156508646554,22.267924418374598,6.401970642465133,17.620277898902597,7.5607586939754015,-24.430975409953593,9.250387070367017,15.01652979404504,6.460592342432168,8.457096330905095,5.53517603100174,14.572961359152986,6.3907420068328,-23.790010385828353,7.029286375894942,-2.0992836064670986,5.027776047201669,0.47909257710161,4.3014582181209455,6.713119920605052,4.514295903815912,2.579959880299661,4.53673498931687
3693_20221002_0815,02-10-2022_08h15_HIVE-3693.wav,3693,1.0,LOW,364,728.0,730.0,-438.6845850702314,149.9642460960361,124.70429775184651,24.217748524819662,22.142282649290987,7.512878462580905,15.831776969687246,8.578819611084366,-19.755967414027165,7.709564036267135,13.948081073522662,5.992014460958342,10.182663679318466,5.867250508810865,16.82832520872283,6.310873263066246,-24.66196229442295,7.159405323018945,-0.3593335327298653,4.898565787973553,-1.3346023821719641,3.5305643577566674,7.562467775355365,5.112880325496427,3.1937540083433835,4.652897926353507
3693_20221002_0815,02-10-2022_08h15_HIVE-3693.wav,3693,1.0,LOW,365,730.0,732.0,-432.6704409989556,144.4997025124281,117.86395071297885,25.441514435663436,21.550478564205196,6.644151394949018,24.805561425876444,11.584707016110025,-27.226662567544118,10.385706407931622,15.014091415299527,6.473945074646201,11.48681807358246,7.152011217811932,14.242513602624616,6.959829665023057,-26.84717118855755,7.07187156328611,2.1754984499243846,5.128401099485181,-1.6349730721952533,4.563370196209885,4.341557993370101,5.305997944024141,5.12411012100094,6.1600779993913815
3693_20221002_0815,02-10-2022_08h15_HIVE-3693.wav,3693,1.0,LOW,366,732.0,734.0,-435.46374392443414,148.05938136149854,120.53986264910331,23.611728138096403,19.322617185857506,6.753710621788072,23.432765282195984,11.919846746125405,-27.952643564729662,10.710872744102508,13.951947775269607,5.892351619167042,10.6730950048954,6.766970248239219,14.353578208223023,6.72072407354282,-28.077573927711665,7.7499235703609894,1.9039698954258113,5.636167185314078,-2.4815769723128462,4.968738085820251,5.094235212118152,4.179756200155726,3.1879478335534714,5.399845953464233
3693_20221002_0815,02-10-2022_08h15_HIVE-3693.wav,3693,1.0,LOW,367,734.0,736.0,-429.0496043960897,150.63480112663416,113.8707022811934,24.485924068752713,20.650981554800353,7.803338615469999,26.565834786748766,12.506132840410224,-29.486953073292693,12.079815017881712,14.123146473930332,6.69787957041566,13.806119752946568,6.379747054391873,13.912267731994454,8.612856989002886,-25.752469570823283,6.82127401530939,2.3183937778741073,6.1489063122273055,-2.351895131275543,4.345936869445094,6.23760107595627,4.77833380404598,6.685754727907165,5.09091568213701
3693_20221002_0815,02-10-2022_08h15_HIVE-3693.wav,3693,1.0,LOW,368,736.0,738.0,-434.25506285183707,144.9722793958607,116.75473689425615,24.63039368051411,24.099317457758264,8.702282271992539,23.92215794523126,9.96298957857443,-28.167653647586764,10.547152056150987,15.73891579484488,5.526182019956971,13.841108874928963,6.018086193063438,12.38238479059985,6.298827055047234,-24.48868648347837,7.443602195411111,2.2773103027808084,5.726222278898096,-1.8189087206924908,4.34884801936022,7.589228206290999,5.741614955947117,2.440832922395141,4.002396614783404
3693_20221002_0815,02-10-2022_08h15_HIVE-3693.wav,3693,1.0,LOW,369,738.0,740.0,-434.7287289539641,149.1965377276704,120.90396110442104,23.315669815994365,19.309716463119273,7.0937583964991235,22.1202261505795,9.765153791827151,-27.651385590172367,11.272069554355282,17.858411365678677,6.641924420238326,13.607704255384206,6.2318332437435915,12.340803890998217,6.1912575899551,-23.426115005583767,7.422332910783305,0.888003853355998,5.71331612124908,-2.8850774187643364,4.877729138754047,9.460791573210004,4.84733769576739,1.4785754284892203,4.935544283218616
3693_20221002_0815,02-10-2022_08h15_HIVE-3693.wav,3693,1.0,LOW,370,740.0,742.0,-434.43588224120475,142.31088230548522,122.12439842458929,23.965633832928695,23.162716749498586,8.00356334242416,19.972725362110666,8.18395824997419,-25.540659768125543,9.674420401242742,14.927064530582745,6.235850106973127,13.577064779262903,7.314401244109291,14.585157841522063,6.7675701279589155,-23.565255276044567,7.746622028578903,0.4009858783386051,4.988248666171416,-3.9552272675815066,4.903113507887195,7.738588546872453,4.350697161885642,2.147467746498391,5.231925874266132
3693_20221002_0815,02-10-2022_08h15_HIVE-3693.wav,3693,1.0,LOW,371,742.0,744.0,-428.39701744074904,144.75234109831223,114.85123284578626,23.59274049891993,23.81513851757667,7.648532595598762,20.992875270670943,9.72196452136943,-26.062399768098704,11.286172610555461,15.686005963060259,6.083262086323273,14.947333763055628,6.245030446720082,13.551957452781977,6.422362868108549,-23.368604164540514,7.656485036323466,1.23253768209694,5.1559306749285945,-4.783064817426568,4.740896518838003,8.889886354416914,5.531750908751097,1.4892064546687265,3.839718627244976
3693_20221002_0815,02-10-2022_08h15_HIVE-3693.wav,3693,1.0,LOW,372,744.0,746.0,-426.99213317727964,139.47354327102272,115.13720988835433,26.883942567676286,21.04276606818154,6.477787916793383,21.957885791572057,9.741890508520754,-25.223797602905567,11.678405877043359,15.223410084481083,6.517394598054701,14.874637473706976,6.452435996882127,15.25405047198032,7.113475553108023,-22.464985334244577,7.443673884381587,0.7241577782381667,5.9581336473430175,-2.167681225729987,5.597511403842506,8.559401603698936,5.310041129773289,5.719573505994337,4.834784539545755
3693_20221002_0815,02-10-2022_08h15_HIVE-3693.wav,3693,1.0,LOW,373,746.0,748.0,-440.607632341144,143.7410934374354,122.69561122461748,23.66950108643965,25.76031138334945,6.862962439548879,18.304022491911567,7.328807514888313,-21.341549707530163,9.922745564098461,17.452504348806375,5.322860552092304,12.235952925726627,5.937442003378479,18.48485556727866,5.918399001116808,-22.888208843719827,8.218609614538886,-0.13648220798235575,4.887424625512357,0.0403534894708137,5.247505230699094,9.471925410896786,4.329972479379193,3.6924037428976093,5.612834919190177
3693_20221002_0815,02-10-2022_08h15_HIVE-3693.wav,3693,1.0,LOW,374,748.0,750.0,-435.98965188906163,143.35142196588845,118.42465728153695,24.349003417118357,26.467345755789115,6.987845656566726,19.56659596117132,8.679751867908465,-23.253695023986424,10.13698591352807,14.275120574937166,5.035567189390767,14.427318421830755,5.41058747600642,16.033827393332526,6.474038736501528,-22.36014362119978,8.066237216440324,-0.08769378894631509,4.471463148575327,-1.9018700070692711,4.871236012023748,8.797953916065964,4.979389779409548,2.5378453503765956,4.723712433854888
3693_20221002_0815,02-10-2022_08h15_HIVE-3693.wav,3693,1.0,LOW,375,750.0,752.0,-418.0153255761716,140.39232806322278,112.15649364184691,26.178119612182037,22.927468138814625,7.4112285211220215,21.81132272200386,9.8465611232385,-20.872270110477054,13.865005410269411,17.599427744124068,6.75988380837636,12.360714782838532,8.023605839854664,14.977457261421671,6.975364338081317,-21.00046790600352,9.501646648046055,2.5006613798156336,4.793647397330211,-3.307503432750083,4.659429593330109,10.186985401077132,4.831794850430865,3.195304329561053,4.578755122004634
3693_20221002_0815,02-10-2022_08h15_HIVE-3693.wav,3693,1.0,LOW,376,752.0,754.0,-424.4793211182506,139.36868274588738,113.00250656096313,25.267114514919914,22.264003164815005,6.1690049616837985,26.77169448237462,11.601061323031612,-25.179288500273078,13.555043546534286,14.155486367213802,5.863639148575836,12.58023838516908,7.717425304844581,12.668514441543067,7.339704946112136,-22.48451077765162,8.944421597750289,3.7015553883494636,4.776726613346271,-2.5845455961842747,4.671935214194938,10.35446663009021,5.552276481045651,3.1460794139722013,4.488467792760793
3693_20221002_0815,02-10-2022_08h15_HIVE-3693.wav,3693,1.0,LOW,377,754.0,756.0,-426.8193081258062,143.47512423005873,111.84320182091741,24.542121288624507,23.176599659193037,6.64483063585347,26.311609487891833,12.715122814307414,-29.54232845357707,13.128739698570433,15.87262307273147,6.694583492173267,14.447348869654542,6.211435713203048,13.272414628092081,6.258460159114595,-25.839313598347335,7.214383542810001,0.7678186858162903,5.995890456096901,-2.1653911660929968,5.140435316170582,7.33388256269977,4.797419871515265,5.266419183292829,5.031994090001764
3693_20221002_0815,02-10-2022_08h15_HIVE-3693.wav,3693,1.0,LOW,378,756.0,758.0,-428.47134792056255,138.49356667616584,110.47745252598754,24.990102769943665,24.49474571238298,7.317049594580724,28.383904812822717,11.581044397802446,-28.660030612291926,11.335126289447823,17.10143352395536,6.277933142439422,16.189117691811557,7.220529368795439,13.333009886616384,6.954171836709717,-21.505736437946137,7.38048318338047,1.778716222145769,5.598963400649312,-0.5784674097052218,3.950859140285707,7.456187438495886,5.410442200455776,5.097177558424438,4.655438561087647
3693_20221002_0815,02-10-2022_08h15_HIVE-3693.wav,3693,1.0,LOW,379,758.0,760.0,-433.66472028853195,143.98508478815938,116.44200276816822,23.80643119881991,23.666128468729344,7.52183202792297,22.88164916170298,11.532874148319621,-25.000498783384877,11.305061084505583,16.852301136833244,6.311455591172872,15.734701427189778,6.249196271269575,16.011147258248656,6.0791089933236355,-24.517569116164115,7.758581945448029,2.1378759329775265,5.0485868941270775,-0.3932675563155383,4.851325067637939,9.746838046103932,4.484755206384223,4.976850203404741,5.721905348618887
3693_20221002_0815,02-10-2022_08h15_HIVE-3693.wav,3693,1.0,LOW,380,760.0,762.0,-435.6208894916566,142.67402494730564,117.60037017703914,24.01781751099548,25.103949976486117,6.736965540901451,23.211441326231377,10.894158206773511,-25.155630934467386,11.216770334161923,17.64613995364024,5.814066500211528,14.336684322729424,6.9249098819400645,13.907502921336686,6.058358132083958,-25.28690946833722,8.132792682426897,0.5880112035862053,5.079900995342958,-3.2682689623162196,5.503020970175913,8.646164733450519,5.374075447924079,4.072842839357715,5.220883536772664
3693_20221002_0815,02-10-2022_08h15_HIVE-3693.wav,3693,1.0,LOW,381,762.0,764.0,-433.2523391898758,142.21529656237993,117.83569252978087,24.082622472630597,25.000311106874545,6.846334206135039,20.920562256435193,8.967603190494703,-25.58895636929648,10.196535132456708,16.840400333573335,5.818355263574088,13.932470207135028,6.532405418790781,14.820247490784988,7.518467166556766,-24.63339945288069,7.782383527736379,1.084534225188006,5.882356590347938,-1.2292754743253158,4.9399806845800684,8.472076630285597,4.724572600406474,3.105283132644578,5.313096594852191
3693_20221002_0815,02-10-2022_08h15_HIVE-3693.wav,3693,1.0,LOW,382,764.0,766.0,-433.8173729733792,141.76106743813335,121.18446103158549,23.836581279534766,23.300700744854545,6.656209615740231,19.96110268231908,8.546900118974493,-24.53402668439708,9.512922378260285,16.98383484804258,5.95521706648677,13.773024001811763,6.153071973741749,12.819390796483491,7.102694677313163,-25.839383846639947,7.456611633145972,0.5290778882220001,4.5074688627938,-1.947720994215664,5.331530302726168,8.988677751617638,5.179234839145394,2.228502664417499,4.320298022326517
3693_20221002_0815,02-10-2022_08h15_HIVE-3693.wav,3693,1.0,LOW,383,766.0,768.0,-432.27921215832487,143.23890836893912,122.07423868630379,24.175717899364045,25.143547270654604,6.759404087638642,21.79622199306017,8.99822132866268,-25.789994548053368,10.256584224173402,16.032445062514682,5.808710486675218,14.053663082875367,6.615025492099539,13.016659198083396,7.109147056545106,-24.629746929734075,7.595528969143851,2.2576144924859047,4.8561866760029,-1.9154666489407928,5.262195784981014,8.077783261726475,5.591168689536,3.5844910398386984,4.805043550202353
3693_20221002_0815,02-10-2022_08h15_HIVE-3693.wav,3693,1.0,LOW,384,768.0,770.0,-434.72363721264645,144.55056543271314,123.756762580293,25.957623441675103,23.47519828575483,6.797346837275442,19.86948403882016,9.444834597294454,-24.217686974643087,11.190386762573093,17.234029983119573,6.371180699869411,13.500862911977453,6.224563336009484,13.277778415975364,8.148918280452465,-25.231945459170344,8.059660085654205,2.0676790923365793,5.947326267548607,-0.08728167211935096,4.532729409509092,6.990817011366226,5.243974557693225,3.0678221180251497,5.284308800126274
3693_20221002_0815,02-10-2022_08h15_HIVE-3693.wav,3693,1.0,LOW,385,770.0,772.0,-439.00286059910877,136.7325666143987,121.4307299544748,26.45391448449094,26.299686903420767,8.100986009413635,15.037205851783668,6.669654777806171,-20.34146594208005,9.396375950980513,17.3397640347531,6.843094678876569,10.890984841020815,5.231720112543642,16.68939836026603,6.681282711794527,-25.690676076546396,9.012327292620967,-0.473275786513015,5.329922718142767,0.48891418100481837,5.181199744315837,7.940924486693467,5.486055375217087,4.425776801340269,4.155225470368121
3693_20221002_0815,02-10-2022_08h15_HIVE-3693.wav,3693,1.0,LOW,386,772.0,774.0,-441.72381921987574,141.45520586160717,124.5851287984996,24.784339616692307,26.714787700179162,6.617987810290706,13.984672672440698,5.637367885616792,-19.022767695256015,8.580957490292407,18.322416605666483,6.4900551351319145,11.803650913688434,4.830448512299298,19.21672321386452,6.29070026882031,-26.82493672720362,8.567794790064816,0.6286109962953385,3.8455181775471803,0.23657084882432994,4.6147380204473585,8.042994291441454,4.657191476170735,3.972745140805863,4.0826179105907245
3693_20221002_0815,02-10-2022_08h15_HIVE-3693.wav,3693,1.0,LOW,387,774.0,776.0,-440.85047688901653,142.31528916026085,124.16418133057402,24.124142705279816,29.369774074731335,6.77255597503765,15.378648322231436,6.160948590923505,-21.107864696820233,7.856326750000934,17.511131426474513,6.442517582227502,7.85210507411751,5.274601090373718,16.75173923559828,6.307984185941413,-29.03203561495324,9.390326465522971,2.484456027379157,5.29675367636933,-0.8215510575597101,4.612751066921781,7.45417912040888,5.663308615868609,2.7221945303474384,4.320620923560212
3693_20221002_0815,02-10-2022_08h15_HIVE-3693.wav,3693,1.0,LOW,388,776.0,778.0,-439.8178221135073,144.67864164526083,124.20841329743449,23.63157268379393,26.681921102548998,6.571433251744895,12.560496319823951,6.771970318800207,-22.927395966498747,7.363047742581393,17.10551135269046,6.517121145968469,8.60626964435746,4.881407950533526,18.356497024834173,6.704919780963704,-28.311978039227036,8.502864412672526,0.7339267118971405,4.238174935815369,-0.8996882289594623,4.607715413427732,6.83070266873838,5.665734208314702,2.4860855581722974,4.241039224288395
3693_20221002_0815,02-10-2022_08h15_HIVE-3693.wav,3693,1.0,LOW,389,778.0,780.0,-440.66089643489323,146.1932679734077,126.6327682575407,23.81275700779141,24.526705567542663,6.017999430171487,12.598949780997277,6.8276903431751865,-24.091014304661833,8.473230154159978,17.454194054817428,6.001876442085565,8.116821274339543,5.051962690340751,16.565802795311946,5.956204726391568,-28.134901800741382,8.187380554193993,2.4641779675991495,5.0153233205958525,-0.3798697459668865,4.941143842589981,7.751460486034698,4.637214475985646,2.4226443609318995,4.788598246926338
3693_20221002_0815,02-10-2022_08h15_HIVE-3693.wav,3693,1.0,LOW,390,780.0,782.0,-440.88193456476114,146.84077702773806,126.88104410597586,22.904849386771723,24.593240489878458,6.243070949408315,15.616769412032285,7.213775158923338,-22.847749581035327,8.310818752085408,14.99396455336878,6.179345346567852,7.300012465855128,4.760601336234856,16.961738726190482,5.870099000369606,-28.494559434716177,8.228887194269715,0.5128657326276568,5.590410960500345,-1.4999487533478224,5.329690049403137,6.969518096148419,4.940435655633938,3.5061147554849335,4.3291804091521975
3693_20221002_0815,02-10-2022_08h15_HIVE-3693.wav,3693,1.0,LOW,391,782.0,784.0,-437.0026733301673,143.1199447455304,127.53786583949095,24.508623552293564,23.402423697175596,6.545355709485981,15.973523177460438,6.253419019562709,-23.2242752460106,8.267242546066578,14.414114625673875,5.889037477990061,8.191194424555881,6.184271848756002,16.822352087681214,6.681439045802566,-26.461226913177057,7.510110456285079,0.635680329606266,5.095933599224564,0.27160398137963054,5.03785661622919,6.612445977292776,4.664768918090037,3.583118884328179,4.530729042558684
3693_20221002_0815,02-10-2022_08h15_HIVE-3693.wav,3693,1.0,LOW,392,784.0,786.0,-438.7337137200464,146.4481497154457,126.28717903772004,23.550745685315043,23.581253621011722,6.356564118130225,15.353014397281473,6.794953360578532,-22.98378919664182,8.882924325100491,14.90598261577922,6.460906989811548,8.42859043766425,4.739197087271697,17.723519449490425,6.01154352336206,-27.42385764174116,8.223202474110394,1.4384943852919883,5.1896102774269215,-0.052565825906178684,4.3658408493022165,7.601789554899586,5.105774714671812,2.876597893980165,5.298571407114981
3693_20221002_0815,02-10-2022_08h15_HIVE-3693.wav,3693,1.0,LOW,393,786.0,788.0,-437.44652625404655,144.1292367182068,126.1047100779772,24.980415660818995,21.967770261489125,6.732794458698641,14.930768465930964,5.416745490412863,-23.758377529289945,8.612429214721205,16.861803612742445,5.707632407493185,8.759307086839533,5.634840749652579,17.2562056295896,6.504592469032389,-26.922722952896926,8.054844628459424,0.7232957607599315,5.4453496214603,1.0796255895351183,4.557821468592937,6.619408472978962,4.314781956035798,3.074241188273517,4.277080410971648
3693_20221002_0815,02-10-2022_08h15_HIVE-3693.wav,3693,1.0,LOW,394,788.0,790.0,-440.96585883810815,146.93418645986722,125.97931405285375,23.68782156271415,24.77020449695619,6.6830061341844855,16.081300245746252,7.16069553699551,-24.15919980471363,8.22282698481962,15.553137442428044,5.840028845048334,9.89462787469077,5.017713940597193,17.52923544524353,6.409423731045735,-27.023668172563987,7.477999392320797,2.0995055953542043,6.180323075141396,-0.02128617333593236,4.1597426278939125,6.343500056446957,5.360431525424473,3.650016739127285,4.421525661588805
3693_20221002_0815,02-10-2022_08h15_HIVE-3693.wav,3693,1.0,LOW,395,790.0,792.0,-436.5346100390686,147.1388087071776,125.18221578496916,22.522946045009093,23.139079718474008,6.394103729096933,16.502052454398008,7.200954569455834,-24.317080759401907,7.924249839197114,16.75122485506541,6.51530585521093,8.501217504402918,5.071933645278961,16.491375850788902,7.314957364527827,-27.91064961869548,7.493581210955385,1.7906929605491797,5.19329060290392,-0.21535897590729303,5.675436358972308,7.09167589638837,4.666440143852743,3.1845967492347182,4.580601970048984
3693_20221002_0815,02-10-2022_08h15_HIVE-3693.wav,3693,1.0,LOW,396,792.0,794.0,-441.7379690045616,147.17277481891773,128.67345498836193,22.58584330408843,24.05223697505106,6.84518690582938,14.485843359258986,5.209665845368348,-23.862825408771226,8.37391162243149,16.2816551003388,5.468699467848417,7.691876763378735,4.826007384755446,18.313693274252213,6.141480804317244,-28.767118360885508,7.775630281460861,-0.12683232305462536,4.770903073695297,0.7141940748982023,5.3510215678078845,7.3952574482479365,4.443481819958357,4.055873991110294,4.37897953222593
3693_20221002_0815,02-10-2022_08h15_HIVE-3693.wav,3693,1.0,LOW,397,794.0,796.0,-438.6519241844714,146.91941549090103,125.16882301221538,23.62253908898539,23.556805328292818,7.075733697040037,16.142414506095808,7.143240079723546,-25.869821525926266,8.84077635620905,16.215664102265134,6.262468521358624,8.103692061129665,5.238927053136369,15.703370857023934,6.715024719122017,-27.254074634671344,8.25579255815232,0.006651242443421312,5.568708613999961,0.8682396022095777,4.186675903636434,6.934433638992753,4.570433426070257,3.578203871388192,5.091299527635898
3693_20221002_0815,02-10-2022_08h15_HIVE-3693.wav,3693,1.0,LOW,398,796.0,798.0,-434.2853121763813,145.2165395843919,122.9070831426384,23.723007268311612,24.031662673290466,6.232102371401705,18.51708379064867,8.078896382182402,-26.602094497159296,9.875992311025135,17.192928456616535,5.907962867841819,10.137295924810665,5.421870364896255,16.405664079422383,6.313251025124846,-25.588083481724496,7.807627281401041,-1.0872670316601716,4.882754331133897,0.9070895320020899,4.454246913858959,7.496761649021239,5.203148572421512,4.156133402257715,5.0690047036404176
3693_20221002_0815,02-10-2022_08h15_HIVE-3693.wav,3693,1.0,LOW,399,798.0,800.0,-436.2963829382692,143.50463789069485,121.1306863674161,24.863315929456203,24.72410415432468,6.622072033905285,16.03970910486913,6.574716339004297,-24.164412744557346,9.89594891506701,16.14269491446161,5.684317455463252,9.353249542685836,4.683347567846215,16.653164879070765,6.894075220205667,-25.388270247559827,7.365504012089711,0.7204948825498021,5.227948394571628,-2.5845675386527933,5.027770580667223,7.379939980793987,4.834430285334258,4.040847879178827,4.7964539126999775
3693_20221002_0815,02-10-2022_08h15_HIVE-3693.wav,3693,1.0,LOW,400,800.0,802.0,-439.40599853897555,148.01644941379024,124.5627047634706,24.602859915440142,23.55413840118227,6.748619142395052,16.37621577376721,6.940297869149064,-24.038027663405284,9.461797341855513,16.24618635666435,6.835927450521678,9.787441273525097,6.186883283526825,18.08843746885481,6.9569244265671575,-27.614422193075235,7.84207836400684,0.3924000765521435,5.341381337858783,-1.1041699760949109,5.2482846346782,7.464592257981541,5.0649061613817885,5.110090760307434,4.23539852258281
3693_20221002_0815,02-10-2022_08h15_HIVE-3693.wav,3693,1.0,LOW,401,802.0,804.0,-441.73319674480734,144.14853228810122,124.42226169582736,25.27549843482505,24.003049917144338,6.647119405850205,16.978072908765196,7.602410499790251,-22.108478289947143,9.943783877753543,15.676264317800817,4.854997941472324,10.608658560967852,4.968459794165484,16.45807861226777,7.277301530855724,-28.152588489767417,8.48604386555271,0.01044479683894004,4.7522837334664825,-0.7455119842872368,5.300563998257136,7.944610446451678,5.101408036860939,3.822650487181649,4.1762241522145915
3693_20221002_0815,02-10-2022_08h15_HIVE-3693.wav,3693,1.0,LOW,402,804.0,806.0,-444.04373231351434,148.35744484328234,122.73928456750673,22.89340321290351,26.56425809400317,6.2770593694565315,16.00984159931393,7.640224750787884,-22.838708041305605,9.286713997722195,14.719055550023292,4.8288597479304345,10.625880372483365,5.348934475245497,17.265028512231286,6.576344504953376,-28.128408215936492,8.421639987475663,2.3840427352620264,5.184779965060063,-0.9337174255904602,4.932720464411078,8.72827214831814,4.8168587045650195,3.8657686020325,5.556010195462165
3693_20221002_0815,02-10-2022_08h15_HIVE-3693.wav,3693,1.0,LOW,403,806.0,808.0,-446.0081007850577,148.32446005814595,123.19530971358095,22.73543138169775,24.826736267376877,6.693494915761352,15.90315319511785,6.971942326310293,-24.626052969547835,8.328776332077519,14.740078935214143,5.497530522167026,11.33846000183405,5.493871569873038,16.38684125998853,6.799295900094945,-27.73379180601532,7.78090761022677,1.8948393692771328,4.766919166688808,-1.3853452157445194,4.7143886846734615,8.04781211939294,5.043874595628654,2.2908746503263706,5.2765539180655425
3693_20221002_0815,02-10-2022_08h15_HIVE-3693.wav,3693,1.0,LOW,404,808.0,810.0,-440.1953908075332,141.64144883132568,120.94437257428136,25.29524296461453,22.906824491309123,8.267725605434448,16.576178692551178,8.420511920721546,-23.83179887301098,10.518486705075723,14.403996071139977,5.128017906027044,14.069456902703816,6.485542006448711,14.461162060242314,8.35914466519322,-27.531902154612887,8.841379911483948,1.3367587239762286,4.979855495174456,-1.73610509503855,5.418082289061925,8.72593665603886,4.927840157810125,3.367080985511537,4.62089341572881
3693_20221002_0815,02-10-2022_08h15_HIVE-3693.wav,3693,1.0,LOW,405,810.0,812.0,-440.084422349766,140.82448606666503,122.22973027658045,24.92808078658522,24.05532389965248,7.450419886050371,16.74112850049803,9.635223632449303,-23.741622685352226,10.810702045905412,16.17836746114169,5.5341015230147015,13.131689240794477,6.986086241992263,14.43882044693453,6.774027996080023,-28.21715856719828,8.763902861955586,0.4511314036403496,5.193503447390508,-2.160585878666753,4.594240972305303,8.26908260897017,4.849358358463318,3.963188561809759,4.368975513023157
3693_20221002_0815,02-10-2022_08h15_HIVE-3693.wav,3693,1.0,LOW,406,812.0,814.0,-441.68201178803434,144.3009070007114,123.73053420031412,23.419669818002436,21.670258462445965,6.334449575534374,18.087334723551717,8.014160226113942,-25.155661059468475,9.498403937162545,14.758036539548318,5.8861945184273985,12.137613956016692,7.028248294231617,14.401923962578298,7.122263180078403,-27.334352283987638,8.002726078814524,0.8348921339389794,4.709654039923289,-1.725688143592104,4.553633744403861,7.755084745825658,4.94666300702305,4.797548013160462,5.087350128524411
3693_20221002_0815,02-10-2022_08h15_HIVE-3693.wav,3693,1.0,LOW,407,814.0,816.0,-441.11647649978437,147.2001818474386,125.02386869795286,24.273626731197822,27.08934176110866,6.693323721163851,15.37695706191996,5.947711770073836,-21.559920063649493,8.564248606822018,18.948387725895024,6.408528331164238,10.345986658364884,5.372203551624001,16.35288148015137,6.412389393900121,-26.15821743402834,7.633701877199275,1.4359827213102996,4.817067294076577,1.3715134275525114,4.6759410303171745,9.197365271599892,4.837523053209711,3.96903135778267,5.261821733197176
3693_20221002_0815,02-10-2022_08h15_HIVE-3693.wav,3693,1.0,LOW,408,816.0,818.0,-446.2153425162324,144.57872347347478,125.21471905546731,23.973717523469418,26.52018657093931,6.647772521691293,14.862010048731356,6.300711770650434,-21.614820842019977,8.944485329425703,17.133174937184236,6.265315493282397,10.382144444767132,5.159341652307411,16.981377629277667,6.429299911706686,-26.282280809833015,7.873436929298465,1.3947441797157032,5.044145373998157,0.26588333176060713,4.790524869191143,8.243937636765358,4.438052191886481,3.3531359389197974,4.26632766573368
3693_20221002_0815,02-10-2022_08h15_HIVE-3693.wav,3693,1.0,LOW,409,818.0,820.0,-440.58160751472127,148.5809555307086,121.49921176097129,22.714788185524387,24.812645013460934,6.767413946966401,20.48964341460899,7.947306219191044,-26.362238516639064,9.45892208939845,17.600028021162714,6.836049582774329,10.37852805337812,5.256375432751713,15.401499291290834,5.787057418946693,-25.73894933702292,7.795954685033237,2.620670817452095,5.5060578124130215,-1.5759477085283093,4.828060117236737,9.00090299476851,5.28517704000047,3.217931365482884,4.70445367653379
3693_20221002_0815,02-10-2022_08h15_HIVE-3693.wav,3693,1.0,LOW,410,820.0,822.0,-439.56850437316467,143.51667576641415,119.6711123666693,23.799142389745498,24.074588294976188,6.845764077398156,19.02416737785429,8.064077598322028,-23.790144363225764,8.264944345425182,14.485272548604582,5.803978396267228,11.06629538025537,5.301329919521495,16.929604218250976,6.941392990231418,-26.38701008738492,8.053193799969698,1.5235002946383822,5.835320423117277,-1.1897060987019075,5.0130562401312435,6.778746099686839,5.478034027688918,5.0465681658778525,4.668368485751078
3693_20221002_0815,02-10-2022_08h15_HIVE-3693.wav,3693,1.0,LOW,411,822.0,824.0,-445.01074248907867,143.60211708192918,123.15571375434746,24.093989381384638,23.774762219780644,7.440825017744434,15.823760896903762,5.894513870559335,-24.63527813744373,9.18768282860453,14.98284038823065,5.267399362558803,10.146331461929162,4.312576237549254,16.727252709845327,7.280810293993436,-26.73357293085043,7.092583473603364,0.7888727992070049,5.694935917782522,-0.3152073634320266,4.100631789662889,6.491943343112243,4.402036982581812,4.21319278708763,4.160472271103975
3693_20221002_0815,02-10-2022_08h15_HIVE-3693.wav,3693,1.0,LOW,412,824.0,826.0,-446.88344829125026,147.43382599875272,123.64324727030628,22.72889869717621,24.902615405619045,6.629062977142774,18.685849159617106,7.157238467568675,-22.73536467383832,9.204803116755109,16.373037529204804,5.288981697892604,9.310691919044789,5.412311189199631,18.04321987444488,6.729898266022164,-25.084079167721725,8.682243174511408,0.3083635098249645,4.297595526227875,-0.7323492121900816,5.257315508136385,6.861695205859157,4.528596506433025,2.972593786315663,4.234599627265416
3693_20221002_0815,02-10-2022_08h15_HIVE-3693.wav,3693,1.0,LOW,413,826.0,828.0,-436.2280546715217,136.83228249002383,121.77671300670438,26.770545897629876,24.326601374771855,7.867176640316684,18.67894824430446,7.518918773282353,-21.746947391311696,9.322826239634177,14.978042972820125,5.9550138847868705,10.671884537723047,5.756831158752425,17.19092483052702,6.830045751163177,-21.751997307095504,8.022461139406543,-0.6580750491360402,5.115323367402751,0.8769464086096567,4.536889489215824,8.20203049480133,4.486903823886962,3.969611598499505,4.395155284653111
3693_20221002_0815,02-10-2022_08h15_HIVE-3693.wav,3693,1.0,LOW,414,828.0,830.0,-438.6266900528468,132.59017924486182,119.18669277187472,27.694355359693425,28.715346195360723,7.259317358609206,17.64889673854581,8.445008039526058,-21.336670919351672,9.108098544578775,15.436026775314803,5.774507668679916,12.654418868465575,6.23856883550035,16.746381324511336,7.859244780614772,-23.989782127400314,7.9958267943658345,1.1938829152106716,5.018496718271784,1.0782841696418841,5.06109304734513,7.127029739610825,5.2524964798429,5.766371196876656,4.419453584912796
3693_20221002_0815,02-10-2022_08h15_HIVE-3693.wav,3693,1.0,LOW,415,830.0,832.0,-440.9699475089577,130.75184846500662,122.12268339503197,28.96591797545728,29.159554331415443,7.289469914525702,16.83893195480917,6.454457492749467,-20.63230387736532,9.867477435017957,15.110475525418586,5.824276672005126,11.338464007341662,5.442417504522671,15.420242050806857,6.313432758781254,-22.76887575883198,8.079915234612152,0.33088439682835014,5.939868685058787,1.9933748785814867,4.185818906999681,8.383851688516197,4.511413231808035,4.7689393816421495,5.197154063073714
3693_20221002_0815,02-10-2022_08h15_HIVE-3693.wav,3693,1.0,LOW,416,832.0,834.0,-443.34328573676004,142.5636417278744,122.77921541971193,24.30269531444473,24.85810227478736,6.987756472649714,16.046376716691988,6.617352125389409,-22.827404220981958,8.543359404518661,15.683339372720848,6.023902776795971,11.150390205860429,6.166742990823824,16.334373757984668,6.6296853614249835,-25.69841024796757,8.20547948286038,-0.23044679513749852,4.972840888607877,-0.7199786114187487,3.9797502717451225,7.676290662022598,5.287697463012542,3.904286653280494,4.700350180676193
3693_20221002_0815,02-10-2022_08h15_HIVE-3693.wav,3693,1.0,LOW,417,834.0,836.0,-442.6869682090621,145.47799862621713,122.05617771802848,23.092979850902367,25.00938858097784,5.712515257401998,17.712635285605906,7.652772312415477,-24.065878905504672,8.841668716097793,16.792672881929324,6.40799511496342,11.658027763578474,5.914023944607137,16.261559384751898,6.711444860889033,-25.48310656403813,8.031194145521502,2.0116735511878985,4.946268830135871,-0.5820098744756818,4.306242197471282,7.856597787387063,5.48620989550629,4.8817661857467245,5.0698416109329285
3693_20221002_0815,02-10-2022_08h15_HIVE-3693.wav,3693,1.0,LOW,418,836.0,838.0,-435.78391976087147,144.9299152906636,119.78416966235554,25.03554243372155,25.578150916845406,6.593169647776066,19.017907043489714,9.339521944828796,-24.532481574996872,9.996309760972478,15.777527476642492,6.229058280356817,11.56871923628896,5.474954734069741,14.922733273335995,6.895594534542878,-27.062361023266828,9.025125895188577,2.6009930364027545,6.434782134311238,0.33655601453116285,4.120180098499214,6.99826904925774,5.107734230214684,4.95354998369508,4.864022573154784
3693_20221002_0815,02-10-2022_08h15_HIVE-3693.wav,3693,1.0,LOW,419,838.0,840.0,-427.4948855219327,147.43473649011844,121.4952670801075,24.814643584534714,24.383721581396138,7.9394719741667235,19.338163520525626,8.623574610633902,-26.56980907932931,11.599425296938424,13.648060988263483,6.636905394051259,13.228884346506819,5.608365120241445,17.437074451995084,9.202363352695844,-23.751863698608304,8.281919331434793,3.652850604587765,5.8024711365605715,-0.5950443049339278,5.177231468766087,7.364818915086146,5.635292389733288,3.8704027541784827,6.207627678353739
3693_20221002_0815,02-10-2022_08h15_HIVE-3693.wav,3693,1.0,LOW,420,840.0,842.0,-430.02948728305205,137.3143592761866,115.66337716039207,25.405844503414613,26.086543722868043,7.384389575860913,23.311716389774908,11.804999656142206,-26.482656800750057,11.986139661812603,15.35152092652076,5.499835226405592,14.982332868201212,6.630291526160274,13.578763931251013,6.227862900773873,-23.095808268347405,7.82269171191097,3.7960515490272244,5.029239540783278,-0.11483404704017997,5.932982158980232,9.198372146373346,5.011244908264306,5.872219387175886,3.495166476352164
3693_20221002_0815,02-10-2022_08h15_HIVE-3693.wav,3693,1.0,LOW,421,842.0,844.0,-430.839736546992,142.08060715458006,117.60408691644417,25.629157722220015,25.789548423271757,7.589195982468325,22.565454173770732,10.101140602001932,-26.885562649464617,10.564043439368106,15.103466611652975,5.707886817663339,13.375691609660183,6.018650613579427,14.886197600366136,6.656417293266081,-25.75571661791949,8.1412508988626,4.993158263962112,5.797686666335312,-1.6819754749980977,5.328238167738139,8.616368296440308,5.097012371747667,6.60200839999611,4.6744641669340306
3693_20221002_0815,02-10-2022_08h15_HIVE-3693.wav,3693,1.0,LOW,422,844.0,846.0,-433.89566753285186,149.88421986986495,118.9888344056356,23.073319653618448,25.75464833992118,7.651700504469941,22.36722352184168,10.636905711973823,-29.46447505202768,11.097366647338314,15.703790516924997,5.284313039010065,13.554213414101405,6.762574791455159,12.496473831029297,7.317785295753224,-27.2638325963987,7.670295575306303,4.164789740236973,5.627646772071017,-1.9410796257386869,5.647797423527872,9.131395411722643,4.793414350633612,4.2305553150950885,4.654277015357958
3693_20221002_0815,02-10-2022_08h15_HIVE-3693.wav,3693,1.0,LOW,423,846.0,848.0,-435.3099032257632,141.33858002590722,120.37615208946785,25.100719274197374,26.30047019797347,6.498559648777056,20.73937404308955,9.850329558072346,-26.811537385277948,11.296538889228541,15.463758594749216,6.467511878024364,14.435064086081619,5.5780458969592495,12.212681103371628,7.321613371314058,-25.71298305913336,8.365294846674425,2.5483628623712864,4.79827767013153,-1.4054313786469912,4.567558873509025,9.1460789549577,4.871717196474521,4.06595994038551,4.433479217401112
3693_20221002_0815,02-10-2022_08h15_HIVE-3693.wav,3693,1.0,LOW,424,848.0,850.0,-433.1987535444376,139.30511196894136,118.78918484949065,25.903092928718635,24.718438727666346,6.357105073542995,19.314969654747532,8.29653037225834,-22.87118245304598,10.178767264977132,15.169546397065922,5.642235780759823,14.90991810492657,7.0937467735328665,16.123565390072965,6.5191269979150235,-23.432805297088446,8.703820265390931,4.01797015342524,5.58368005352309,-0.22562066975520392,4.290397816013098,6.8562654430103525,4.286424432845323,6.242298961416579,3.978217529746205
3693_20221002_0815,02-10-2022_08h15_HIVE-3693.wav,3693,1.0,LOW,425,850.0,852.0,-429.2901290356313,140.4234460845297,112.62646283674255,24.638088458387266,23.26842118471561,6.587990155800115,24.416945554588377,10.055573268393788,-29.376866597603044,11.121648244355056,14.974436164772484,6.230028372770784,15.296092987997197,8.25476357238835,13.6708289983051,6.972126363735673,-22.732078269994265,8.038834733802675,2.990632959081467,5.0023898680599945,0.8075042000517296,4.743662100626634,8.207627135233698,5.112537772854216,6.505318681121194,4.845607154919693
3693_20221002_0815,02-10-2022_08h15_HIVE-3693.wav,3693,1.0,LOW,426,852.0,854.0,-429.7262141744488,143.91450074303674,113.21048752555781,23.194140176888464,20.45250673802558,7.445064038969836,26.858822112673884,9.59732513422893,-31.174704698712794,10.41536865557958,12.54206394501164,6.772056740877776,17.40740436405444,8.314948736357351,12.175907766346194,6.20031159187219,-25.549987688573875,7.44032322143746,5.56418351068829,5.14054566458347,-2.1849640047766496,5.555128688024561,8.318272127044901,5.6236586455176125,5.81258238028201,5.710153303706323
3693_20221002_0815,02-10-2022_08h15_HIVE-3693.wav,3693,1.0,LOW,427,854.0,856.0,-423.5185246322065,148.7384953196794,113.70084784911131,25.92279629041117,20.563021569395907,7.046111016350575,26.193103674489358,9.451775594402124,-26.14392540962115,9.987138842573263,11.262116980028722,5.8689754308839674,10.850810175392692,7.008445545443516,14.232410492564396,7.735487738974867,-25.59971258916787,7.41817498344784,2.59838849104817,4.792539239447126,-0.32474930784417644,4.706892597328328,6.928190115950641,5.866766010222977,5.619741098433237,5.055526325599462
3693_20221002_0815,02-10-2022_08h15_HIVE-3693.wav,3693,1.0,LOW,428,856.0,858.0,-437.0565302837955,144.36728490287905,117.84851478386298,23.56920711002923,25.352355897874325,7.28742434876767,22.78387094367756,8.491650014650627,-27.226899843049466,10.733613644990555,16.982632815481153,5.714556627105607,14.394486298875744,6.896245153053318,14.012650277488058,6.037709823399783,-23.482623027541102,7.768980480337718,3.7948184434824865,5.719131896380027,-0.2314379583734229,5.392351429489127,10.204159446191051,4.806987222936748,4.475159433356681,4.806425283945403
3693_20221002_0815,02-10-2022_08h15_HIVE-3693.wav,3693,1.0,LOW,429,858.0,860.0,-437.9091705510548,143.28871466044106,116.34133700441173,24.5312226369924,22.66420720427977,6.5915418317098,21.59472583726842,10.580547525892678,-26.931754507784,10.189882863678868,15.877086263395524,5.938369238678979,13.825125736445235,7.173101589918434,16.050292673620245,6.0765687143581255,-22.32313240025414,7.935209514577491,1.8763021651381935,5.38009607344073,-1.374463635971499,5.293618002341762,9.404993628645443,4.155934249279098,4.676989266499927,4.821036691143074
3693_20221002_0815,02-10-2022_08h15_HIVE-3693.wav,3693,1.0,LOW,430,860.0,862.0,-435.76418524701836,136.19447155762842,118.4507943386321,26.833223159699582,25.84360661171678,7.321700474311556,18.501976536265595,8.058909381958133,-24.590743301707008,10.725984816831165,15.060904272220986,5.561009779912955,15.041156118574584,7.5258565017372545,14.93570970699442,7.582154787475848,-23.964852932555445,8.375584892555347,2.548107134117551,4.873787816236896,-0.6664808092050291,4.281233360703003,8.958077574978853,4.537040755314165,4.5837519081057785,4.857917342723097
3693_20221002_0815,02-10-2022_08h15_HIVE-3693.wav,3693,1.0,LOW,431,862.0,864.0,-438.6108412667835,142.22146926110602,116.29356053638755,25.10853796846266,23.815299424797324,6.172734208042211,23.560132261825103,10.92811448540154,-27.12218047685794,10.269067081579255,16.159514793036468,6.402662503446214,17.44063827590459,6.8747136882711475,14.705813694272491,7.059070803807656,-24.637524832061107,7.858906923837968,4.759126971344938,4.832386965256678,-0.46688679469832595,4.56419940888033,8.313257791096142,4.467953470588602,4.448863843770384,4.489557891330325
3693_20221002_0815,02-10-2022_08h15_HIVE-3693.wav,3693,1.0,LOW,432,864.0,866.0,-427.0218832213125,133.44082513934478,112.90146974684279,28.569770861894487,26.666843407301897,8.188036980879128,20.534800531410195,9.297702107517724,-22.374703612384746,10.37031664841207,17.279515268013487,7.116056911797533,15.52288753381671,6.813411193909055,16.071842408373445,7.5755427575781,-23.434490235277842,8.430912578543987,4.0549177279085376,6.4473356443284855,1.364331002872283,4.68881008959072,8.2444530170006,4.825668503218,8.616679107816461,4.812950601704495
3693_20221002_0815,02-10-2022_08h15_HIVE-3693.wav,3693,1.0,LOW,433,866.0,868.0,-438.49843494678197,142.75350819335682,116.22289654107288,24.608788446484983,23.03403783909825,6.398093958103816,20.780245311927402,11.73810793541268,-27.475185482668756,10.447393465322483,17.26051354750431,6.350248264789591,13.31740097318894,6.304058182192229,16.087165166969946,6.8482561629162655,-25.87946432455071,8.07920905969117,2.8040685625381294,5.956167062486526,0.011222562514613663,3.513250766002781,6.357922390720426,4.152781739245732,5.900817965452898,4.684037757371619
3693_20221002_0815,02-10-2022_08h15_HIVE-3693.wav,3693,1.0,LOW,434,868.0,870.0,-442.95083449692066,148.65872248135494,121.21316457690396,22.997043783183326,23.418948106111937,7.074162904372933,19.230839987498737,8.671812935321373,-25.378145788061513,9.689514603365007,18.602050081102753,6.096990415423027,13.394981817960304,5.377726233061214,17.640779444361762,5.914296116909132,-26.382395801035802,7.9821965052521175,4.459926841213108,6.3188381704052965,-0.31173102121297047,4.50542367868409,6.113876564840308,4.3905271780435235,5.759977265873082,5.087137199923665
3693_20221002_0815,02-10-2022_08h15_HIVE-3693.wav,3693,1.0,LOW,435,870.0,872.0,-438.14221789295976,146.09161771365254,113.039500248989,23.907122612514016,24.340791954263512,6.539398724846315,22.94120530323913,10.983576030165118,-29.008106838554664,11.072898759418818,16.64915318615448,5.816192040900776,15.25771610958723,5.898154411502416,15.421174793843841,5.150862118221552,-25.313207117553034,8.046435932570065,3.977359673276814,5.125132528755876,-0.5505114908636338,4.653324614257266,7.043483883875305,5.217122847934146,6.472899694794285,5.0860971317701
3693_20221002_0815,02-10-2022_08h15_HIVE-3693.wav,3693,1.0,LOW,436,872.0,874.0,-446.766709928144,137.01906808668113,120.4154676386956,26.18456460107334,26.837789070206522,6.723719711427178,16.818195577796562,6.8860377363488565,-21.509462389089602,8.865379486046331,16.60475387876461,6.383365065001425,12.51939268359264,5.947564754034646,17.865634687910397,7.383972168459115,-24.180778240607616,8.197295570985652,3.3232595131983973,6.234318921313678,1.8956318063762787,4.024424882574068,8.012734485975074,5.13949665479147,6.363650273967804,5.112093960301099
3693_20221002_0815,02-10-2022_08h15_HIVE-3693.wav,3693,1.0,LOW,437,874.0,876.0,-445.2736769592412,130.91324868023545,123.3188656901049,29.446213690582237,28.020219549831534,8.251375197433914,15.848478032532439,5.773447137751936,-20.146973739960828,9.30566294599265,16.10932305272022,6.404850080281999,11.521120362449661,5.336292409814292,17.46773091480096,6.6632077447965345,-21.767237194676326,8.329928542402728,0.8481277625846041,4.939588628371142,3.8834891080439533,4.891980984610067,8.415633129241744,4.489443090093526,6.00010254504114,4.698691370903796
3693_20221002_0815,02-10-2022_08h15_HIVE-3693.wav,3693,1.0,LOW,438,876.0,878.0,-446.43829006142363,141.82863041428553,123.0525946209998,24.983909661208198,27.659167298499835,7.683680260853891,17.52910077265054,7.228367621014003,-22.607671929322866,9.106795167964108,16.023356712300206,6.224212749195528,9.991680652031205,5.509418473644115,20.676511868239835,7.247965737010875,-25.85109048823465,8.208364385886428,2.9751197954515223,4.668984117137123,2.8082790786803167,5.270326827555451,9.688545460659741,4.519079551912658,7.4191399390757935,4.111246360242882
3693_20221002_0815,02-10-2022_08h15_HIVE-3693.wav,3693,1.0,LOW,439,878.0,880.0,-451.1217052501957,141.42516081799056,124.70110361482574,26.37323416542881,26.070746547707827,6.8074580323279825,16.835383831439437,6.3161830699346,-24.403244190776913,8.83338317529354,16.829296017119894,6.6551612246439875,10.33284453106093,5.726726704420608,18.886379277300453,7.021625332875168,-24.590044403102187,8.280637800280157,0.20450144061346529,5.051956521405847,0.7747727068085508,3.7781354885369596,6.739290642452524,3.815941781809186,6.062474115178771,4.149984529545772
